timestamp_utc,raw_speed_kms,status,filled_speed_kms,was_missing,in_evaluation_period
2025-08-01T00:00:00Z,452.7,0,452.7,0,0
2025-08-01T01:00:00Z,456.5,0,456.5,0,0
2025-08-01T02:00:00Z,446.1,0,446.1,0,0
2025-08-01T03:00:00Z,446.0,0,446.0,0,0
2025-08-01T04:00:00Z,448.8,0,448.8,0,0
2025-08-01T05:00:00Z,450.9,0,450.9,0,0
2025-08-01T06:00:00Z,464.8,0,464.8,0,0
2025-08-01T07:00:00Z,458.2,0,458.2,0,0
2025-08-01T08:00:00Z,464.3,1,464.3,0,0
2025-08-01T09:00:00Z,-9999.9,9,464.3,1,0
2025-08-01T10:00:00Z,-9999.9,9,464.3,1,0
2025-08-01T11:00:00Z,508.9,0,508.9,0,0
2025-08-01T12:00:00Z,492.1,0,492.1,0,0
2025-08-01T13:00:00Z,499.0,1,499.0,0,0
2025-08-01T14:00:00Z,499.5,0,499.5,0,0
2025-08-01T15:00:00Z,-9999.9,9,499.5,1,0
2025-08-01T16:00:00Z,489.3,1,489.3,0,0
2025-08-01T17:00:00Z,473.6,0,473.6,0,0
2025-08-01T18:00:00Z,-9999.9,3,473.6,1,0
2025-08-01T19:00:00Z,493.0,0,493.0,0,0
2025-08-01T20:00:00Z,489.8,0,489.8,0,0
2025-08-01T21:00:00Z,-9999.9,9,489.8,1,0
2025-08-01T22:00:00Z,480.7,1,480.7,0,0
2025-08-01T23:00:00Z,493.9,0,493.9,0,0
2025-08-02T00:00:00Z,485.1,0,485.1,0,0
2025-08-02T01:00:00Z,486.9,0,486.9,0,0
2025-08-02T02:00:00Z,478.3,0,478.3,0,0
2025-08-02T03:00:00Z,479.2,1,479.2,0,0
2025-08-02T04:00:00Z,503.2,1,503.2,0,0
2025-08-02T05:00:00Z,491.2,1,491.2,0,0
2025-08-02T06:00:00Z,488.9,1,488.9,0,0
2025-08-02T07:00:00Z,484.5,0,484.5,0,0
2025-08-02T08:00:00Z,462.7,0,462.7,0,0
2025-08-02T09:00:00Z,-9999.9,9,462.7,1,0
2025-08-02T10:00:00Z,478.8,0,478.8,0,0
2025-08-02T11:00:00Z,479.1,0,479.1,0,0
2025-08-02T12:00:00Z,475.6,0,475.6,0,0
2025-08-02T13:00:00Z,471.4,1,471.4,0,0
2025-08-02T14:00:00Z,466.5,1,466.5,0,0
2025-08-02T15:00:00Z,-9999.9,9,466.5,1,0
2025-08-02T16:00:00Z,468.2,1,468.2,0,0
2025-08-02T17:00:00Z,483.1,0,483.1,0,0
2025-08-02T18:00:00Z,477.5,0,477.5,0,0
2025-08-02T19:00:00Z,472.2,0,472.2,0,0
2025-08-02T20:00:00Z,468.6,0,468.6,0,0
2025-08-02T21:00:00Z,-9999.9,9,468.6,1,0
2025-08-02T22:00:00Z,456.5,0,456.5,0,0
2025-08-02T23:00:00Z,468.1,0,468.1,0,0
2025-08-03T00:00:00Z,464.0,0,464.0,0,0
2025-08-03T01:00:00Z,445.5,0,445.5,0,0
2025-08-03T02:00:00Z,439.5,1,439.5,0,0
2025-08-03T03:00:00Z,434.9,0,434.9,0,0
2025-08-03T04:00:00Z,428.4,1,428.4,0,0
2025-08-03T05:00:00Z,437.3,1,437.3,0,0
2025-08-03T06:00:00Z,422.3,1,422.3,0,0
2025-08-03T07:00:00Z,427.2,0,427.2,0,0
2025-08-03T08:00:00Z,430.4,0,430.4,0,0
2025-08-03T09:00:00Z,-9999.9,9,430.4,1,0
2025-08-03T10:00:00Z,-9999.9,9,430.4,1,0
2025-08-03T11:00:00Z,445.2,1,445.2,0,0
2025-08-03T12:00:00Z,421.4,0,421.4,0,0
2025-08-03T13:00:00Z,414.8,0,414.8,0,0
2025-08-03T14:00:00Z,431.7,0,431.7,0,0
2025-08-03T15:00:00Z,-9999.9,9,431.7,1,0
2025-08-03T16:00:00Z,421.3,0,421.3,0,0
2025-08-03T17:00:00Z,424.3,0,424.3,0,0
2025-08-03T18:00:00Z,463.7,0,463.7,0,0
2025-08-03T19:00:00Z,500.5,1,500.5,0,0
2025-08-03T20:00:00Z,511.6,0,511.6,0,0
2025-08-03T21:00:00Z,-9999.9,9,511.6,1,0
2025-08-03T22:00:00Z,491.7,0,491.7,0,0
2025-08-03T23:00:00Z,482.1,1,482.1,0,0
2025-08-04T00:00:00Z,478.1,0,478.1,0,0
2025-08-04T01:00:00Z,489.5,0,489.5,0,0
2025-08-04T02:00:00Z,488.7,1,488.7,0,0
2025-08-04T03:00:00Z,498.3,1,498.3,0,0
2025-08-04T04:00:00Z,490.0,0,490.0,0,0
2025-08-04T05:00:00Z,488.9,0,488.9,0,0
2025-08-04T06:00:00Z,512.6,1,512.6,0,0
2025-08-04T07:00:00Z,502.8,0,502.8,0,0
2025-08-04T08:00:00Z,482.6,0,482.6,0,0
2025-08-04T09:00:00Z,472.9,0,472.9,0,0
2025-08-04T10:00:00Z,471.8,0,471.8,0,0
2025-08-04T11:00:00Z,463.4,0,463.4,0,0
2025-08-04T12:00:00Z,468.7,0,468.7,0,0
2025-08-04T13:00:00Z,468.1,1,468.1,0,0
2025-08-04T14:00:00Z,470.0,1,470.0,0,0
2025-08-04T15:00:00Z,-9999.9,9,470.0,1,0
2025-08-04T16:00:00Z,-9999.9,3,470.0,1,0
2025-08-04T17:00:00Z,435.9,1,435.9,0,0
2025-08-04T18:00:00Z,465.3,0,465.3,0,0
2025-08-04T19:00:00Z,460.2,0,460.2,0,0
2025-08-04T20:00:00Z,455.9,0,455.9,0,0
2025-08-04T21:00:00Z,-9999.9,9,455.9,1,0
2025-08-04T22:00:00Z,459.2,0,459.2,0,0
2025-08-04T23:00:00Z,458.2,0,458.2,0,0
2025-08-05T00:00:00Z,438.0,1,438.0,0,0
2025-08-05T01:00:00Z,451.3,0,451.3,0,0
2025-08-05T02:00:00Z,443.4,0,443.4,0,0
2025-08-05T03:00:00Z,426.7,0,426.7,0,0
2025-08-05T04:00:00Z,440.0,0,440.0,0,0
2025-08-05T05:00:00Z,431.9,6,431.9,0,0
2025-08-05T06:00:00Z,450.7,1,450.7,0,0
2025-08-05T07:00:00Z,439.1,1,439.1,0,0
2025-08-05T08:00:00Z,446.4,0,446.4,0,0
2025-08-05T09:00:00Z,441.4,0,441.4,0,0
2025-08-05T10:00:00Z,433.1,0,433.1,0,0
2025-08-05T11:00:00Z,441.3,1,441.3,0,0
2025-08-05T12:00:00Z,438.7,0,438.7,0,0
2025-08-05T13:00:00Z,439.8,1,439.8,0,0
2025-08-05T14:00:00Z,442.0,0,442.0,0,0
2025-08-05T15:00:00Z,-9999.9,9,442.0,1,0
2025-08-05T16:00:00Z,439.1,0,439.1,0,0
2025-08-05T17:00:00Z,458.2,0,458.2,0,0
2025-08-05T18:00:00Z,440.9,0,440.9,0,0
2025-08-05T19:00:00Z,423.8,0,423.8,0,0
2025-08-05T20:00:00Z,413.3,0,413.3,0,0
2025-08-05T21:00:00Z,-9999.9,9,413.3,1,0
2025-08-05T22:00:00Z,402.8,0,402.8,0,0
2025-08-05T23:00:00Z,406.1,0,406.1,0,0
2025-08-06T00:00:00Z,412.3,0,412.3,0,0
2025-08-06T01:00:00Z,414.4,0,414.4,0,0
2025-08-06T02:00:00Z,408.4,0,408.4,0,0
2025-08-06T03:00:00Z,411.5,0,411.5,0,0
2025-08-06T04:00:00Z,396.9,1,396.9,0,0
2025-08-06T05:00:00Z,420.4,0,420.4,0,0
2025-08-06T06:00:00Z,399.1,0,399.1,0,0
2025-08-06T07:00:00Z,406.2,0,406.2,0,0
2025-08-06T08:00:00Z,400.6,0,400.6,0,0
2025-08-06T09:00:00Z,382.2,0,382.2,0,0
2025-08-06T10:00:00Z,384.4,0,384.4,0,0
2025-08-06T11:00:00Z,385.0,0,385.0,0,0
2025-08-06T12:00:00Z,395.2,0,395.2,0,0
2025-08-06T13:00:00Z,399.6,0,399.6,0,0
2025-08-06T14:00:00Z,382.8,0,382.8,0,0
2025-08-06T15:00:00Z,-9999.9,9,382.8,1,0
2025-08-06T16:00:00Z,373.3,0,373.3,0,0
2025-08-06T17:00:00Z,378.4,0,378.4,0,0
2025-08-06T18:00:00Z,381.6,0,381.6,0,0
2025-08-06T19:00:00Z,388.3,0,388.3,0,0
2025-08-06T20:00:00Z,-9999.9,3,388.3,1,0
2025-08-06T21:00:00Z,-9999.9,9,388.3,1,0
2025-08-06T22:00:00Z,379.3,1,379.3,0,0
2025-08-06T23:00:00Z,379.9,0,379.9,0,0
2025-08-07T00:00:00Z,377.1,0,377.1,0,0
2025-08-07T01:00:00Z,377.9,0,377.9,0,0
2025-08-07T02:00:00Z,377.5,0,377.5,0,0
2025-08-07T03:00:00Z,375.3,0,375.3,0,0
2025-08-07T04:00:00Z,374.7,0,374.7,0,0
2025-08-07T05:00:00Z,375.7,1,375.7,0,0
2025-08-07T06:00:00Z,376.1,1,376.1,0,0
2025-08-07T07:00:00Z,372.9,0,372.9,0,0
2025-08-07T08:00:00Z,367.2,0,367.2,0,0
2025-08-07T09:00:00Z,369.2,0,369.2,0,0
2025-08-07T10:00:00Z,372.1,0,372.1,0,0
2025-08-07T11:00:00Z,378.4,0,378.4,0,0
2025-08-07T12:00:00Z,375.4,0,375.4,0,0
2025-08-07T13:00:00Z,372.4,0,372.4,0,0
2025-08-07T14:00:00Z,366.7,0,366.7,0,0
2025-08-07T15:00:00Z,-9999.9,9,366.7,1,0
2025-08-07T16:00:00Z,361.8,0,361.8,0,0
2025-08-07T17:00:00Z,347.2,0,347.2,0,0
2025-08-07T18:00:00Z,346.8,0,346.8,0,0
2025-08-07T19:00:00Z,355.5,0,355.5,0,0
2025-08-07T20:00:00Z,342.1,0,342.1,0,0
2025-08-07T21:00:00Z,-9999.9,9,342.1,1,0
2025-08-07T22:00:00Z,335.9,0,335.9,0,0
2025-08-07T23:00:00Z,335.0,0,335.0,0,0
2025-08-08T00:00:00Z,336.9,0,336.9,0,0
2025-08-08T01:00:00Z,335.0,0,335.0,0,0
2025-08-08T02:00:00Z,337.6,0,337.6,0,0
2025-08-08T03:00:00Z,-9999.9,9,337.6,1,0
2025-08-08T04:00:00Z,338.9,0,338.9,0,0
2025-08-08T05:00:00Z,335.7,0,335.7,0,0
2025-08-08T06:00:00Z,340.5,0,340.5,0,0
2025-08-08T07:00:00Z,345.1,0,345.1,0,0
2025-08-08T08:00:00Z,348.8,0,348.8,0,0
2025-08-08T09:00:00Z,-9999.9,9,348.8,1,0
2025-08-08T10:00:00Z,352.0,0,352.0,0,0
2025-08-08T11:00:00Z,356.6,0,356.6,0,0
2025-08-08T12:00:00Z,377.2,1,377.2,0,0
2025-08-08T13:00:00Z,410.9,0,410.9,0,0
2025-08-08T14:00:00Z,410.5,0,410.5,0,0
2025-08-08T15:00:00Z,-9999.9,9,410.5,1,0
2025-08-08T16:00:00Z,421.6,0,421.6,0,0
2025-08-08T17:00:00Z,440.0,0,440.0,0,0
2025-08-08T18:00:00Z,449.0,0,449.0,0,0
2025-08-08T19:00:00Z,471.3,0,471.3,0,0
2025-08-08T20:00:00Z,477.8,0,477.8,0,0
2025-08-08T21:00:00Z,-9999.9,9,477.8,1,0
2025-08-08T22:00:00Z,534.5,0,534.5,0,0
2025-08-08T23:00:00Z,513.5,0,513.5,0,0
2025-08-09T00:00:00Z,455.9,0,455.9,0,0
2025-08-09T01:00:00Z,460.1,0,460.1,0,0
2025-08-09T02:00:00Z,450.8,0,450.8,0,0
2025-08-09T03:00:00Z,-9999.9,9,450.8,1,0
2025-08-09T04:00:00Z,466.6,0,466.6,0,0
2025-08-09T05:00:00Z,477.7,1,477.7,0,0
2025-08-09T06:00:00Z,486.5,0,486.5,0,0
2025-08-09T07:00:00Z,465.2,0,465.2,0,0
2025-08-09T08:00:00Z,464.5,0,464.5,0,0
2025-08-09T09:00:00Z,-9999.9,9,464.5,1,0
2025-08-09T10:00:00Z,457.1,0,457.1,0,0
2025-08-09T11:00:00Z,454.3,1,454.3,0,0
2025-08-09T12:00:00Z,456.4,0,456.4,0,0
2025-08-09T13:00:00Z,458.4,0,458.4,0,0
2025-08-09T14:00:00Z,457.2,0,457.2,0,0
2025-08-09T15:00:00Z,467.5,1,467.5,0,0
2025-08-09T16:00:00Z,487.9,0,487.9,0,0
2025-08-09T17:00:00Z,503.0,0,503.0,0,0
2025-08-09T18:00:00Z,538.0,0,538.0,0,0
2025-08-09T19:00:00Z,554.6,0,554.6,0,0
2025-08-09T20:00:00Z,580.6,0,580.6,0,0
2025-08-09T21:00:00Z,-9999.9,9,580.6,1,0
2025-08-09T22:00:00Z,573.5,0,573.5,0,0
2025-08-09T23:00:00Z,572.8,0,572.8,0,0
2025-08-10T00:00:00Z,561.9,0,561.9,0,0
2025-08-10T01:00:00Z,568.9,0,568.9,0,0
2025-08-10T02:00:00Z,569.0,0,569.0,0,0
2025-08-10T03:00:00Z,-9999.9,9,569.0,1,0
2025-08-10T04:00:00Z,571.1,1,571.1,0,0
2025-08-10T05:00:00Z,564.1,0,564.1,0,0
2025-08-10T06:00:00Z,577.2,0,577.2,0,0
2025-08-10T07:00:00Z,570.3,0,570.3,0,0
2025-08-10T08:00:00Z,552.4,1,552.4,0,0
2025-08-10T09:00:00Z,-9999.9,9,552.4,1,0
2025-08-10T10:00:00Z,564.8,0,564.8,0,0
2025-08-10T11:00:00Z,558.8,0,558.8,0,0
2025-08-10T12:00:00Z,562.3,0,562.3,0,0
2025-08-10T13:00:00Z,549.2,1,549.2,0,0
2025-08-10T14:00:00Z,553.3,0,553.3,0,0
2025-08-10T15:00:00Z,-9999.9,9,553.3,1,0
2025-08-10T16:00:00Z,544.9,1,544.9,0,0
2025-08-10T17:00:00Z,543.6,0,543.6,0,0
2025-08-10T18:00:00Z,538.8,1,538.8,0,0
2025-08-10T19:00:00Z,530.9,1,530.9,0,0
2025-08-10T20:00:00Z,533.4,0,533.4,0,0
2025-08-10T21:00:00Z,-9999.9,9,533.4,1,0
2025-08-10T22:00:00Z,529.5,0,529.5,0,0
2025-08-10T23:00:00Z,527.7,0,527.7,0,0
2025-08-11T00:00:00Z,530.4,1,530.4,0,0
2025-08-11T01:00:00Z,541.7,0,541.7,0,0
2025-08-11T02:00:00Z,540.4,0,540.4,0,0
2025-08-11T03:00:00Z,538.3,0,538.3,0,0
2025-08-11T04:00:00Z,528.8,1,528.8,0,0
2025-08-11T05:00:00Z,518.8,0,518.8,0,0
2025-08-11T06:00:00Z,540.7,0,540.7,0,0
2025-08-11T07:00:00Z,519.8,0,519.8,0,0
2025-08-11T08:00:00Z,517.7,0,517.7,0,0
2025-08-11T09:00:00Z,-9999.9,9,517.7,1,0
2025-08-11T10:00:00Z,515.1,0,515.1,0,0
2025-08-11T11:00:00Z,508.2,1,508.2,0,0
2025-08-11T12:00:00Z,508.8,0,508.8,0,0
2025-08-11T13:00:00Z,506.4,0,506.4,0,0
2025-08-11T14:00:00Z,513.1,0,513.1,0,0
2025-08-11T15:00:00Z,-9999.9,9,513.1,1,0
2025-08-11T16:00:00Z,506.2,0,506.2,0,0
2025-08-11T17:00:00Z,498.9,1,498.9,0,0
2025-08-11T18:00:00Z,508.1,0,508.1,0,0
2025-08-11T19:00:00Z,506.7,0,506.7,0,0
2025-08-11T20:00:00Z,516.5,0,516.5,0,0
2025-08-11T21:00:00Z,-9999.9,9,516.5,1,0
2025-08-11T22:00:00Z,522.8,0,522.8,0,0
2025-08-11T23:00:00Z,518.3,0,518.3,0,0
2025-08-12T00:00:00Z,523.6,0,523.6,0,0
2025-08-12T01:00:00Z,520.2,0,520.2,0,0
2025-08-12T02:00:00Z,517.0,1,517.0,0,0
2025-08-12T03:00:00Z,541.3,0,541.3,0,0
2025-08-12T04:00:00Z,522.5,0,522.5,0,0
2025-08-12T05:00:00Z,510.8,1,510.8,0,0
2025-08-12T06:00:00Z,518.4,0,518.4,0,0
2025-08-12T07:00:00Z,559.8,0,559.8,0,0
2025-08-12T08:00:00Z,565.3,0,565.3,0,0
2025-08-12T09:00:00Z,-9999.9,9,565.3,1,0
2025-08-12T10:00:00Z,593.2,0,593.2,0,0
2025-08-12T11:00:00Z,597.2,1,597.2,0,0
2025-08-12T12:00:00Z,-9999.9,3,597.2,1,0
2025-08-12T13:00:00Z,591.7,0,591.7,0,0
2025-08-12T14:00:00Z,605.8,1,605.8,0,0
2025-08-12T15:00:00Z,-9999.9,9,605.8,1,0
2025-08-12T16:00:00Z,598.1,0,598.1,0,0
2025-08-12T17:00:00Z,596.0,1,596.0,0,0
2025-08-12T18:00:00Z,587.8,0,587.8,0,0
2025-08-12T19:00:00Z,590.0,0,590.0,0,0
2025-08-12T20:00:00Z,632.5,0,632.5,0,0
2025-08-12T21:00:00Z,-9999.9,9,632.5,1,0
2025-08-12T22:00:00Z,595.5,0,595.5,0,0
2025-08-12T23:00:00Z,596.4,1,596.4,0,0
2025-08-13T00:00:00Z,581.8,0,581.8,0,0
2025-08-13T01:00:00Z,603.9,0,603.9,0,0
2025-08-13T02:00:00Z,606.5,0,606.5,0,0
2025-08-13T03:00:00Z,-9999.9,9,606.5,1,0
2025-08-13T04:00:00Z,574.5,0,574.5,0,0
2025-08-13T05:00:00Z,563.7,0,563.7,0,0
2025-08-13T06:00:00Z,560.5,1,560.5,0,0
2025-08-13T07:00:00Z,549.5,1,549.5,0,0
2025-08-13T08:00:00Z,526.4,0,526.4,0,0
2025-08-13T09:00:00Z,-9999.9,9,526.4,1,0
2025-08-13T10:00:00Z,492.5,0,492.5,0,0
2025-08-13T11:00:00Z,493.0,1,493.0,0,0
2025-08-13T12:00:00Z,503.4,0,503.4,0,0
2025-08-13T13:00:00Z,510.9,1,510.9,0,0
2025-08-13T14:00:00Z,505.7,0,505.7,0,0
2025-08-13T15:00:00Z,-9999.9,3,505.7,1,0
2025-08-13T16:00:00Z,499.1,1,499.1,0,0
2025-08-13T17:00:00Z,483.6,1,483.6,0,0
2025-08-13T18:00:00Z,481.7,0,481.7,0,0
2025-08-13T19:00:00Z,502.5,0,502.5,0,0
2025-08-13T20:00:00Z,481.9,0,481.9,0,0
2025-08-13T21:00:00Z,-9999.9,9,481.9,1,0
2025-08-13T22:00:00Z,474.7,0,474.7,0,0
2025-08-13T23:00:00Z,473.2,0,473.2,0,0
2025-08-14T00:00:00Z,484.9,0,484.9,0,0
2025-08-14T01:00:00Z,480.9,0,480.9,0,0
2025-08-14T02:00:00Z,482.6,0,482.6,0,0
2025-08-14T03:00:00Z,-9999.9,9,482.6,1,0
2025-08-14T04:00:00Z,481.9,0,481.9,0,0
2025-08-14T05:00:00Z,462.5,6,462.5,0,0
2025-08-14T06:00:00Z,479.3,0,479.3,0,0
2025-08-14T07:00:00Z,470.1,0,470.1,0,0
2025-08-14T08:00:00Z,473.3,1,473.3,0,0
2025-08-14T09:00:00Z,-9999.9,9,473.3,1,0
2025-08-14T10:00:00Z,460.9,0,460.9,0,0
2025-08-14T11:00:00Z,463.8,0,463.8,0,0
2025-08-14T12:00:00Z,457.5,1,457.5,0,0
2025-08-14T13:00:00Z,455.0,0,455.0,0,0
2025-08-14T14:00:00Z,460.5,0,460.5,0,0
2025-08-14T15:00:00Z,-9999.9,9,460.5,1,0
2025-08-14T16:00:00Z,466.1,0,466.1,0,0
2025-08-14T17:00:00Z,-9999.9,9,466.1,1,0
2025-08-14T18:00:00Z,-9999.9,3,466.1,1,0
2025-08-14T19:00:00Z,446.9,0,446.9,0,0
2025-08-14T20:00:00Z,441.8,1,441.8,0,0
2025-08-14T21:00:00Z,-9999.9,9,441.8,1,0
2025-08-14T22:00:00Z,440.6,1,440.6,0,0
2025-08-14T23:00:00Z,449.6,0,449.6,0,0
2025-08-15T00:00:00Z,439.6,0,439.6,0,0
2025-08-15T01:00:00Z,451.8,0,451.8,0,0
2025-08-15T02:00:00Z,445.8,0,445.8,0,0
2025-08-15T03:00:00Z,440.3,0,440.3,0,0
2025-08-15T04:00:00Z,454.2,0,454.2,0,0
2025-08-15T05:00:00Z,451.8,0,451.8,0,0
2025-08-15T06:00:00Z,453.4,0,453.4,0,0
2025-08-15T07:00:00Z,454.6,0,454.6,0,0
2025-08-15T08:00:00Z,453.7,0,453.7,0,0
2025-08-15T09:00:00Z,-9999.9,9,453.7,1,0
2025-08-15T10:00:00Z,432.4,0,432.4,0,0
2025-08-15T11:00:00Z,424.6,0,424.6,0,0
2025-08-15T12:00:00Z,417.8,0,417.8,0,0
2025-08-15T13:00:00Z,416.1,1,416.1,0,0
2025-08-15T14:00:00Z,412.6,0,412.6,0,0
2025-08-15T15:00:00Z,400.1,1,400.1,0,0
2025-08-15T16:00:00Z,400.3,1,400.3,0,0
2025-08-15T17:00:00Z,390.3,0,390.3,0,0
2025-08-15T18:00:00Z,379.5,0,379.5,0,0
2025-08-15T19:00:00Z,373.4,0,373.4,0,0
2025-08-15T20:00:00Z,367.2,0,367.2,0,0
2025-08-15T21:00:00Z,-9999.9,9,367.2,1,0
2025-08-15T22:00:00Z,377.2,0,377.2,0,0
2025-08-15T23:00:00Z,371.2,1,371.2,0,0
2025-08-16T00:00:00Z,375.7,1,375.7,0,0
2025-08-16T01:00:00Z,370.0,0,370.0,0,0
2025-08-16T02:00:00Z,366.0,0,366.0,0,0
2025-08-16T03:00:00Z,-9999.9,9,366.0,1,0
2025-08-16T04:00:00Z,363.3,1,363.3,0,0
2025-08-16T05:00:00Z,374.8,6,374.8,0,0
2025-08-16T06:00:00Z,370.3,0,370.3,0,0
2025-08-16T07:00:00Z,376.7,0,376.7,0,0
2025-08-16T08:00:00Z,-9999.9,3,376.7,1,0
2025-08-16T09:00:00Z,-9999.9,9,376.7,1,0
2025-08-16T10:00:00Z,362.8,0,362.8,0,0
2025-08-16T11:00:00Z,361.3,0,361.3,0,0
2025-08-16T12:00:00Z,361.7,0,361.7,0,0
2025-08-16T13:00:00Z,-9999.9,3,361.7,1,0
2025-08-16T14:00:00Z,361.3,1,361.3,0,0
2025-08-16T15:00:00Z,359.5,0,359.5,0,0
2025-08-16T16:00:00Z,358.4,0,358.4,0,0
2025-08-16T17:00:00Z,352.8,0,352.8,0,0
2025-08-16T18:00:00Z,345.8,1,345.8,0,0
2025-08-16T19:00:00Z,351.5,0,351.5,0,0
2025-08-16T20:00:00Z,340.0,0,340.0,0,0
2025-08-16T21:00:00Z,-9999.9,9,340.0,1,0
2025-08-16T22:00:00Z,343.2,0,343.2,0,0
2025-08-16T23:00:00Z,343.6,0,343.6,0,0
2025-08-17T00:00:00Z,340.7,1,340.7,0,0
2025-08-17T01:00:00Z,344.9,0,344.9,0,0
2025-08-17T02:00:00Z,338.7,0,338.7,0,0
2025-08-17T03:00:00Z,-9999.9,9,338.7,1,0
2025-08-17T04:00:00Z,334.9,0,334.9,0,0
2025-08-17T05:00:00Z,344.5,0,344.5,0,0
2025-08-17T06:00:00Z,348.0,0,348.0,0,0
2025-08-17T07:00:00Z,335.8,0,335.8,0,0
2025-08-17T08:00:00Z,318.3,0,318.3,0,0
2025-08-17T09:00:00Z,-9999.9,9,318.3,1,0
2025-08-17T10:00:00Z,329.9,0,329.9,0,0
2025-08-17T11:00:00Z,-9999.9,3,329.9,1,0
2025-08-17T12:00:00Z,323.1,0,323.1,0,0
2025-08-17T13:00:00Z,325.1,0,325.1,0,0
2025-08-17T14:00:00Z,311.9,1,311.9,0,0
2025-08-17T15:00:00Z,313.6,0,313.6,0,0
2025-08-17T16:00:00Z,-9999.9,3,313.6,1,0
2025-08-17T17:00:00Z,312.3,0,312.3,0,0
2025-08-17T18:00:00Z,318.5,0,318.5,0,0
2025-08-17T19:00:00Z,329.3,0,329.3,0,0
2025-08-17T20:00:00Z,326.2,0,326.2,0,0
2025-08-17T21:00:00Z,-9999.9,9,326.2,1,0
2025-08-17T22:00:00Z,316.1,0,316.1,0,0
2025-08-17T23:00:00Z,311.5,0,311.5,0,0
2025-08-18T00:00:00Z,303.7,0,303.7,0,0
2025-08-18T01:00:00Z,305.9,0,305.9,0,0
2025-08-18T02:00:00Z,304.3,0,304.3,0,0
2025-08-18T03:00:00Z,-9999.9,9,304.3,1,0
2025-08-18T04:00:00Z,301.5,0,301.5,0,0
2025-08-18T05:00:00Z,306.8,0,306.8,0,0
2025-08-18T06:00:00Z,317.1,1,317.1,0,0
2025-08-18T07:00:00Z,325.3,0,325.3,0,0
2025-08-18T08:00:00Z,338.0,6,338.0,0,0
2025-08-18T09:00:00Z,-9999.9,9,338.0,1,0
2025-08-18T10:00:00Z,338.6,0,338.6,0,0
2025-08-18T11:00:00Z,337.7,0,337.7,0,0
2025-08-18T12:00:00Z,338.4,0,338.4,0,0
2025-08-18T13:00:00Z,342.9,0,342.9,0,0
2025-08-18T14:00:00Z,-9999.9,3,342.9,1,0
2025-08-18T15:00:00Z,-9999.9,9,342.9,1,0
2025-08-18T16:00:00Z,381.2,0,381.2,0,0
2025-08-18T17:00:00Z,372.4,0,372.4,0,0
2025-08-18T18:00:00Z,358.4,0,358.4,0,0
2025-08-18T19:00:00Z,340.7,0,340.7,0,0
2025-08-18T20:00:00Z,330.8,0,330.8,0,0
2025-08-18T21:00:00Z,-9999.9,9,330.8,1,0
2025-08-18T22:00:00Z,365.5,0,365.5,0,0
2025-08-18T23:00:00Z,358.1,0,358.1,0,0
2025-08-19T00:00:00Z,364.6,0,364.6,0,0
2025-08-19T01:00:00Z,392.1,0,392.1,0,0
2025-08-19T02:00:00Z,391.2,0,391.2,0,0
2025-08-19T03:00:00Z,-9999.9,9,391.2,1,0
2025-08-19T04:00:00Z,380.7,0,380.7,0,0
2025-08-19T05:00:00Z,385.9,0,385.9,0,0
2025-08-19T06:00:00Z,387.3,0,387.3,0,0
2025-08-19T07:00:00Z,393.1,0,393.1,0,0
2025-08-19T08:00:00Z,412.2,0,412.2,0,0
2025-08-19T09:00:00Z,-9999.9,9,412.2,1,0
2025-08-19T10:00:00Z,425.0,0,425.0,0,0
2025-08-19T11:00:00Z,433.0,0,433.0,0,0
2025-08-19T12:00:00Z,525.7,1,525.7,0,0
2025-08-19T13:00:00Z,603.8,1,603.8,0,0
2025-08-19T14:00:00Z,607.6,0,607.6,0,0
2025-08-19T15:00:00Z,614.0,1,614.0,0,0
2025-08-19T16:00:00Z,602.9,1,602.9,0,0
2025-08-19T17:00:00Z,600.1,1,600.1,0,0
2025-08-19T18:00:00Z,652.0,0,652.0,0,0
2025-08-19T19:00:00Z,671.6,0,671.6,0,0
2025-08-19T20:00:00Z,655.1,0,655.1,0,0
2025-08-19T21:00:00Z,-9999.9,9,655.1,1,0
2025-08-19T22:00:00Z,639.6,0,639.6,0,0
2025-08-19T23:00:00Z,608.2,0,608.2,0,0
2025-08-20T00:00:00Z,588.4,1,588.4,0,0
2025-08-20T01:00:00Z,579.5,1,579.5,0,0
2025-08-20T02:00:00Z,628.2,0,628.2,0,0
2025-08-20T03:00:00Z,-9999.9,9,628.2,1,0
2025-08-20T04:00:00Z,583.6,0,583.6,0,0
2025-08-20T05:00:00Z,600.5,0,600.5,0,0
2025-08-20T06:00:00Z,595.3,0,595.3,0,0
2025-08-20T07:00:00Z,607.6,0,607.6,0,0
2025-08-20T08:00:00Z,625.6,0,625.6,0,0
2025-08-20T09:00:00Z,-9999.9,9,625.6,1,0
2025-08-20T10:00:00Z,609.6,0,609.6,0,0
2025-08-20T11:00:00Z,599.6,0,599.6,0,0
2025-08-20T12:00:00Z,592.5,0,592.5,0,0
2025-08-20T13:00:00Z,587.1,1,587.1,0,0
2025-08-20T14:00:00Z,583.5,1,583.5,0,0
2025-08-20T15:00:00Z,-9999.9,9,583.5,1,0
2025-08-20T16:00:00Z,584.0,1,584.0,0,0
2025-08-20T17:00:00Z,579.4,1,579.4,0,0
2025-08-20T18:00:00Z,567.9,0,567.9,0,0
2025-08-20T19:00:00Z,569.4,0,569.4,0,0
2025-08-20T20:00:00Z,573.1,0,573.1,0,0
2025-08-20T21:00:00Z,-9999.9,9,573.1,1,0
2025-08-20T22:00:00Z,560.4,0,560.4,0,0
2025-08-20T23:00:00Z,564.1,0,564.1,0,0
2025-08-21T00:00:00Z,556.8,1,556.8,0,0
2025-08-21T01:00:00Z,552.6,0,552.6,0,0
2025-08-21T02:00:00Z,531.6,0,531.6,0,0
2025-08-21T03:00:00Z,-9999.9,9,531.6,1,0
2025-08-21T04:00:00Z,503.2,0,503.2,0,0
2025-08-21T05:00:00Z,-9999.9,3,503.2,1,0
2025-08-21T06:00:00Z,-9999.9,3,503.2,1,0
2025-08-21T07:00:00Z,462.9,0,462.9,0,0
2025-08-21T08:00:00Z,491.4,0,491.4,0,0
2025-08-21T09:00:00Z,-9999.9,9,491.4,1,0
2025-08-21T10:00:00Z,493.3,0,493.3,0,0
2025-08-21T11:00:00Z,476.3,0,476.3,0,0
2025-08-21T12:00:00Z,460.3,1,460.3,0,0
2025-08-21T13:00:00Z,452.0,0,452.0,0,0
2025-08-21T14:00:00Z,453.2,0,453.2,0,0
2025-08-21T15:00:00Z,442.4,0,442.4,0,0
2025-08-21T16:00:00Z,449.0,0,449.0,0,0
2025-08-21T17:00:00Z,460.9,0,460.9,0,0
2025-08-21T18:00:00Z,462.8,0,462.8,0,0
2025-08-21T19:00:00Z,463.5,0,463.5,0,0
2025-08-21T20:00:00Z,465.2,0,465.2,0,0
2025-08-21T21:00:00Z,-9999.9,9,465.2,1,0
2025-08-21T22:00:00Z,517.7,0,517.7,0,0
2025-08-21T23:00:00Z,516.1,0,516.1,0,0
2025-08-22T00:00:00Z,501.4,0,501.4,0,0
2025-08-22T01:00:00Z,524.8,0,524.8,0,0
2025-08-22T02:00:00Z,532.5,0,532.5,0,0
2025-08-22T03:00:00Z,-9999.9,9,532.5,1,0
2025-08-22T04:00:00Z,544.7,0,544.7,0,0
2025-08-22T05:00:00Z,534.9,1,534.9,0,0
2025-08-22T06:00:00Z,536.8,0,536.8,0,0
2025-08-22T07:00:00Z,529.4,0,529.4,0,0
2025-08-22T08:00:00Z,531.9,0,531.9,0,0
2025-08-22T09:00:00Z,-9999.9,9,531.9,1,0
2025-08-22T10:00:00Z,510.6,1,510.6,0,0
2025-08-22T11:00:00Z,495.0,0,495.0,0,0
2025-08-22T12:00:00Z,533.6,0,533.6,0,0
2025-08-22T13:00:00Z,549.2,0,549.2,0,0
2025-08-22T14:00:00Z,533.7,0,533.7,0,0
2025-08-22T15:00:00Z,516.9,0,516.9,0,0
2025-08-22T16:00:00Z,518.1,0,518.1,0,0
2025-08-22T17:00:00Z,514.5,0,514.5,0,0
2025-08-22T18:00:00Z,513.6,0,513.6,0,0
2025-08-22T19:00:00Z,514.4,0,514.4,0,0
2025-08-22T20:00:00Z,501.2,0,501.2,0,0
2025-08-22T21:00:00Z,-9999.9,9,501.2,1,0
2025-08-22T22:00:00Z,488.0,0,488.0,0,0
2025-08-22T23:00:00Z,498.3,0,498.3,0,0
2025-08-23T00:00:00Z,501.2,0,501.2,0,0
2025-08-23T01:00:00Z,487.2,0,487.2,0,0
2025-08-23T02:00:00Z,479.1,0,479.1,0,0
2025-08-23T03:00:00Z,-9999.9,9,479.1,1,0
2025-08-23T04:00:00Z,486.5,0,486.5,0,0
2025-08-23T05:00:00Z,495.1,0,495.1,0,0
2025-08-23T06:00:00Z,475.9,0,475.9,0,0
2025-08-23T07:00:00Z,466.4,0,466.4,0,0
2025-08-23T08:00:00Z,462.7,0,462.7,0,0
2025-08-23T09:00:00Z,-9999.9,9,462.7,1,0
2025-08-23T10:00:00Z,465.4,0,465.4,0,0
2025-08-23T11:00:00Z,459.8,0,459.8,0,0
2025-08-23T12:00:00Z,463.3,0,463.3,0,0
2025-08-23T13:00:00Z,446.6,0,446.6,0,0
2025-08-23T14:00:00Z,445.3,0,445.3,0,0
2025-08-23T15:00:00Z,440.9,0,440.9,0,0
2025-08-23T16:00:00Z,440.4,0,440.4,0,0
2025-08-23T17:00:00Z,433.5,0,433.5,0,0
2025-08-23T18:00:00Z,421.9,0,421.9,0,0
2025-08-23T19:00:00Z,428.5,0,428.5,0,0
2025-08-23T20:00:00Z,428.5,0,428.5,0,0
2025-08-23T21:00:00Z,-9999.9,9,428.5,1,0
2025-08-23T22:00:00Z,413.7,0,413.7,0,0
2025-08-23T23:00:00Z,406.5,0,406.5,0,0
2025-08-24T00:00:00Z,399.5,0,399.5,0,0
2025-08-24T01:00:00Z,397.5,0,397.5,0,0
2025-08-24T02:00:00Z,414.9,0,414.9,0,0
2025-08-24T03:00:00Z,410.4,0,410.4,0,0
2025-08-24T04:00:00Z,429.4,0,429.4,0,0
2025-08-24T05:00:00Z,430.1,0,430.1,0,0
2025-08-24T06:00:00Z,426.3,0,426.3,0,0
2025-08-24T07:00:00Z,416.5,0,416.5,0,0
2025-08-24T08:00:00Z,408.8,0,408.8,0,0
2025-08-24T09:00:00Z,-9999.9,9,408.8,1,0
2025-08-24T10:00:00Z,382.5,0,382.5,0,0
2025-08-24T11:00:00Z,378.5,0,378.5,0,0
2025-08-24T12:00:00Z,376.2,0,376.2,0,0
2025-08-24T13:00:00Z,371.0,0,371.0,0,0
2025-08-24T14:00:00Z,369.4,0,369.4,0,0
2025-08-24T15:00:00Z,-9999.9,9,369.4,1,0
2025-08-24T16:00:00Z,374.4,0,374.4,0,0
2025-08-24T17:00:00Z,379.5,0,379.5,0,0
2025-08-24T18:00:00Z,398.1,0,398.1,0,0
2025-08-24T19:00:00Z,399.3,0,399.3,0,0
2025-08-24T20:00:00Z,398.6,0,398.6,0,0
2025-08-24T21:00:00Z,-9999.9,9,398.6,1,0
2025-08-24T22:00:00Z,390.8,0,390.8,0,0
2025-08-24T23:00:00Z,379.0,0,379.0,0,0
2025-08-25T00:00:00Z,369.7,0,369.7,0,0
2025-08-25T01:00:00Z,362.0,0,362.0,0,0
2025-08-25T02:00:00Z,362.2,0,362.2,0,0
2025-08-25T03:00:00Z,-9999.9,9,362.2,1,0
2025-08-25T04:00:00Z,355.7,0,355.7,0,0
2025-08-25T05:00:00Z,385.6,0,385.6,0,0
2025-08-25T06:00:00Z,377.2,0,377.2,0,0
2025-08-25T07:00:00Z,384.9,0,384.9,0,0
2025-08-25T08:00:00Z,405.0,6,405.0,0,0
2025-08-25T09:00:00Z,-9999.9,9,405.0,1,0
2025-08-25T10:00:00Z,407.7,0,407.7,0,0
2025-08-25T11:00:00Z,415.9,0,415.9,0,0
2025-08-25T12:00:00Z,414.5,0,414.5,0,0
2025-08-25T13:00:00Z,412.2,0,412.2,0,0
2025-08-25T14:00:00Z,426.1,0,426.1,0,0
2025-08-25T15:00:00Z,423.6,1,423.6,0,0
2025-08-25T16:00:00Z,428.1,1,428.1,0,0
2025-08-25T17:00:00Z,436.4,0,436.4,0,0
2025-08-25T18:00:00Z,435.2,1,435.2,0,0
2025-08-25T19:00:00Z,429.1,1,429.1,0,0
2025-08-25T20:00:00Z,424.5,0,424.5,0,0
2025-08-25T21:00:00Z,-9999.9,9,424.5,1,0
2025-08-25T22:00:00Z,407.9,0,407.9,0,0
2025-08-25T23:00:00Z,418.4,0,418.4,0,0
2025-08-26T00:00:00Z,406.0,0,406.0,0,0
2025-08-26T01:00:00Z,400.1,0,400.1,0,0
2025-08-26T02:00:00Z,403.5,0,403.5,0,0
2025-08-26T03:00:00Z,-9999.9,9,403.5,1,0
2025-08-26T04:00:00Z,400.5,0,400.5,0,0
2025-08-26T05:00:00Z,411.4,0,411.4,0,0
2025-08-26T06:00:00Z,402.6,0,402.6,0,0
2025-08-26T07:00:00Z,407.1,0,407.1,0,0
2025-08-26T08:00:00Z,399.6,0,399.6,0,0
2025-08-26T09:00:00Z,-9999.9,9,399.6,1,0
2025-08-26T10:00:00Z,390.6,0,390.6,0,0
2025-08-26T11:00:00Z,400.1,0,400.1,0,0
2025-08-26T12:00:00Z,403.4,0,403.4,0,0
2025-08-26T13:00:00Z,390.6,0,390.6,0,0
2025-08-26T14:00:00Z,384.7,0,384.7,0,0
2025-08-26T15:00:00Z,-9999.9,3,384.7,1,0
2025-08-26T16:00:00Z,363.7,0,363.7,0,0
2025-08-26T17:00:00Z,337.9,0,337.9,0,0
2025-08-26T18:00:00Z,347.5,0,347.5,0,0
2025-08-26T19:00:00Z,339.5,0,339.5,0,0
2025-08-26T20:00:00Z,351.8,0,351.8,0,0
2025-08-26T21:00:00Z,-9999.9,9,351.8,1,0
2025-08-26T22:00:00Z,361.9,0,361.9,0,0
2025-08-26T23:00:00Z,362.3,0,362.3,0,0
2025-08-27T00:00:00Z,385.3,0,385.3,0,0
2025-08-27T01:00:00Z,371.4,0,371.4,0,0
2025-08-27T02:00:00Z,351.7,0,351.7,0,0
2025-08-27T03:00:00Z,356.3,0,356.3,0,0
2025-08-27T04:00:00Z,354.0,0,354.0,0,0
2025-08-27T05:00:00Z,352.5,0,352.5,0,0
2025-08-27T06:00:00Z,352.7,1,352.7,0,0
2025-08-27T07:00:00Z,357.6,0,357.6,0,0
2025-08-27T08:00:00Z,355.6,0,355.6,0,0
2025-08-27T09:00:00Z,-9999.9,9,355.6,1,0
2025-08-27T10:00:00Z,367.4,0,367.4,0,0
2025-08-27T11:00:00Z,372.9,0,372.9,0,0
2025-08-27T12:00:00Z,361.6,0,361.6,0,0
2025-08-27T13:00:00Z,368.3,0,368.3,0,0
2025-08-27T14:00:00Z,366.2,0,366.2,0,0
2025-08-27T15:00:00Z,377.0,0,377.0,0,0
2025-08-27T16:00:00Z,374.1,0,374.1,0,0
2025-08-27T17:00:00Z,366.4,0,366.4,0,0
2025-08-27T18:00:00Z,363.2,0,363.2,0,0
2025-08-27T19:00:00Z,377.7,0,377.7,0,0
2025-08-27T20:00:00Z,364.8,0,364.8,0,0
2025-08-27T21:00:00Z,-9999.9,9,364.8,1,0
2025-08-27T22:00:00Z,370.3,0,370.3,0,0
2025-08-27T23:00:00Z,386.9,1,386.9,0,0
2025-08-28T00:00:00Z,377.9,0,377.9,0,0
2025-08-28T01:00:00Z,391.2,0,391.2,0,0
2025-08-28T02:00:00Z,390.3,0,390.3,0,0
2025-08-28T03:00:00Z,391.9,0,391.9,0,0
2025-08-28T04:00:00Z,378.4,0,378.4,0,0
2025-08-28T05:00:00Z,392.7,0,392.7,0,0
2025-08-28T06:00:00Z,416.0,0,416.0,0,0
2025-08-28T07:00:00Z,397.9,0,397.9,0,0
2025-08-28T08:00:00Z,382.4,0,382.4,0,0
2025-08-28T09:00:00Z,-9999.9,9,382.4,1,0
2025-08-28T10:00:00Z,391.6,0,391.6,0,0
2025-08-28T11:00:00Z,397.2,0,397.2,0,0
2025-08-28T12:00:00Z,402.8,0,402.8,0,0
2025-08-28T13:00:00Z,400.7,0,400.7,0,0
2025-08-28T14:00:00Z,396.7,0,396.7,0,0
2025-08-28T15:00:00Z,394.4,1,394.4,0,0
2025-08-28T16:00:00Z,398.1,0,398.1,0,0
2025-08-28T17:00:00Z,385.5,0,385.5,0,0
2025-08-28T18:00:00Z,382.2,0,382.2,0,0
2025-08-28T19:00:00Z,390.7,0,390.7,0,0
2025-08-28T20:00:00Z,402.4,0,402.4,0,0
2025-08-28T21:00:00Z,-9999.9,9,402.4,1,0
2025-08-28T22:00:00Z,378.5,0,378.5,0,0
2025-08-28T23:00:00Z,378.3,0,378.3,0,0
2025-08-29T00:00:00Z,378.4,0,378.4,0,0
2025-08-29T01:00:00Z,393.6,0,393.6,0,0
2025-08-29T02:00:00Z,398.7,0,398.7,0,0
2025-08-29T03:00:00Z,390.8,1,390.8,0,0
2025-08-29T04:00:00Z,400.5,0,400.5,0,0
2025-08-29T05:00:00Z,413.2,0,413.2,0,0
2025-08-29T06:00:00Z,405.4,0,405.4,0,0
2025-08-29T07:00:00Z,386.7,0,386.7,0,0
2025-08-29T08:00:00Z,-9999.9,3,386.7,1,0
2025-08-29T09:00:00Z,-9999.9,9,386.7,1,0
2025-08-29T10:00:00Z,398.0,0,398.0,0,0
2025-08-29T11:00:00Z,397.3,1,397.3,0,0
2025-08-29T12:00:00Z,377.2,0,377.2,0,0
2025-08-29T13:00:00Z,-9999.9,3,377.2,1,0
2025-08-29T14:00:00Z,368.5,1,368.5,0,0
2025-08-29T15:00:00Z,375.5,1,375.5,0,0
2025-08-29T16:00:00Z,390.4,0,390.4,0,0
2025-08-29T17:00:00Z,401.5,0,401.5,0,0
2025-08-29T18:00:00Z,389.1,0,389.1,0,0
2025-08-29T19:00:00Z,377.6,0,377.6,0,0
2025-08-29T20:00:00Z,377.9,0,377.9,0,0
2025-08-29T21:00:00Z,-9999.9,9,377.9,1,0
2025-08-29T22:00:00Z,383.8,0,383.8,0,0
2025-08-29T23:00:00Z,374.4,1,374.4,0,0
2025-08-30T00:00:00Z,381.8,0,381.8,0,0
2025-08-30T01:00:00Z,376.8,0,376.8,0,0
2025-08-30T02:00:00Z,380.2,0,380.2,0,0
2025-08-30T03:00:00Z,374.8,1,374.8,0,0
2025-08-30T04:00:00Z,369.1,0,369.1,0,0
2025-08-30T05:00:00Z,368.0,0,368.0,0,0
2025-08-30T06:00:00Z,384.9,1,384.9,0,0
2025-08-30T07:00:00Z,383.1,0,383.1,0,0
2025-08-30T08:00:00Z,377.0,1,377.0,0,0
2025-08-30T09:00:00Z,-9999.9,9,377.0,1,0
2025-08-30T10:00:00Z,386.2,0,386.2,0,0
2025-08-30T11:00:00Z,369.4,1,369.4,0,0
2025-08-30T12:00:00Z,391.3,0,391.3,0,0
2025-08-30T13:00:00Z,390.9,1,390.9,0,0
2025-08-30T14:00:00Z,385.4,0,385.4,0,0
2025-08-30T15:00:00Z,-9999.9,9,385.4,1,0
2025-08-30T16:00:00Z,-9999.9,3,385.4,1,0
2025-08-30T17:00:00Z,374.1,0,374.1,0,0
2025-08-30T18:00:00Z,361.5,0,361.5,0,0
2025-08-30T19:00:00Z,362.3,0,362.3,0,0
2025-08-30T20:00:00Z,365.8,0,365.8,0,0
2025-08-30T21:00:00Z,-9999.9,9,365.8,1,0
2025-08-30T22:00:00Z,380.3,0,380.3,0,0
2025-08-30T23:00:00Z,387.6,0,387.6,0,0
2025-08-31T00:00:00Z,390.1,0,390.1,0,0
2025-08-31T01:00:00Z,380.4,1,380.4,0,0
2025-08-31T02:00:00Z,379.7,0,379.7,0,0
2025-08-31T03:00:00Z,-9999.9,9,379.7,1,0
2025-08-31T04:00:00Z,404.1,0,404.1,0,0
2025-08-31T05:00:00Z,409.0,0,409.0,0,0
2025-08-31T06:00:00Z,411.3,0,411.3,0,0
2025-08-31T07:00:00Z,429.3,0,429.3,0,0
2025-08-31T08:00:00Z,440.5,0,440.5,0,0
2025-08-31T09:00:00Z,-9999.9,9,440.5,1,0
2025-08-31T10:00:00Z,445.8,0,445.8,0,0
2025-08-31T11:00:00Z,435.7,1,435.7,0,0
2025-08-31T12:00:00Z,436.2,0,436.2,0,0
2025-08-31T13:00:00Z,436.7,0,436.7,0,0
2025-08-31T14:00:00Z,438.3,0,438.3,0,0
2025-08-31T15:00:00Z,-9999.9,9,438.3,1,0
2025-08-31T16:00:00Z,436.0,0,436.0,0,0
2025-08-31T17:00:00Z,436.5,1,436.5,0,0
2025-08-31T18:00:00Z,458.1,0,458.1,0,0
2025-08-31T19:00:00Z,-9999.9,3,458.1,1,0
2025-08-31T20:00:00Z,407.6,0,407.6,0,0
2025-08-31T21:00:00Z,-9999.9,9,407.6,1,0
2025-08-31T22:00:00Z,433.4,0,433.4,0,0
2025-08-31T23:00:00Z,440.2,0,440.2,0,0
2025-09-01T00:00:00Z,428.7,0,428.7,0,0
2025-09-01T01:00:00Z,425.0,0,425.0,0,0
2025-09-01T02:00:00Z,425.0,0,425.0,0,0
2025-09-01T03:00:00Z,415.1,1,415.1,0,0
2025-09-01T04:00:00Z,402.2,0,402.2,0,0
2025-09-01T05:00:00Z,410.2,0,410.2,0,0
2025-09-01T06:00:00Z,407.0,1,407.0,0,0
2025-09-01T07:00:00Z,407.4,0,407.4,0,0
2025-09-01T08:00:00Z,396.2,0,396.2,0,0
2025-09-01T09:00:00Z,-9999.9,9,396.2,1,0
2025-09-01T10:00:00Z,422.7,0,422.7,0,0
2025-09-01T11:00:00Z,405.3,0,405.3,0,0
2025-09-01T12:00:00Z,401.9,0,401.9,0,0
2025-09-01T13:00:00Z,393.5,0,393.5,0,0
2025-09-01T14:00:00Z,389.3,0,389.3,0,0
2025-09-01T15:00:00Z,-9999.9,9,389.3,1,0
2025-09-01T16:00:00Z,401.8,0,401.8,0,0
2025-09-01T17:00:00Z,389.6,0,389.6,0,0
2025-09-01T18:00:00Z,393.1,0,393.1,0,0
2025-09-01T19:00:00Z,386.7,0,386.7,0,0
2025-09-01T20:00:00Z,531.7,0,531.7,0,0
2025-09-01T21:00:00Z,-9999.9,9,531.7,1,0
2025-09-01T22:00:00Z,617.0,0,617.0,0,0
2025-09-01T23:00:00Z,598.5,1,598.5,0,0
2025-09-02T00:00:00Z,600.5,0,600.5,0,0
2025-09-02T01:00:00Z,582.1,0,582.1,0,0
2025-09-02T02:00:00Z,564.0,0,564.0,0,0
2025-09-02T03:00:00Z,554.2,0,554.2,0,0
2025-09-02T04:00:00Z,562.9,1,562.9,0,0
2025-09-02T05:00:00Z,573.6,0,573.6,0,0
2025-09-02T06:00:00Z,600.8,0,600.8,0,0
2025-09-02T07:00:00Z,589.9,0,589.9,0,0
2025-09-02T08:00:00Z,596.8,0,596.8,0,0
2025-09-02T09:00:00Z,-9999.9,9,596.8,1,0
2025-09-02T10:00:00Z,583.0,0,583.0,0,0
2025-09-02T11:00:00Z,560.3,0,560.3,0,0
2025-09-02T12:00:00Z,564.9,1,564.9,0,0
2025-09-02T13:00:00Z,568.1,0,568.1,0,0
2025-09-02T14:00:00Z,578.7,0,578.7,0,0
2025-09-02T15:00:00Z,569.4,0,569.4,0,0
2025-09-02T16:00:00Z,571.7,0,571.7,0,0
2025-09-02T17:00:00Z,553.4,0,553.4,0,0
2025-09-02T18:00:00Z,546.7,0,546.7,0,0
2025-09-02T19:00:00Z,560.7,0,560.7,0,0
2025-09-02T20:00:00Z,550.8,1,550.8,0,0
2025-09-02T21:00:00Z,-9999.9,9,550.8,1,0
2025-09-02T22:00:00Z,549.6,0,549.6,0,0
2025-09-02T23:00:00Z,550.4,6,550.4,0,0
2025-09-03T00:00:00Z,558.4,0,558.4,0,0
2025-09-03T01:00:00Z,-9999.9,3,558.4,1,0
2025-09-03T02:00:00Z,-9999.9,3,558.4,1,0
2025-09-03T03:00:00Z,-9999.9,9,558.4,1,0
2025-09-03T04:00:00Z,541.4,0,541.4,0,0
2025-09-03T05:00:00Z,512.7,0,512.7,0,0
2025-09-03T06:00:00Z,-9999.9,3,512.7,1,0
2025-09-03T07:00:00Z,495.4,0,495.4,0,0
2025-09-03T08:00:00Z,488.2,0,488.2,0,0
2025-09-03T09:00:00Z,-9999.9,9,488.2,1,0
2025-09-03T10:00:00Z,469.7,0,469.7,0,0
2025-09-03T11:00:00Z,456.0,0,456.0,0,0
2025-09-03T12:00:00Z,465.0,0,465.0,0,0
2025-09-03T13:00:00Z,467.3,0,467.3,0,0
2025-09-03T14:00:00Z,466.7,0,466.7,0,0
2025-09-03T15:00:00Z,464.9,0,464.9,0,0
2025-09-03T16:00:00Z,465.3,0,465.3,0,0
2025-09-03T17:00:00Z,468.9,0,468.9,0,0
2025-09-03T18:00:00Z,463.7,0,463.7,0,0
2025-09-03T19:00:00Z,451.8,0,451.8,0,0
2025-09-03T20:00:00Z,456.6,0,456.6,0,0
2025-09-03T21:00:00Z,-9999.9,9,456.6,1,0
2025-09-03T22:00:00Z,451.5,0,451.5,0,0
2025-09-03T23:00:00Z,455.7,0,455.7,0,0
2025-09-04T00:00:00Z,449.6,0,449.6,0,0
2025-09-04T01:00:00Z,438.9,0,438.9,0,0
2025-09-04T02:00:00Z,463.8,1,463.8,0,0
2025-09-04T03:00:00Z,458.7,1,458.7,0,0
2025-09-04T04:00:00Z,472.7,0,472.7,0,0
2025-09-04T05:00:00Z,473.5,1,473.5,0,0
2025-09-04T06:00:00Z,462.1,0,462.1,0,0
2025-09-04T07:00:00Z,458.1,1,458.1,0,0
2025-09-04T08:00:00Z,492.7,0,492.7,0,0
2025-09-04T09:00:00Z,-9999.9,9,492.7,1,0
2025-09-04T10:00:00Z,462.8,0,462.8,0,0
2025-09-04T11:00:00Z,451.6,0,451.6,0,0
2025-09-04T12:00:00Z,460.5,1,460.5,0,0
2025-09-04T13:00:00Z,479.3,1,479.3,0,0
2025-09-04T14:00:00Z,495.0,0,495.0,0,0
2025-09-04T15:00:00Z,476.3,1,476.3,0,0
2025-09-04T16:00:00Z,469.8,0,469.8,0,0
2025-09-04T17:00:00Z,474.8,0,474.8,0,0
2025-09-04T18:00:00Z,474.1,1,474.1,0,0
2025-09-04T19:00:00Z,469.8,0,469.8,0,0
2025-09-04T20:00:00Z,463.3,0,463.3,0,0
2025-09-04T21:00:00Z,-9999.9,9,463.3,1,0
2025-09-04T22:00:00Z,438.2,0,438.2,0,0
2025-09-04T23:00:00Z,432.7,0,432.7,0,0
2025-09-05T00:00:00Z,410.2,0,410.2,0,0
2025-09-05T01:00:00Z,419.7,0,419.7,0,0
2025-09-05T02:00:00Z,425.4,0,425.4,0,0
2025-09-05T03:00:00Z,421.0,0,421.0,0,0
2025-09-05T04:00:00Z,427.9,0,427.9,0,0
2025-09-05T05:00:00Z,429.9,0,429.9,0,0
2025-09-05T06:00:00Z,409.3,6,409.3,0,0
2025-09-05T07:00:00Z,428.8,0,428.8,0,0
2025-09-05T08:00:00Z,412.1,1,412.1,0,0
2025-09-05T09:00:00Z,-9999.9,9,412.1,1,0
2025-09-05T10:00:00Z,395.6,0,395.6,0,0
2025-09-05T11:00:00Z,400.3,0,400.3,0,0
2025-09-05T12:00:00Z,404.5,0,404.5,0,0
2025-09-05T13:00:00Z,404.3,0,404.3,0,0
2025-09-05T14:00:00Z,390.7,0,390.7,0,0
2025-09-05T15:00:00Z,402.5,0,402.5,0,0
2025-09-05T16:00:00Z,390.7,0,390.7,0,0
2025-09-05T17:00:00Z,397.2,0,397.2,0,0
2025-09-05T18:00:00Z,394.5,0,394.5,0,0
2025-09-05T19:00:00Z,398.5,0,398.5,0,0
2025-09-05T20:00:00Z,405.4,0,405.4,0,0
2025-09-05T21:00:00Z,-9999.9,9,405.4,1,0
2025-09-05T22:00:00Z,444.9,0,444.9,0,0
2025-09-05T23:00:00Z,431.1,1,431.1,0,0
2025-09-06T00:00:00Z,424.5,0,424.5,0,0
2025-09-06T01:00:00Z,447.8,0,447.8,0,0
2025-09-06T02:00:00Z,442.0,0,442.0,0,0
2025-09-06T03:00:00Z,447.7,0,447.7,0,0
2025-09-06T04:00:00Z,467.3,0,467.3,0,0
2025-09-06T05:00:00Z,514.3,1,514.3,0,0
2025-09-06T06:00:00Z,509.5,1,509.5,0,0
2025-09-06T07:00:00Z,508.5,0,508.5,0,0
2025-09-06T08:00:00Z,527.7,1,527.7,0,0
2025-09-06T09:00:00Z,-9999.9,9,527.7,1,0
2025-09-06T10:00:00Z,511.3,0,511.3,0,0
2025-09-06T11:00:00Z,512.3,0,512.3,0,0
2025-09-06T12:00:00Z,531.0,0,531.0,0,0
2025-09-06T13:00:00Z,528.7,0,528.7,0,0
2025-09-06T14:00:00Z,634.1,0,634.1,0,0
2025-09-06T15:00:00Z,-9999.9,9,634.1,1,0
2025-09-06T16:00:00Z,646.0,0,646.0,0,0
2025-09-06T17:00:00Z,645.8,1,645.8,0,0
2025-09-06T18:00:00Z,657.5,0,657.5,0,0
2025-09-06T19:00:00Z,615.9,0,615.9,0,0
2025-09-06T20:00:00Z,574.6,0,574.6,0,0
2025-09-06T21:00:00Z,-9999.9,9,574.6,1,0
2025-09-06T22:00:00Z,542.1,0,542.1,0,0
2025-09-06T23:00:00Z,523.8,0,523.8,0,0
2025-09-07T00:00:00Z,524.4,1,524.4,0,0
2025-09-07T01:00:00Z,514.6,1,514.6,0,0
2025-09-07T02:00:00Z,511.5,0,511.5,0,0
2025-09-07T03:00:00Z,-9999.9,9,511.5,1,0
2025-09-07T04:00:00Z,491.9,1,491.9,0,0
2025-09-07T05:00:00Z,528.9,1,528.9,0,0
2025-09-07T06:00:00Z,550.5,0,550.5,0,0
2025-09-07T07:00:00Z,504.2,1,504.2,0,0
2025-09-07T08:00:00Z,535.6,0,535.6,0,0
2025-09-07T09:00:00Z,-9999.9,9,535.6,1,0
2025-09-07T10:00:00Z,521.4,0,521.4,0,0
2025-09-07T11:00:00Z,525.2,1,525.2,0,0
2025-09-07T12:00:00Z,552.1,0,552.1,0,0
2025-09-07T13:00:00Z,564.1,0,564.1,0,0
2025-09-07T14:00:00Z,561.1,0,561.1,0,0
2025-09-07T15:00:00Z,-9999.9,9,561.1,1,0
2025-09-07T16:00:00Z,551.0,0,551.0,0,0
2025-09-07T17:00:00Z,544.1,1,544.1,0,0
2025-09-07T18:00:00Z,551.4,1,551.4,0,0
2025-09-07T19:00:00Z,579.6,1,579.6,0,0
2025-09-07T20:00:00Z,556.7,0,556.7,0,0
2025-09-07T21:00:00Z,-9999.9,9,556.7,1,0
2025-09-07T22:00:00Z,577.5,1,577.5,0,0
2025-09-07T23:00:00Z,587.1,0,587.1,0,0
2025-09-08T00:00:00Z,579.2,0,579.2,0,0
2025-09-08T01:00:00Z,578.1,0,578.1,0,0
2025-09-08T02:00:00Z,570.4,0,570.4,0,0
2025-09-08T03:00:00Z,567.3,0,567.3,0,0
2025-09-08T04:00:00Z,575.1,0,575.1,0,0
2025-09-08T05:00:00Z,580.9,0,580.9,0,0
2025-09-08T06:00:00Z,550.6,0,550.6,0,0
2025-09-08T07:00:00Z,532.0,0,532.0,0,0
2025-09-08T08:00:00Z,556.0,0,556.0,0,0
2025-09-08T09:00:00Z,-9999.9,9,556.0,1,0
2025-09-08T10:00:00Z,-9999.9,3,556.0,1,0
2025-09-08T11:00:00Z,518.1,0,518.1,0,0
2025-09-08T12:00:00Z,501.5,0,501.5,0,0
2025-09-08T13:00:00Z,517.0,0,517.0,0,0
2025-09-08T14:00:00Z,498.2,0,498.2,0,0
2025-09-08T15:00:00Z,-9999.9,9,498.2,1,0
2025-09-08T16:00:00Z,529.6,0,529.6,0,0
2025-09-08T17:00:00Z,507.2,0,507.2,0,0
2025-09-08T18:00:00Z,494.9,0,494.9,0,0
2025-09-08T19:00:00Z,501.9,1,501.9,0,0
2025-09-08T20:00:00Z,500.0,0,500.0,0,0
2025-09-08T21:00:00Z,-9999.9,9,500.0,1,0
2025-09-08T22:00:00Z,487.7,0,487.7,0,0
2025-09-08T23:00:00Z,490.7,0,490.7,0,0
2025-09-09T00:00:00Z,468.6,0,468.6,0,0
2025-09-09T01:00:00Z,522.6,0,522.6,0,0
2025-09-09T02:00:00Z,529.9,0,529.9,0,0
2025-09-09T03:00:00Z,488.4,0,488.4,0,0
2025-09-09T04:00:00Z,472.3,0,472.3,0,0
2025-09-09T05:00:00Z,497.3,0,497.3,0,0
2025-09-09T06:00:00Z,495.0,0,495.0,0,0
2025-09-09T07:00:00Z,480.1,1,480.1,0,0
2025-09-09T08:00:00Z,475.9,1,475.9,0,0
2025-09-09T09:00:00Z,-9999.9,9,475.9,1,0
2025-09-09T10:00:00Z,454.0,0,454.0,0,0
2025-09-09T11:00:00Z,455.4,0,455.4,0,0
2025-09-09T12:00:00Z,457.8,0,457.8,0,0
2025-09-09T13:00:00Z,475.0,0,475.0,0,0
2025-09-09T14:00:00Z,465.5,0,465.5,0,0
2025-09-09T15:00:00Z,-9999.9,9,465.5,1,0
2025-09-09T16:00:00Z,480.4,1,480.4,0,0
2025-09-09T17:00:00Z,489.2,1,489.2,0,0
2025-09-09T18:00:00Z,-9999.9,3,489.2,1,0
2025-09-09T19:00:00Z,484.2,0,484.2,0,0
2025-09-09T20:00:00Z,493.7,0,493.7,0,0
2025-09-09T21:00:00Z,-9999.9,9,493.7,1,0
2025-09-09T22:00:00Z,504.4,0,504.4,0,0
2025-09-09T23:00:00Z,515.2,0,515.2,0,0
2025-09-10T00:00:00Z,502.5,0,502.5,0,0
2025-09-10T01:00:00Z,510.8,0,510.8,0,0
2025-09-10T02:00:00Z,514.0,1,514.0,0,0
2025-09-10T03:00:00Z,512.7,0,512.7,0,0
2025-09-10T04:00:00Z,525.1,0,525.1,0,0
2025-09-10T05:00:00Z,532.3,0,532.3,0,0
2025-09-10T06:00:00Z,537.8,0,537.8,0,0
2025-09-10T07:00:00Z,527.6,1,527.6,0,0
2025-09-10T08:00:00Z,540.4,0,540.4,0,0
2025-09-10T09:00:00Z,-9999.9,9,540.4,1,0
2025-09-10T10:00:00Z,505.7,0,505.7,0,0
2025-09-10T11:00:00Z,509.8,0,509.8,0,0
2025-09-10T12:00:00Z,495.7,1,495.7,0,0
2025-09-10T13:00:00Z,493.7,0,493.7,0,0
2025-09-10T14:00:00Z,486.9,1,486.9,0,0
2025-09-10T15:00:00Z,-9999.9,9,486.9,1,0
2025-09-10T16:00:00Z,497.1,0,497.1,0,0
2025-09-10T17:00:00Z,483.8,0,483.8,0,0
2025-09-10T18:00:00Z,472.4,1,472.4,0,0
2025-09-10T19:00:00Z,475.6,0,475.6,0,0
2025-09-10T20:00:00Z,482.0,0,482.0,0,0
2025-09-10T21:00:00Z,-9999.9,9,482.0,1,0
2025-09-10T22:00:00Z,463.0,0,463.0,0,0
2025-09-10T23:00:00Z,464.9,0,464.9,0,0
2025-09-11T00:00:00Z,465.4,1,465.4,0,0
2025-09-11T01:00:00Z,457.2,1,457.2,0,0
2025-09-11T02:00:00Z,452.0,0,452.0,0,0
2025-09-11T03:00:00Z,468.4,0,468.4,0,0
2025-09-11T04:00:00Z,464.2,0,464.2,0,0
2025-09-11T05:00:00Z,454.7,0,454.7,0,0
2025-09-11T06:00:00Z,449.7,0,449.7,0,0
2025-09-11T07:00:00Z,448.9,0,448.9,0,0
2025-09-11T08:00:00Z,440.3,0,440.3,0,0
2025-09-11T09:00:00Z,434.1,0,434.1,0,0
2025-09-11T10:00:00Z,431.8,0,431.8,0,0
2025-09-11T11:00:00Z,428.9,0,428.9,0,0
2025-09-11T12:00:00Z,423.9,0,423.9,0,0
2025-09-11T13:00:00Z,421.2,1,421.2,0,0
2025-09-11T14:00:00Z,423.5,0,423.5,0,0
2025-09-11T15:00:00Z,-9999.9,9,423.5,1,0
2025-09-11T16:00:00Z,414.2,0,414.2,0,0
2025-09-11T17:00:00Z,410.6,0,410.6,0,0
2025-09-11T18:00:00Z,415.6,0,415.6,0,0
2025-09-11T19:00:00Z,414.5,0,414.5,0,0
2025-09-11T20:00:00Z,414.3,0,414.3,0,0
2025-09-11T21:00:00Z,-9999.9,9,414.3,1,0
2025-09-11T22:00:00Z,396.4,0,396.4,0,0
2025-09-11T23:00:00Z,405.1,0,405.1,0,0
2025-09-12T00:00:00Z,400.9,0,400.9,0,0
2025-09-12T01:00:00Z,395.5,0,395.5,0,0
2025-09-12T02:00:00Z,393.9,0,393.9,0,0
2025-09-12T03:00:00Z,399.9,0,399.9,0,0
2025-09-12T04:00:00Z,407.6,0,407.6,0,0
2025-09-12T05:00:00Z,400.1,0,400.1,0,0
2025-09-12T06:00:00Z,389.1,0,389.1,0,0
2025-09-12T07:00:00Z,382.0,0,382.0,0,0
2025-09-12T08:00:00Z,386.2,0,386.2,0,0
2025-09-12T09:00:00Z,-9999.9,9,386.2,1,0
2025-09-12T10:00:00Z,376.7,0,376.7,0,0
2025-09-12T11:00:00Z,383.3,0,383.3,0,0
2025-09-12T12:00:00Z,384.6,0,384.6,0,0
2025-09-12T13:00:00Z,387.6,0,387.6,0,0
2025-09-12T14:00:00Z,379.0,0,379.0,0,0
2025-09-12T15:00:00Z,-9999.9,9,379.0,1,0
2025-09-12T16:00:00Z,394.8,0,394.8,0,0
2025-09-12T17:00:00Z,396.7,0,396.7,0,0
2025-09-12T18:00:00Z,381.7,0,381.7,0,0
2025-09-12T19:00:00Z,379.9,0,379.9,0,0
2025-09-12T20:00:00Z,375.3,0,375.3,0,0
2025-09-12T21:00:00Z,-9999.9,9,375.3,1,0
2025-09-12T22:00:00Z,370.6,0,370.6,0,0
2025-09-12T23:00:00Z,365.7,0,365.7,0,0
2025-09-13T00:00:00Z,366.5,0,366.5,0,0
2025-09-13T01:00:00Z,363.3,0,363.3,0,0
2025-09-13T02:00:00Z,361.4,0,361.4,0,0
2025-09-13T03:00:00Z,-9999.9,9,361.4,1,0
2025-09-13T04:00:00Z,358.4,0,358.4,0,0
2025-09-13T05:00:00Z,358.1,0,358.1,0,0
2025-09-13T06:00:00Z,353.5,0,353.5,0,0
2025-09-13T07:00:00Z,350.1,0,350.1,0,0
2025-09-13T08:00:00Z,347.7,0,347.7,0,0
2025-09-13T09:00:00Z,-9999.9,9,347.7,1,0
2025-09-13T10:00:00Z,368.4,0,368.4,0,0
2025-09-13T11:00:00Z,357.5,0,357.5,0,0
2025-09-13T12:00:00Z,352.3,0,352.3,0,0
2025-09-13T13:00:00Z,346.3,0,346.3,0,0
2025-09-13T14:00:00Z,348.6,0,348.6,0,0
2025-09-13T15:00:00Z,353.9,0,353.9,0,0
2025-09-13T16:00:00Z,346.2,0,346.2,0,0
2025-09-13T17:00:00Z,349.3,0,349.3,0,0
2025-09-13T18:00:00Z,344.9,0,344.9,0,0
2025-09-13T19:00:00Z,-9999.9,3,344.9,1,0
2025-09-13T20:00:00Z,350.1,0,350.1,0,0
2025-09-13T21:00:00Z,350.3,0,350.3,0,0
2025-09-13T22:00:00Z,346.8,0,346.8,0,0
2025-09-13T23:00:00Z,356.0,0,356.0,0,0
2025-09-14T00:00:00Z,360.4,0,360.4,0,0
2025-09-14T01:00:00Z,358.9,0,358.9,0,0
2025-09-14T02:00:00Z,359.0,0,359.0,0,0
2025-09-14T03:00:00Z,355.7,0,355.7,0,0
2025-09-14T04:00:00Z,352.4,0,352.4,0,0
2025-09-14T05:00:00Z,354.3,0,354.3,0,0
2025-09-14T06:00:00Z,-9999.9,3,354.3,1,0
2025-09-14T07:00:00Z,344.4,0,344.4,0,0
2025-09-14T08:00:00Z,338.4,0,338.4,0,0
2025-09-14T09:00:00Z,-9999.9,9,338.4,1,0
2025-09-14T10:00:00Z,330.0,0,330.0,0,0
2025-09-14T11:00:00Z,328.1,0,328.1,0,0
2025-09-14T12:00:00Z,326.9,0,326.9,0,0
2025-09-14T13:00:00Z,331.1,0,331.1,0,0
2025-09-14T14:00:00Z,339.3,0,339.3,0,0
2025-09-14T15:00:00Z,351.2,0,351.2,0,0
2025-09-14T16:00:00Z,354.4,0,354.4,0,0
2025-09-14T17:00:00Z,360.7,0,360.7,0,0
2025-09-14T18:00:00Z,373.8,0,373.8,0,0
2025-09-14T19:00:00Z,426.5,0,426.5,0,0
2025-09-14T20:00:00Z,465.8,0,465.8,0,0
2025-09-14T21:00:00Z,-9999.9,9,465.8,1,0
2025-09-14T22:00:00Z,489.8,1,489.8,0,0
2025-09-14T23:00:00Z,582.1,0,582.1,0,0
2025-09-15T00:00:00Z,630.1,0,630.1,0,0
2025-09-15T01:00:00Z,657.2,0,657.2,0,0
2025-09-15T02:00:00Z,682.1,0,682.1,0,0
2025-09-15T03:00:00Z,706.8,0,706.8,0,0
2025-09-15T04:00:00Z,702.4,1,702.4,0,0
2025-09-15T05:00:00Z,694.3,1,694.3,0,0
2025-09-15T06:00:00Z,693.0,1,693.0,0,0
2025-09-15T07:00:00Z,639.6,1,639.6,0,0
2025-09-15T08:00:00Z,618.4,0,618.4,0,0
2025-09-15T09:00:00Z,-9999.9,9,618.4,1,0
2025-09-15T10:00:00Z,634.6,0,634.6,0,0
2025-09-15T11:00:00Z,612.8,1,612.8,0,0
2025-09-15T12:00:00Z,635.6,1,635.6,0,0
2025-09-15T13:00:00Z,653.4,0,653.4,0,0
2025-09-15T14:00:00Z,645.8,1,645.8,0,0
2025-09-15T15:00:00Z,627.8,0,627.8,0,0
2025-09-15T16:00:00Z,648.7,0,648.7,0,0
2025-09-15T17:00:00Z,667.0,1,667.0,0,0
2025-09-15T18:00:00Z,672.6,1,672.6,0,0
2025-09-15T19:00:00Z,665.7,1,665.7,0,0
2025-09-15T20:00:00Z,714.9,1,714.9,0,0
2025-09-15T21:00:00Z,-9999.9,9,714.9,1,0
2025-09-15T22:00:00Z,748.1,0,748.1,0,0
2025-09-15T23:00:00Z,750.6,0,750.6,0,0
2025-09-16T00:00:00Z,776.9,0,776.9,0,0
2025-09-16T01:00:00Z,751.6,0,751.6,0,0
2025-09-16T02:00:00Z,759.7,0,759.7,0,0
2025-09-16T03:00:00Z,-9999.9,0,759.7,1,0
2025-09-16T04:00:00Z,733.2,0,733.2,0,0
2025-09-16T05:00:00Z,744.9,6,744.9,0,0
2025-09-16T06:00:00Z,738.0,0,738.0,0,0
2025-09-16T07:00:00Z,721.6,0,721.6,0,0
2025-09-16T08:00:00Z,713.5,0,713.5,0,0
2025-09-16T09:00:00Z,-9999.9,9,713.5,1,0
2025-09-16T10:00:00Z,720.9,0,720.9,0,0
2025-09-16T11:00:00Z,725.9,0,725.9,0,0
2025-09-16T12:00:00Z,707.9,0,707.9,0,0
2025-09-16T13:00:00Z,724.0,0,724.0,0,0
2025-09-16T14:00:00Z,722.6,0,722.6,0,0
2025-09-16T15:00:00Z,-9999.9,0,722.6,1,0
2025-09-16T16:00:00Z,709.7,0,709.7,0,0
2025-09-16T17:00:00Z,712.1,0,712.1,0,0
2025-09-16T18:00:00Z,703.2,0,703.2,0,0
2025-09-16T19:00:00Z,698.4,0,698.4,0,0
2025-09-16T20:00:00Z,700.5,0,700.5,0,0
2025-09-16T21:00:00Z,695.8,1,695.8,0,0
2025-09-16T22:00:00Z,696.4,0,696.4,0,0
2025-09-16T23:00:00Z,699.8,0,699.8,0,0
2025-09-17T00:00:00Z,691.0,0,691.0,0,0
2025-09-17T01:00:00Z,664.4,0,664.4,0,0
2025-09-17T02:00:00Z,666.9,0,666.9,0,0
2025-09-17T03:00:00Z,-9999.9,1,666.9,1,0
2025-09-17T04:00:00Z,659.6,0,659.6,0,0
2025-09-17T05:00:00Z,670.9,0,670.9,0,0
2025-09-17T06:00:00Z,666.4,0,666.4,0,0
2025-09-17T07:00:00Z,650.1,0,650.1,0,0
2025-09-17T08:00:00Z,648.8,0,648.8,0,0
2025-09-17T09:00:00Z,631.2,1,631.2,0,0
2025-09-17T10:00:00Z,643.3,0,643.3,0,0
2025-09-17T11:00:00Z,636.1,0,636.1,0,0
2025-09-17T12:00:00Z,629.5,0,629.5,0,0
2025-09-17T13:00:00Z,627.6,0,627.6,0,0
2025-09-17T14:00:00Z,615.3,0,615.3,0,0
2025-09-17T15:00:00Z,-9999.9,0,615.3,1,0
2025-09-17T16:00:00Z,599.1,1,599.1,0,0
2025-09-17T17:00:00Z,583.2,0,583.2,0,0
2025-09-17T18:00:00Z,578.6,1,578.6,0,0
2025-09-17T19:00:00Z,570.2,0,570.2,0,0
2025-09-17T20:00:00Z,-9999.9,3,570.2,1,0
2025-09-17T21:00:00Z,-9999.9,9,570.2,1,0
2025-09-17T22:00:00Z,554.5,0,554.5,0,0
2025-09-17T23:00:00Z,571.1,0,571.1,0,0
2025-09-18T00:00:00Z,545.5,1,545.5,0,0
2025-09-18T01:00:00Z,540.3,0,540.3,0,0
2025-09-18T02:00:00Z,528.9,0,528.9,0,0
2025-09-18T03:00:00Z,-9999.9,0,528.9,1,0
2025-09-18T04:00:00Z,541.0,0,541.0,0,0
2025-09-18T05:00:00Z,549.6,0,549.6,0,0
2025-09-18T06:00:00Z,551.6,0,551.6,0,0
2025-09-18T07:00:00Z,531.3,0,531.3,0,0
2025-09-18T08:00:00Z,530.3,0,530.3,0,0
2025-09-18T09:00:00Z,-9999.9,9,530.3,1,0
2025-09-18T10:00:00Z,525.2,0,525.2,0,0
2025-09-18T11:00:00Z,534.1,0,534.1,0,0
2025-09-18T12:00:00Z,-9999.9,3,534.1,1,0
2025-09-18T13:00:00Z,522.9,0,522.9,0,0
2025-09-18T14:00:00Z,518.0,0,518.0,0,0
2025-09-18T15:00:00Z,-9999.9,0,518.0,1,0
2025-09-18T16:00:00Z,525.5,0,525.5,0,0
2025-09-18T17:00:00Z,514.2,0,514.2,0,0
2025-09-18T18:00:00Z,508.3,0,508.3,0,0
2025-09-18T19:00:00Z,493.4,0,493.4,0,0
2025-09-18T20:00:00Z,488.0,0,488.0,0,0
2025-09-18T21:00:00Z,489.7,0,489.7,0,0
2025-09-18T22:00:00Z,502.3,0,502.3,0,0
2025-09-18T23:00:00Z,469.4,0,469.4,0,0
2025-09-19T00:00:00Z,454.1,0,454.1,0,0
2025-09-19T01:00:00Z,444.5,0,444.5,0,0
2025-09-19T02:00:00Z,434.8,0,434.8,0,0
2025-09-19T03:00:00Z,-9999.9,0,434.8,1,0
2025-09-19T04:00:00Z,429.9,0,429.9,0,0
2025-09-19T05:00:00Z,423.7,0,423.7,0,0
2025-09-19T06:00:00Z,422.7,0,422.7,0,0
2025-09-19T07:00:00Z,422.6,0,422.6,0,0
2025-09-19T08:00:00Z,424.2,0,424.2,0,0
2025-09-19T09:00:00Z,-9999.9,9,424.2,1,0
2025-09-19T10:00:00Z,410.8,0,410.8,0,0
2025-09-19T11:00:00Z,404.5,0,404.5,0,0
2025-09-19T12:00:00Z,399.3,0,399.3,0,0
2025-09-19T13:00:00Z,399.1,0,399.1,0,0
2025-09-19T14:00:00Z,396.9,0,396.9,0,0
2025-09-19T15:00:00Z,-9999.9,3,396.9,1,0
2025-09-19T16:00:00Z,387.2,0,387.2,0,0
2025-09-19T17:00:00Z,385.2,0,385.2,0,0
2025-09-19T18:00:00Z,381.5,0,381.5,0,0
2025-09-19T19:00:00Z,381.8,0,381.8,0,0
2025-09-19T20:00:00Z,383.8,0,383.8,0,0
2025-09-19T21:00:00Z,383.6,0,383.6,0,0
2025-09-19T22:00:00Z,379.0,0,379.0,0,0
2025-09-19T23:00:00Z,374.6,0,374.6,0,0
2025-09-20T00:00:00Z,368.8,0,368.8,0,0
2025-09-20T01:00:00Z,367.0,0,367.0,0,0
2025-09-20T02:00:00Z,373.8,0,373.8,0,0
2025-09-20T03:00:00Z,-9999.9,0,373.8,1,0
2025-09-20T04:00:00Z,360.8,0,360.8,0,0
2025-09-20T05:00:00Z,358.0,0,358.0,0,0
2025-09-20T06:00:00Z,358.6,1,358.6,0,0
2025-09-20T07:00:00Z,354.5,0,354.5,0,0
2025-09-20T08:00:00Z,355.7,0,355.7,0,0
2025-09-20T09:00:00Z,349.5,1,349.5,0,0
2025-09-20T10:00:00Z,353.0,0,353.0,0,0
2025-09-20T11:00:00Z,353.3,0,353.3,0,0
2025-09-20T12:00:00Z,347.8,0,347.8,0,0
2025-09-20T13:00:00Z,341.6,0,341.6,0,0
2025-09-20T14:00:00Z,348.8,0,348.8,0,0
2025-09-20T15:00:00Z,-9999.9,9,348.8,1,0
2025-09-20T16:00:00Z,342.0,0,342.0,0,0
2025-09-20T17:00:00Z,345.0,0,345.0,0,0
2025-09-20T18:00:00Z,343.2,0,343.2,0,0
2025-09-20T19:00:00Z,340.2,0,340.2,0,0
2025-09-20T20:00:00Z,339.6,0,339.6,0,0
2025-09-20T21:00:00Z,340.9,0,340.9,0,0
2025-09-20T22:00:00Z,337.3,0,337.3,0,0
2025-09-20T23:00:00Z,327.7,0,327.7,0,0
2025-09-21T00:00:00Z,331.4,0,331.4,0,0
2025-09-21T01:00:00Z,329.7,0,329.7,0,0
2025-09-21T02:00:00Z,325.9,0,325.9,0,0
2025-09-21T03:00:00Z,-9999.9,0,325.9,1,0
2025-09-21T04:00:00Z,330.2,0,330.2,0,0
2025-09-21T05:00:00Z,330.9,0,330.9,0,0
2025-09-21T06:00:00Z,325.6,0,325.6,0,0
2025-09-21T07:00:00Z,317.1,0,317.1,0,0
2025-09-21T08:00:00Z,322.6,0,322.6,0,0
2025-09-21T09:00:00Z,-9999.9,9,322.6,1,0
2025-09-21T10:00:00Z,319.8,0,319.8,0,0
2025-09-21T11:00:00Z,321.1,0,321.1,0,0
2025-09-21T12:00:00Z,314.8,0,314.8,0,0
2025-09-21T13:00:00Z,315.4,0,315.4,0,0
2025-09-21T14:00:00Z,312.6,0,312.6,0,0
2025-09-21T15:00:00Z,-9999.9,9,312.6,1,0
2025-09-21T16:00:00Z,303.4,0,303.4,0,0
2025-09-21T17:00:00Z,295.3,0,295.3,0,0
2025-09-21T18:00:00Z,293.2,0,293.2,0,0
2025-09-21T19:00:00Z,290.4,0,290.4,0,0
2025-09-21T20:00:00Z,296.0,0,296.0,0,0
2025-09-21T21:00:00Z,-9999.9,9,296.0,1,0
2025-09-21T22:00:00Z,301.7,0,301.7,0,0
2025-09-21T23:00:00Z,312.7,0,312.7,0,0
2025-09-22T00:00:00Z,315.8,0,315.8,0,0
2025-09-22T01:00:00Z,328.9,0,328.9,0,0
2025-09-22T02:00:00Z,335.6,1,335.6,0,0
2025-09-22T03:00:00Z,-9999.9,0,335.6,1,0
2025-09-22T04:00:00Z,338.9,0,338.9,0,0
2025-09-22T05:00:00Z,351.7,0,351.7,0,0
2025-09-22T06:00:00Z,357.8,1,357.8,0,0
2025-09-22T07:00:00Z,362.4,0,362.4,0,0
2025-09-22T08:00:00Z,371.4,0,371.4,0,0
2025-09-22T09:00:00Z,373.1,1,373.1,0,0
2025-09-22T10:00:00Z,382.7,0,382.7,0,0
2025-09-22T11:00:00Z,402.9,0,402.9,0,0
2025-09-22T12:00:00Z,420.6,0,420.6,0,0
2025-09-22T13:00:00Z,439.3,1,439.3,0,0
2025-09-22T14:00:00Z,460.4,1,460.4,0,0
2025-09-22T15:00:00Z,-9999.9,9,460.4,1,0
2025-09-22T16:00:00Z,486.8,0,486.8,0,0
2025-09-22T17:00:00Z,502.6,0,502.6,0,0
2025-09-22T18:00:00Z,-9999.9,3,502.6,1,0
2025-09-22T19:00:00Z,496.7,1,496.7,0,0
2025-09-22T20:00:00Z,497.9,1,497.9,0,0
2025-09-22T21:00:00Z,-9999.9,9,497.9,1,0
2025-09-22T22:00:00Z,521.5,1,521.5,0,0
2025-09-22T23:00:00Z,512.0,0,512.0,0,0
2025-09-23T00:00:00Z,510.5,0,510.5,0,0
2025-09-23T01:00:00Z,522.5,1,522.5,0,0
2025-09-23T02:00:00Z,525.9,0,525.9,0,0
2025-09-23T03:00:00Z,-9999.9,0,525.9,1,0
2025-09-23T04:00:00Z,539.9,0,539.9,0,0
2025-09-23T05:00:00Z,545.6,0,545.6,0,0
2025-09-23T06:00:00Z,542.1,0,542.1,0,0
2025-09-23T07:00:00Z,537.7,0,537.7,0,0
2025-09-23T08:00:00Z,570.0,0,570.0,0,0
2025-09-23T09:00:00Z,-9999.9,9,570.0,1,0
2025-09-23T10:00:00Z,563.5,0,563.5,0,0
2025-09-23T11:00:00Z,581.3,1,581.3,0,0
2025-09-23T12:00:00Z,575.7,0,575.7,0,0
2025-09-23T13:00:00Z,579.8,0,579.8,0,0
2025-09-23T14:00:00Z,560.5,1,560.5,0,0
2025-09-23T15:00:00Z,-9999.9,9,560.5,1,0
2025-09-23T16:00:00Z,563.0,0,563.0,0,0
2025-09-23T17:00:00Z,551.3,0,551.3,0,0
2025-09-23T18:00:00Z,559.2,0,559.2,0,0
2025-09-23T19:00:00Z,564.5,0,564.5,0,0
2025-09-23T20:00:00Z,557.9,0,557.9,0,0
2025-09-23T21:00:00Z,554.3,0,554.3,0,0
2025-09-23T22:00:00Z,556.0,0,556.0,0,0
2025-09-23T23:00:00Z,537.6,0,537.6,0,0
2025-09-24T00:00:00Z,539.9,0,539.9,0,0
2025-09-24T01:00:00Z,536.9,1,536.9,0,0
2025-09-24T02:00:00Z,537.8,0,537.8,0,0
2025-09-24T03:00:00Z,-9999.9,0,537.8,1,0
2025-09-24T04:00:00Z,557.5,0,557.5,0,0
2025-09-24T05:00:00Z,543.0,0,543.0,0,0
2025-09-24T06:00:00Z,548.9,0,548.9,0,0
2025-09-24T07:00:00Z,532.4,1,532.4,0,0
2025-09-24T08:00:00Z,-9999.9,3,532.4,1,0
2025-09-24T09:00:00Z,-9999.9,9,532.4,1,0
2025-09-24T10:00:00Z,521.9,1,521.9,0,0
2025-09-24T11:00:00Z,511.0,0,511.0,0,0
2025-09-24T12:00:00Z,508.2,0,508.2,0,0
2025-09-24T13:00:00Z,520.0,0,520.0,0,0
2025-09-24T14:00:00Z,494.6,1,494.6,0,0
2025-09-24T15:00:00Z,-9999.9,9,494.6,1,0
2025-09-24T16:00:00Z,512.0,0,512.0,0,0
2025-09-24T17:00:00Z,508.0,1,508.0,0,0
2025-09-24T18:00:00Z,500.2,0,500.2,0,0
2025-09-24T19:00:00Z,493.2,0,493.2,0,0
2025-09-24T20:00:00Z,486.9,1,486.9,0,0
2025-09-24T21:00:00Z,-9999.9,9,486.9,1,0
2025-09-24T22:00:00Z,505.6,0,505.6,0,0
2025-09-24T23:00:00Z,506.7,0,506.7,0,0
2025-09-25T00:00:00Z,515.6,0,515.6,0,0
2025-09-25T01:00:00Z,501.7,0,501.7,0,0
2025-09-25T02:00:00Z,496.6,0,496.6,0,0
2025-09-25T03:00:00Z,-9999.9,0,496.6,1,0
2025-09-25T04:00:00Z,499.5,0,499.5,0,0
2025-09-25T05:00:00Z,498.7,0,498.7,0,0
2025-09-25T06:00:00Z,497.9,0,497.9,0,0
2025-09-25T07:00:00Z,491.9,0,491.9,0,0
2025-09-25T08:00:00Z,493.9,0,493.9,0,0
2025-09-25T09:00:00Z,-9999.9,9,493.9,1,0
2025-09-25T10:00:00Z,478.6,0,478.6,0,0
2025-09-25T11:00:00Z,-9999.9,3,478.6,1,0
2025-09-25T12:00:00Z,485.1,0,485.1,0,0
2025-09-25T13:00:00Z,474.7,0,474.7,0,0
2025-09-25T14:00:00Z,465.6,0,465.6,0,0
2025-09-25T15:00:00Z,-9999.9,9,465.6,1,0
2025-09-25T16:00:00Z,468.4,0,468.4,0,0
2025-09-25T17:00:00Z,478.9,0,478.9,0,0
2025-09-25T18:00:00Z,485.5,0,485.5,0,0
2025-09-25T19:00:00Z,465.6,0,465.6,0,0
2025-09-25T20:00:00Z,456.8,0,456.8,0,0
2025-09-25T21:00:00Z,-9999.9,9,456.8,1,0
2025-09-25T22:00:00Z,464.6,1,464.6,0,0
2025-09-25T23:00:00Z,465.6,1,465.6,0,0
2025-09-26T00:00:00Z,441.7,1,441.7,0,1
2025-09-26T01:00:00Z,451.5,0,451.5,0,1
2025-09-26T02:00:00Z,435.6,1,435.6,0,1
2025-09-26T03:00:00Z,-9999.9,1,435.6,1,1
2025-09-26T04:00:00Z,435.3,1,435.3,0,1
2025-09-26T05:00:00Z,445.3,0,445.3,0,1
2025-09-26T06:00:00Z,451.7,0,451.7,0,1
2025-09-26T07:00:00Z,448.9,0,448.9,0,1
2025-09-26T08:00:00Z,453.9,0,453.9,0,1
2025-09-26T09:00:00Z,-9999.9,9,453.9,1,1
2025-09-26T10:00:00Z,430.9,0,430.9,0,1
2025-09-26T11:00:00Z,445.1,0,445.1,0,1
2025-09-26T12:00:00Z,440.3,0,440.3,0,1
2025-09-26T13:00:00Z,436.5,0,436.5,0,1
2025-09-26T14:00:00Z,-9999.9,3,436.5,1,1
2025-09-26T15:00:00Z,-9999.9,0,436.5,1,1
2025-09-26T16:00:00Z,418.0,0,418.0,0,1
2025-09-26T17:00:00Z,413.5,0,413.5,0,1
2025-09-26T18:00:00Z,414.9,0,414.9,0,1
2025-09-26T19:00:00Z,412.0,0,412.0,0,1
2025-09-26T20:00:00Z,406.0,0,406.0,0,1
2025-09-26T21:00:00Z,-9999.9,9,406.0,1,1
2025-09-26T22:00:00Z,407.3,0,407.3,0,1
2025-09-26T23:00:00Z,400.3,0,400.3,0,1
2025-09-27T00:00:00Z,401.8,0,401.8,0,1
2025-09-27T01:00:00Z,387.7,0,387.7,0,1
2025-09-27T02:00:00Z,384.9,0,384.9,0,1
2025-09-27T03:00:00Z,-9999.9,9,384.9,1,1
2025-09-27T04:00:00Z,384.5,0,384.5,0,1
2025-09-27T05:00:00Z,386.8,0,386.8,0,1
2025-09-27T06:00:00Z,391.8,0,391.8,0,1
2025-09-27T07:00:00Z,387.8,0,387.8,0,1
2025-09-27T08:00:00Z,384.3,0,384.3,0,1
2025-09-27T09:00:00Z,376.1,0,376.1,0,1
2025-09-27T10:00:00Z,366.3,0,366.3,0,1
2025-09-27T11:00:00Z,362.9,0,362.9,0,1
2025-09-27T12:00:00Z,371.8,0,371.8,0,1
2025-09-27T13:00:00Z,357.6,0,357.6,0,1
2025-09-27T14:00:00Z,362.5,0,362.5,0,1
2025-09-27T15:00:00Z,-9999.9,9,362.5,1,1
2025-09-27T16:00:00Z,369.1,0,369.1,0,1
2025-09-27T17:00:00Z,363.9,0,363.9,0,1
2025-09-27T18:00:00Z,365.1,0,365.1,0,1
2025-09-27T19:00:00Z,372.3,0,372.3,0,1
2025-09-27T20:00:00Z,364.7,0,364.7,0,1
2025-09-27T21:00:00Z,-9999.9,9,364.7,1,1
2025-09-27T22:00:00Z,381.8,0,381.8,0,1
2025-09-27T23:00:00Z,403.9,0,403.9,0,1
2025-09-28T00:00:00Z,411.3,0,411.3,0,1
2025-09-28T01:00:00Z,417.2,0,417.2,0,1
2025-09-28T02:00:00Z,410.6,0,410.6,0,1
2025-09-28T03:00:00Z,-9999.9,0,410.6,1,1
2025-09-28T04:00:00Z,404.5,0,404.5,0,1
2025-09-28T05:00:00Z,416.9,0,416.9,0,1
2025-09-28T06:00:00Z,418.8,0,418.8,0,1
2025-09-28T07:00:00Z,419.4,0,419.4,0,1
2025-09-28T08:00:00Z,417.3,0,417.3,0,1
2025-09-28T09:00:00Z,-9999.9,9,417.3,1,1
2025-09-28T10:00:00Z,407.1,0,407.1,0,1
2025-09-28T11:00:00Z,410.9,0,410.9,0,1
2025-09-28T12:00:00Z,405.1,0,405.1,0,1
2025-09-28T13:00:00Z,406.4,0,406.4,0,1
2025-09-28T14:00:00Z,406.1,0,406.1,0,1
2025-09-28T15:00:00Z,-9999.9,9,406.1,1,1
2025-09-28T16:00:00Z,394.6,0,394.6,0,1
2025-09-28T17:00:00Z,396.0,0,396.0,0,1
2025-09-28T18:00:00Z,400.0,0,400.0,0,1
2025-09-28T19:00:00Z,394.3,1,394.3,0,1
2025-09-28T20:00:00Z,391.5,0,391.5,0,1
2025-09-28T21:00:00Z,397.9,0,397.9,0,1
2025-09-28T22:00:00Z,408.6,1,408.6,0,1
2025-09-28T23:00:00Z,409.8,0,409.8,0,1
2025-09-29T00:00:00Z,398.3,0,398.3,0,1
2025-09-29T01:00:00Z,395.1,0,395.1,0,1
2025-09-29T02:00:00Z,397.8,0,397.8,0,1
2025-09-29T03:00:00Z,-9999.9,0,397.8,1,1
2025-09-29T04:00:00Z,391.2,0,391.2,0,1
2025-09-29T05:00:00Z,398.2,0,398.2,0,1
2025-09-29T06:00:00Z,403.9,1,403.9,0,1
2025-09-29T07:00:00Z,415.5,1,415.5,0,1
2025-09-29T08:00:00Z,391.7,0,391.7,0,1
2025-09-29T09:00:00Z,-9999.9,9,391.7,1,1
2025-09-29T10:00:00Z,384.3,0,384.3,0,1
2025-09-29T11:00:00Z,375.1,0,375.1,0,1
2025-09-29T12:00:00Z,370.4,0,370.4,0,1
2025-09-29T13:00:00Z,381.4,0,381.4,0,1
2025-09-29T14:00:00Z,384.2,0,384.2,0,1
2025-09-29T15:00:00Z,-9999.9,9,384.2,1,1
2025-09-29T16:00:00Z,387.0,0,387.0,0,1
2025-09-29T17:00:00Z,394.6,0,394.6,0,1
2025-09-29T18:00:00Z,385.3,0,385.3,0,1
2025-09-29T19:00:00Z,388.4,0,388.4,0,1
2025-09-29T20:00:00Z,392.6,0,392.6,0,1
2025-09-29T21:00:00Z,-9999.9,9,392.6,1,1
2025-09-29T22:00:00Z,408.3,0,408.3,0,1
2025-09-29T23:00:00Z,403.9,0,403.9,0,1
2025-09-30T00:00:00Z,416.0,0,416.0,0,1
2025-09-30T01:00:00Z,418.5,0,418.5,0,1
2025-09-30T02:00:00Z,421.6,0,421.6,0,1
2025-09-30T03:00:00Z,-9999.9,0,421.6,1,1
2025-09-30T04:00:00Z,428.5,1,428.5,0,1
2025-09-30T05:00:00Z,400.3,1,400.3,0,1
2025-09-30T06:00:00Z,406.1,0,406.1,0,1
2025-09-30T07:00:00Z,402.1,0,402.1,0,1
2025-09-30T08:00:00Z,410.0,0,410.0,0,1
2025-09-30T09:00:00Z,-9999.9,9,410.0,1,1
2025-09-30T10:00:00Z,442.4,0,442.4,0,1
2025-09-30T11:00:00Z,439.1,0,439.1,0,1
2025-09-30T12:00:00Z,523.1,0,523.1,0,1
2025-09-30T13:00:00Z,550.0,0,550.0,0,1
2025-09-30T14:00:00Z,566.8,0,566.8,0,1
2025-09-30T15:00:00Z,-9999.9,0,566.8,1,1
2025-09-30T16:00:00Z,644.2,0,644.2,0,1
2025-09-30T17:00:00Z,638.4,0,638.4,0,1
2025-09-30T18:00:00Z,619.9,1,619.9,0,1
2025-09-30T19:00:00Z,641.6,0,641.6,0,1
2025-09-30T20:00:00Z,639.1,0,639.1,0,1
2025-09-30T21:00:00Z,638.2,0,638.2,0,1
2025-09-30T22:00:00Z,657.6,0,657.6,0,1
2025-09-30T23:00:00Z,693.0,0,693.0,0,1
2025-10-01T00:00:00Z,700.9,0,700.9,0,1
2025-10-01T01:00:00Z,713.3,6,713.3,0,1
2025-10-01T02:00:00Z,672.5,0,672.5,0,1
2025-10-01T03:00:00Z,-9999.9,0,672.5,1,1
2025-10-01T04:00:00Z,723.1,0,723.1,0,1
2025-10-01T05:00:00Z,692.3,0,692.3,0,1
2025-10-01T06:00:00Z,665.9,1,665.9,0,1
2025-10-01T07:00:00Z,673.5,1,673.5,0,1
2025-10-01T08:00:00Z,701.2,0,701.2,0,1
2025-10-01T09:00:00Z,693.8,1,693.8,0,1
2025-10-01T10:00:00Z,696.4,0,696.4,0,1
2025-10-01T11:00:00Z,748.5,0,748.5,0,1
2025-10-01T12:00:00Z,-9999.9,3,748.5,1,1
2025-10-01T13:00:00Z,724.6,1,724.6,0,1
2025-10-01T14:00:00Z,728.5,0,728.5,0,1
2025-10-01T15:00:00Z,731.5,0,731.5,0,1
2025-10-01T16:00:00Z,734.6,0,734.6,0,1
2025-10-01T17:00:00Z,735.4,0,735.4,0,1
2025-10-01T18:00:00Z,753.0,1,753.0,0,1
2025-10-01T19:00:00Z,749.3,0,749.3,0,1
2025-10-01T20:00:00Z,741.5,0,741.5,0,1
2025-10-01T21:00:00Z,745.6,0,745.6,0,1
2025-10-01T22:00:00Z,730.0,1,730.0,0,1
2025-10-01T23:00:00Z,728.4,0,728.4,0,1
2025-10-02T00:00:00Z,719.8,0,719.8,0,1
2025-10-02T01:00:00Z,700.1,6,700.1,0,1
2025-10-02T02:00:00Z,729.7,0,729.7,0,1
2025-10-02T03:00:00Z,683.8,0,683.8,0,1
2025-10-02T04:00:00Z,688.8,6,688.8,0,1
2025-10-02T05:00:00Z,713.8,0,713.8,0,1
2025-10-02T06:00:00Z,766.9,0,766.9,0,1
2025-10-02T07:00:00Z,768.1,1,768.1,0,1
2025-10-02T08:00:00Z,784.7,0,784.7,0,1
2025-10-02T09:00:00Z,-9999.9,9,784.7,1,1
2025-10-02T10:00:00Z,778.0,0,778.0,0,1
2025-10-02T11:00:00Z,755.2,0,755.2,0,1
2025-10-02T12:00:00Z,769.4,0,769.4,0,1
2025-10-02T13:00:00Z,730.6,0,730.6,0,1
2025-10-02T14:00:00Z,712.2,0,712.2,0,1
2025-10-02T15:00:00Z,-9999.9,9,712.2,1,1
2025-10-02T16:00:00Z,721.7,0,721.7,0,1
2025-10-02T17:00:00Z,703.1,1,703.1,0,1
2025-10-02T18:00:00Z,734.5,0,734.5,0,1
2025-10-02T19:00:00Z,736.0,0,736.0,0,1
2025-10-02T20:00:00Z,748.3,0,748.3,0,1
2025-10-02T21:00:00Z,760.5,0,760.5,0,1
2025-10-02T22:00:00Z,745.8,0,745.8,0,1
2025-10-02T23:00:00Z,739.3,0,739.3,0,1
2025-10-03T00:00:00Z,747.4,0,747.4,0,1
2025-10-03T01:00:00Z,752.6,1,752.6,0,1
2025-10-03T02:00:00Z,762.3,0,762.3,0,1
2025-10-03T03:00:00Z,705.1,0,705.1,0,1
2025-10-03T04:00:00Z,732.8,0,732.8,0,1
2025-10-03T05:00:00Z,712.8,0,712.8,0,1
2025-10-03T06:00:00Z,715.9,0,715.9,0,1
2025-10-03T07:00:00Z,735.7,0,735.7,0,1
2025-10-03T08:00:00Z,734.0,0,734.0,0,1
2025-10-03T09:00:00Z,-9999.9,9,734.0,1,1
2025-10-03T10:00:00Z,734.3,0,734.3,0,1
2025-10-03T11:00:00Z,714.7,1,714.7,0,1
2025-10-03T12:00:00Z,696.6,0,696.6,0,1
2025-10-03T13:00:00Z,711.1,0,711.1,0,1
2025-10-03T14:00:00Z,674.8,1,674.8,0,1
2025-10-03T15:00:00Z,688.8,0,688.8,0,1
2025-10-03T16:00:00Z,667.0,0,667.0,0,1
2025-10-03T17:00:00Z,640.2,0,640.2,0,1
2025-10-03T18:00:00Z,617.0,0,617.0,0,1
2025-10-03T19:00:00Z,608.9,0,608.9,0,1
2025-10-03T20:00:00Z,589.9,0,589.9,0,1
2025-10-03T21:00:00Z,605.5,0,605.5,0,1
2025-10-03T22:00:00Z,594.9,6,594.9,0,1
2025-10-03T23:00:00Z,681.0,6,681.0,0,1
2025-10-04T00:00:00Z,535.5,6,535.5,0,1
2025-10-04T01:00:00Z,-9999.9,6,535.5,1,1
2025-10-04T02:00:00Z,590.5,1,590.5,0,1
2025-10-04T03:00:00Z,624.7,0,624.7,0,1
2025-10-04T04:00:00Z,618.8,0,618.8,0,1
2025-10-04T05:00:00Z,604.8,6,604.8,0,1
2025-10-04T06:00:00Z,602.0,0,602.0,0,1
2025-10-04T07:00:00Z,634.9,0,634.9,0,1
2025-10-04T08:00:00Z,654.8,0,654.8,0,1
2025-10-04T09:00:00Z,627.2,0,627.2,0,1
2025-10-04T10:00:00Z,623.8,0,623.8,0,1
2025-10-04T11:00:00Z,632.1,0,632.1,0,1
2025-10-04T12:00:00Z,612.9,1,612.9,0,1
2025-10-04T13:00:00Z,594.4,1,594.4,0,1
2025-10-04T14:00:00Z,587.2,0,587.2,0,1
2025-10-04T15:00:00Z,-9999.9,9,587.2,1,1
2025-10-04T16:00:00Z,611.5,1,611.5,0,1
2025-10-04T17:00:00Z,597.1,0,597.1,0,1
2025-10-04T18:00:00Z,590.9,0,590.9,0,1
2025-10-04T19:00:00Z,581.8,0,581.8,0,1
2025-10-04T20:00:00Z,578.8,0,578.8,0,1
2025-10-04T21:00:00Z,-9999.9,9,578.8,1,1
2025-10-04T22:00:00Z,596.3,6,596.3,0,1
2025-10-04T23:00:00Z,564.0,6,564.0,0,1
2025-10-05T00:00:00Z,571.7,6,571.7,0,1
2025-10-05T01:00:00Z,571.2,0,571.2,0,1
2025-10-05T02:00:00Z,552.8,1,552.8,0,1
2025-10-05T03:00:00Z,528.6,1,528.6,0,1
2025-10-05T04:00:00Z,527.0,1,527.0,0,1
2025-10-05T05:00:00Z,524.9,1,524.9,0,1
2025-10-05T06:00:00Z,511.8,0,511.8,0,1
2025-10-05T07:00:00Z,473.4,0,473.4,0,1
2025-10-05T08:00:00Z,495.7,0,495.7,0,1
2025-10-05T09:00:00Z,460.0,0,460.0,0,1
2025-10-05T10:00:00Z,453.9,1,453.9,0,1
2025-10-05T11:00:00Z,458.2,0,458.2,0,1
2025-10-05T12:00:00Z,473.9,0,473.9,0,1
2025-10-05T13:00:00Z,465.8,0,465.8,0,1
2025-10-05T14:00:00Z,466.5,0,466.5,0,1
2025-10-05T15:00:00Z,442.4,0,442.4,0,1
2025-10-05T16:00:00Z,448.0,0,448.0,0,1
2025-10-05T17:00:00Z,442.7,1,442.7,0,1
2025-10-05T18:00:00Z,438.2,0,438.2,0,1
2025-10-05T19:00:00Z,432.7,0,432.7,0,1
2025-10-05T20:00:00Z,435.9,0,435.9,0,1
2025-10-05T21:00:00Z,-9999.9,9,435.9,1,1
2025-10-05T22:00:00Z,456.7,0,456.7,0,1
2025-10-05T23:00:00Z,459.5,0,459.5,0,1
2025-10-06T00:00:00Z,447.0,6,447.0,0,1
2025-10-06T01:00:00Z,441.5,0,441.5,0,1
2025-10-06T02:00:00Z,437.9,0,437.9,0,1
2025-10-06T03:00:00Z,440.2,0,440.2,0,1
2025-10-06T04:00:00Z,404.0,0,404.0,0,1
2025-10-06T05:00:00Z,424.9,1,424.9,0,1
2025-10-06T06:00:00Z,414.1,0,414.1,0,1
2025-10-06T07:00:00Z,390.0,0,390.0,0,1
2025-10-06T08:00:00Z,392.9,0,392.9,0,1
2025-10-06T09:00:00Z,-9999.9,9,392.9,1,1
2025-10-06T10:00:00Z,382.2,0,382.2,0,1
2025-10-06T11:00:00Z,396.1,0,396.1,0,1
2025-10-06T12:00:00Z,431.0,0,431.0,0,1
2025-10-06T13:00:00Z,437.6,0,437.6,0,1
2025-10-06T14:00:00Z,426.2,0,426.2,0,1
2025-10-06T15:00:00Z,413.2,0,413.2,0,1
2025-10-06T16:00:00Z,415.9,0,415.9,0,1
2025-10-06T17:00:00Z,424.2,0,424.2,0,1
2025-10-06T18:00:00Z,413.9,0,413.9,0,1
2025-10-06T19:00:00Z,415.3,0,415.3,0,1
2025-10-06T20:00:00Z,420.3,0,420.3,0,1
2025-10-06T21:00:00Z,-9999.9,9,420.3,1,1
2025-10-06T22:00:00Z,430.3,0,430.3,0,1
2025-10-06T23:00:00Z,-9999.9,3,430.3,1,1
2025-10-07T00:00:00Z,416.5,0,416.5,0,1
2025-10-07T01:00:00Z,418.0,1,418.0,0,1
2025-10-07T02:00:00Z,-9999.9,3,418.0,1,1
2025-10-07T03:00:00Z,390.0,0,390.0,0,1
2025-10-07T04:00:00Z,415.0,0,415.0,0,1
2025-10-07T05:00:00Z,440.1,0,440.1,0,1
2025-10-07T06:00:00Z,430.3,0,430.3,0,1
2025-10-07T07:00:00Z,422.9,0,422.9,0,1
2025-10-07T08:00:00Z,405.1,0,405.1,0,1
2025-10-07T09:00:00Z,421.9,0,421.9,0,1
2025-10-07T10:00:00Z,423.9,0,423.9,0,1
2025-10-07T11:00:00Z,437.7,1,437.7,0,1
2025-10-07T12:00:00Z,419.4,0,419.4,0,1
2025-10-07T13:00:00Z,408.0,0,408.0,0,1
2025-10-07T14:00:00Z,397.3,0,397.3,0,1
2025-10-07T15:00:00Z,-9999.9,9,397.3,1,1
2025-10-07T16:00:00Z,414.2,0,414.2,0,1
2025-10-07T17:00:00Z,412.3,0,412.3,0,1
2025-10-07T18:00:00Z,412.8,0,412.8,0,1
2025-10-07T19:00:00Z,407.9,0,407.9,0,1
2025-10-07T20:00:00Z,396.4,0,396.4,0,1
2025-10-07T21:00:00Z,-9999.9,9,396.4,1,1
2025-10-07T22:00:00Z,399.3,0,399.3,0,1
2025-10-07T23:00:00Z,-9999.9,3,399.3,1,1
2025-10-08T00:00:00Z,-9999.9,3,399.3,1,1
2025-10-08T01:00:00Z,-9999.9,3,399.3,1,1
2025-10-08T02:00:00Z,-9999.9,3,399.3,1,1
2025-10-08T03:00:00Z,398.3,0,398.3,0,1
2025-10-08T04:00:00Z,394.0,0,394.0,0,1
2025-10-08T05:00:00Z,387.1,0,387.1,0,1
2025-10-08T06:00:00Z,384.1,0,384.1,0,1
2025-10-08T07:00:00Z,380.9,0,380.9,0,1
2025-10-08T08:00:00Z,395.1,1,395.1,0,1
2025-10-08T09:00:00Z,-9999.9,9,395.1,1,1
2025-10-08T10:00:00Z,375.1,0,375.1,0,1
2025-10-08T11:00:00Z,375.7,0,375.7,0,1
2025-10-08T12:00:00Z,369.4,0,369.4,0,1
2025-10-08T13:00:00Z,374.1,0,374.1,0,1
2025-10-08T14:00:00Z,369.3,0,369.3,0,1
2025-10-08T15:00:00Z,-9999.9,9,369.3,1,1
2025-10-08T16:00:00Z,370.9,0,370.9,0,1
2025-10-08T17:00:00Z,-9999.9,3,370.9,1,1
2025-10-08T18:00:00Z,354.9,0,354.9,0,1
2025-10-08T19:00:00Z,347.8,0,347.8,0,1
2025-10-08T20:00:00Z,342.4,0,342.4,0,1
2025-10-08T21:00:00Z,-9999.9,9,342.4,1,1
2025-10-08T22:00:00Z,338.6,0,338.6,0,1
2025-10-08T23:00:00Z,369.6,0,369.6,0,1
2025-10-09T00:00:00Z,329.2,0,329.2,0,1
2025-10-09T01:00:00Z,340.0,0,340.0,0,1
2025-10-09T02:00:00Z,354.7,0,354.7,0,1
2025-10-09T03:00:00Z,354.5,0,354.5,0,1
2025-10-09T04:00:00Z,360.5,6,360.5,0,1
2025-10-09T05:00:00Z,346.6,1,346.6,0,1
2025-10-09T06:00:00Z,359.4,0,359.4,0,1
2025-10-09T07:00:00Z,364.9,0,364.9,0,1
2025-10-09T08:00:00Z,390.5,0,390.5,0,1
2025-10-09T09:00:00Z,-9999.9,9,390.5,1,1
2025-10-09T10:00:00Z,388.0,0,388.0,0,1
2025-10-09T11:00:00Z,385.1,1,385.1,0,1
2025-10-09T12:00:00Z,373.7,0,373.7,0,1
2025-10-09T13:00:00Z,376.6,0,376.6,0,1
2025-10-09T14:00:00Z,364.7,0,364.7,0,1
2025-10-09T15:00:00Z,-9999.9,9,364.7,1,1
2025-10-09T16:00:00Z,347.2,0,347.2,0,1
2025-10-09T17:00:00Z,358.5,1,358.5,0,1
2025-10-09T18:00:00Z,343.0,1,343.0,0,1
2025-10-09T19:00:00Z,331.2,0,331.2,0,1
2025-10-09T20:00:00Z,338.7,0,338.7,0,1
2025-10-09T21:00:00Z,-9999.9,9,338.7,1,1
2025-10-09T22:00:00Z,333.2,6,333.2,0,1
2025-10-09T23:00:00Z,335.0,0,335.0,0,1
2025-10-10T00:00:00Z,336.1,1,336.1,0,1
2025-10-10T01:00:00Z,329.2,0,329.2,0,1
2025-10-10T02:00:00Z,342.5,6,342.5,0,1
2025-10-10T03:00:00Z,291.9,0,291.9,0,1
2025-10-10T04:00:00Z,318.6,0,318.6,0,1
2025-10-10T05:00:00Z,332.6,6,332.6,0,1
2025-10-10T06:00:00Z,346.6,0,346.6,0,1
2025-10-10T07:00:00Z,354.0,0,354.0,0,1
2025-10-10T08:00:00Z,381.8,0,381.8,0,1
2025-10-10T09:00:00Z,-9999.9,9,381.8,1,1
2025-10-10T10:00:00Z,363.4,0,363.4,0,1
2025-10-10T11:00:00Z,352.2,0,352.2,0,1
2025-10-10T12:00:00Z,351.9,1,351.9,0,1
2025-10-10T13:00:00Z,354.2,0,354.2,0,1
2025-10-10T14:00:00Z,355.0,0,355.0,0,1
2025-10-10T15:00:00Z,-9999.9,9,355.0,1,1
2025-10-10T16:00:00Z,362.9,0,362.9,0,1
2025-10-10T17:00:00Z,356.9,0,356.9,0,1
2025-10-10T18:00:00Z,339.7,0,339.7,0,1
2025-10-10T19:00:00Z,346.4,0,346.4,0,1
2025-10-10T20:00:00Z,352.2,0,352.2,0,1
2025-10-10T21:00:00Z,-9999.9,9,352.2,1,1
2025-10-10T22:00:00Z,360.8,0,360.8,0,1
2025-10-10T23:00:00Z,366.9,0,366.9,0,1
2025-10-11T00:00:00Z,368.0,0,368.0,0,1
2025-10-11T01:00:00Z,362.7,0,362.7,0,1
2025-10-11T02:00:00Z,363.4,6,363.4,0,1
2025-10-11T03:00:00Z,362.0,0,362.0,0,1
2025-10-11T04:00:00Z,368.7,1,368.7,0,1
2025-10-11T05:00:00Z,373.5,0,373.5,0,1
2025-10-11T06:00:00Z,375.0,6,375.0,0,1
2025-10-11T07:00:00Z,391.3,1,391.3,0,1
2025-10-11T08:00:00Z,413.4,0,413.4,0,1
2025-10-11T09:00:00Z,-9999.9,9,413.4,1,1
2025-10-11T10:00:00Z,418.7,0,418.7,0,1
2025-10-11T11:00:00Z,412.8,0,412.8,0,1
2025-10-11T12:00:00Z,411.7,0,411.7,0,1
2025-10-11T13:00:00Z,395.5,0,395.5,0,1
2025-10-11T14:00:00Z,397.3,0,397.3,0,1
2025-10-11T15:00:00Z,-9999.9,9,397.3,1,1
2025-10-11T16:00:00Z,393.6,0,393.6,0,1
2025-10-11T17:00:00Z,399.2,0,399.2,0,1
2025-10-11T18:00:00Z,405.0,0,405.0,0,1
2025-10-11T19:00:00Z,424.3,0,424.3,0,1
2025-10-11T20:00:00Z,419.4,0,419.4,0,1
2025-10-11T21:00:00Z,-9999.9,9,419.4,1,1
2025-10-11T22:00:00Z,524.4,1,524.4,0,1
2025-10-11T23:00:00Z,536.9,0,536.9,0,1
2025-10-12T00:00:00Z,598.4,6,598.4,0,1
2025-10-12T01:00:00Z,606.0,0,606.0,0,1
2025-10-12T02:00:00Z,-9999.9,3,606.0,1,1
2025-10-12T03:00:00Z,689.3,0,689.3,0,1
2025-10-12T04:00:00Z,697.8,6,697.8,0,1
2025-10-12T05:00:00Z,726.7,6,726.7,0,1
2025-10-12T06:00:00Z,740.2,1,740.2,0,1
2025-10-12T07:00:00Z,734.3,0,734.3,0,1
2025-10-12T08:00:00Z,740.6,0,740.6,0,1
2025-10-12T09:00:00Z,-9999.9,9,740.6,1,1
2025-10-12T10:00:00Z,756.4,0,756.4,0,1
2025-10-12T11:00:00Z,742.5,0,742.5,0,1
2025-10-12T12:00:00Z,734.5,0,734.5,0,1
2025-10-12T13:00:00Z,730.5,0,730.5,0,1
2025-10-12T14:00:00Z,716.9,0,716.9,0,1
2025-10-12T15:00:00Z,710.5,0,710.5,0,1
2025-10-12T16:00:00Z,707.1,0,707.1,0,1
2025-10-12T17:00:00Z,711.5,0,711.5,0,1
2025-10-12T18:00:00Z,696.3,0,696.3,0,1
2025-10-12T19:00:00Z,687.8,0,687.8,0,1
2025-10-12T20:00:00Z,683.0,1,683.0,0,1
2025-10-12T21:00:00Z,693.2,1,693.2,0,1
2025-10-12T22:00:00Z,710.9,0,710.9,0,1
2025-10-12T23:00:00Z,729.0,0,729.0,0,1
2025-10-13T00:00:00Z,699.6,0,699.6,0,1
2025-10-13T01:00:00Z,696.5,0,696.5,0,1
2025-10-13T02:00:00Z,701.3,0,701.3,0,1
2025-10-13T03:00:00Z,-9999.9,9,701.3,1,1
2025-10-13T04:00:00Z,-9999.9,9,701.3,1,1
2025-10-13T05:00:00Z,684.4,1,684.4,0,1
2025-10-13T06:00:00Z,687.6,0,687.6,0,1
2025-10-13T07:00:00Z,684.8,0,684.8,0,1
2025-10-13T08:00:00Z,681.4,0,681.4,0,1
2025-10-13T09:00:00Z,701.8,0,701.8,0,1
2025-10-13T10:00:00Z,703.9,1,703.9,0,1
2025-10-13T11:00:00Z,698.1,0,698.1,0,1
2025-10-13T12:00:00Z,720.7,0,720.7,0,1
2025-10-13T13:00:00Z,678.7,0,678.7,0,1
2025-10-13T14:00:00Z,676.7,0,676.7,0,1
2025-10-13T15:00:00Z,-9999.9,9,676.7,1,1
2025-10-13T16:00:00Z,675.9,0,675.9,0,1
2025-10-13T17:00:00Z,670.3,1,670.3,0,1
2025-10-13T18:00:00Z,660.9,1,660.9,0,1
2025-10-13T19:00:00Z,671.6,1,671.6,0,1
2025-10-13T20:00:00Z,-9999.9,3,671.6,1,1
2025-10-13T21:00:00Z,-9999.9,9,671.6,1,1
2025-10-13T22:00:00Z,661.9,0,661.9,0,1
2025-10-13T23:00:00Z,660.2,0,660.2,0,1
2025-10-14T00:00:00Z,671.8,0,671.8,0,1
2025-10-14T01:00:00Z,705.1,0,705.1,0,1
2025-10-14T02:00:00Z,702.3,0,702.3,0,1
2025-10-14T03:00:00Z,687.7,0,687.7,0,1
2025-10-14T04:00:00Z,679.3,0,679.3,0,1
2025-10-14T05:00:00Z,663.8,1,663.8,0,1
2025-10-14T06:00:00Z,657.3,0,657.3,0,1
2025-10-14T07:00:00Z,634.9,0,634.9,0,1
2025-10-14T08:00:00Z,600.9,0,600.9,0,1
2025-10-14T09:00:00Z,596.1,0,596.1,0,1
2025-10-14T10:00:00Z,584.6,0,584.6,0,1
2025-10-14T11:00:00Z,588.0,0,588.0,0,1
2025-10-14T12:00:00Z,587.6,0,587.6,0,1
2025-10-14T13:00:00Z,581.0,0,581.0,0,1
2025-10-14T14:00:00Z,570.1,0,570.1,0,1
2025-10-14T15:00:00Z,570.3,0,570.3,0,1
2025-10-14T16:00:00Z,564.7,0,564.7,0,1
2025-10-14T17:00:00Z,566.2,0,566.2,0,1
2025-10-14T18:00:00Z,570.8,0,570.8,0,1
2025-10-14T19:00:00Z,566.2,0,566.2,0,1
2025-10-14T20:00:00Z,555.7,0,555.7,0,1
2025-10-14T21:00:00Z,552.6,0,552.6,0,1
2025-10-14T22:00:00Z,551.9,0,551.9,0,1
2025-10-14T23:00:00Z,561.3,0,561.3,0,1
2025-10-15T00:00:00Z,553.2,1,553.2,0,1
2025-10-15T01:00:00Z,549.0,0,549.0,0,1
2025-10-15T02:00:00Z,-9999.9,9,549.0,1,1
2025-10-15T03:00:00Z,-9999.9,9,549.0,1,1
2025-10-15T04:00:00Z,-9999.9,9,549.0,1,1
2025-10-15T05:00:00Z,572.0,1,572.0,0,1
2025-10-15T06:00:00Z,541.4,0,541.4,0,1
2025-10-15T07:00:00Z,543.6,0,543.6,0,1
2025-10-15T08:00:00Z,529.6,0,529.6,0,1
2025-10-15T09:00:00Z,522.6,0,522.6,0,1
2025-10-15T10:00:00Z,523.1,0,523.1,0,1
2025-10-15T11:00:00Z,516.7,0,516.7,0,1
2025-10-15T12:00:00Z,510.2,0,510.2,0,1
2025-10-15T13:00:00Z,505.7,0,505.7,0,1
2025-10-15T14:00:00Z,505.1,0,505.1,0,1
2025-10-15T15:00:00Z,-9999.9,9,505.1,1,1
2025-10-15T16:00:00Z,499.3,0,499.3,0,1
2025-10-15T17:00:00Z,492.5,0,492.5,0,1
2025-10-15T18:00:00Z,488.4,0,488.4,0,1
2025-10-15T19:00:00Z,484.6,0,484.6,0,1
2025-10-15T20:00:00Z,480.5,0,480.5,0,1
2025-10-15T21:00:00Z,471.8,0,471.8,0,1
2025-10-15T22:00:00Z,473.3,6,473.3,0,1
2025-10-15T23:00:00Z,472.8,0,472.8,0,1
2025-10-16T00:00:00Z,469.5,0,469.5,0,1
2025-10-16T01:00:00Z,464.6,0,464.6,0,1
2025-10-16T02:00:00Z,458.1,0,458.1,0,1
2025-10-16T03:00:00Z,455.4,0,455.4,0,1
2025-10-16T04:00:00Z,446.3,0,446.3,0,1
2025-10-16T05:00:00Z,436.9,0,436.9,0,1
2025-10-16T06:00:00Z,428.5,0,428.5,0,1
2025-10-16T07:00:00Z,-9999.9,3,428.5,1,1
2025-10-16T08:00:00Z,440.6,0,440.6,0,1
2025-10-16T09:00:00Z,-9999.9,9,440.6,1,1
2025-10-16T10:00:00Z,436.0,0,436.0,0,1
2025-10-16T11:00:00Z,427.7,0,427.7,0,1
2025-10-16T12:00:00Z,428.3,0,428.3,0,1
2025-10-16T13:00:00Z,424.9,0,424.9,0,1
2025-10-16T14:00:00Z,414.9,0,414.9,0,1
2025-10-16T15:00:00Z,408.7,0,408.7,0,1
2025-10-16T16:00:00Z,-9999.9,9,408.7,1,1
2025-10-16T17:00:00Z,398.4,0,398.4,0,1
2025-10-16T18:00:00Z,404.1,0,404.1,0,1
2025-10-16T19:00:00Z,402.4,1,402.4,0,1
2025-10-16T20:00:00Z,429.6,0,429.6,0,1
2025-10-16T21:00:00Z,-9999.9,9,429.6,1,1
2025-10-16T22:00:00Z,415.8,0,415.8,0,1
2025-10-16T23:00:00Z,401.4,0,401.4,0,1
2025-10-17T00:00:00Z,394.2,0,394.2,0,1
2025-10-17T01:00:00Z,394.2,0,394.2,0,1
2025-10-17T02:00:00Z,389.4,0,389.4,0,1
2025-10-17T03:00:00Z,386.9,0,386.9,0,1
2025-10-17T04:00:00Z,386.7,0,386.7,0,1
2025-10-17T05:00:00Z,390.4,0,390.4,0,1
2025-10-17T06:00:00Z,393.1,0,393.1,0,1
2025-10-17T07:00:00Z,395.8,0,395.8,0,1
2025-10-17T08:00:00Z,387.0,0,387.0,0,1
2025-10-17T09:00:00Z,384.9,0,384.9,0,1
2025-10-17T10:00:00Z,391.5,0,391.5,0,1
2025-10-17T11:00:00Z,390.8,0,390.8,0,1
2025-10-17T12:00:00Z,393.3,0,393.3,0,1
2025-10-17T13:00:00Z,394.7,0,394.7,0,1
2025-10-17T14:00:00Z,400.1,0,400.1,0,1
2025-10-17T15:00:00Z,-9999.9,9,400.1,1,1
2025-10-17T16:00:00Z,392.3,0,392.3,0,1
2025-10-17T17:00:00Z,385.6,0,385.6,0,1
2025-10-17T18:00:00Z,383.3,0,383.3,0,1
2025-10-17T19:00:00Z,383.7,0,383.7,0,1
2025-10-17T20:00:00Z,381.2,0,381.2,0,1
2025-10-17T21:00:00Z,-9999.9,9,381.2,1,1
2025-10-17T22:00:00Z,385.6,0,385.6,0,1
2025-10-17T23:00:00Z,394.3,0,394.3,0,1
2025-10-18T00:00:00Z,404.2,1,404.2,0,1
2025-10-18T01:00:00Z,396.3,0,396.3,0,1
2025-10-18T02:00:00Z,392.6,0,392.6,0,1
2025-10-18T03:00:00Z,385.7,0,385.7,0,1
2025-10-18T04:00:00Z,378.4,0,378.4,0,1
2025-10-18T05:00:00Z,387.0,0,387.0,0,1
2025-10-18T06:00:00Z,398.7,0,398.7,0,1
2025-10-18T07:00:00Z,406.2,0,406.2,0,1
2025-10-18T08:00:00Z,417.9,1,417.9,0,1
2025-10-18T09:00:00Z,441.2,0,441.2,0,1
2025-10-18T10:00:00Z,474.4,1,474.4,0,1
2025-10-18T11:00:00Z,508.2,0,508.2,0,1
2025-10-18T12:00:00Z,510.1,0,510.1,0,1
2025-10-18T13:00:00Z,464.9,0,464.9,0,1
2025-10-18T14:00:00Z,488.7,0,488.7,0,1
2025-10-18T15:00:00Z,531.2,0,531.2,0,1
2025-10-18T16:00:00Z,511.2,0,511.2,0,1
2025-10-18T17:00:00Z,511.3,0,511.3,0,1
2025-10-18T18:00:00Z,537.2,0,537.2,0,1
2025-10-18T19:00:00Z,528.0,0,528.0,0,1
2025-10-18T20:00:00Z,517.0,0,517.0,0,1
2025-10-18T21:00:00Z,509.4,0,509.4,0,1
2025-10-18T22:00:00Z,468.9,0,468.9,0,1
2025-10-18T23:00:00Z,488.4,0,488.4,0,1
2025-10-19T00:00:00Z,488.6,0,488.6,0,1
2025-10-19T01:00:00Z,477.4,0,477.4,0,1
2025-10-19T02:00:00Z,486.3,0,486.3,0,1
2025-10-19T03:00:00Z,479.3,1,479.3,0,1
2025-10-19T04:00:00Z,465.6,0,465.6,0,1
2025-10-19T05:00:00Z,474.8,0,474.8,0,1
2025-10-19T06:00:00Z,534.2,0,534.2,0,1
2025-10-19T07:00:00Z,541.4,0,541.4,0,1
2025-10-19T08:00:00Z,548.4,1,548.4,0,1
2025-10-19T09:00:00Z,552.2,1,552.2,0,1
2025-10-19T10:00:00Z,556.4,1,556.4,0,1
2025-10-19T11:00:00Z,544.6,0,544.6,0,1
2025-10-19T12:00:00Z,526.1,1,526.1,0,1
2025-10-19T13:00:00Z,515.4,1,515.4,0,1
2025-10-19T14:00:00Z,515.2,1,515.2,0,1
2025-10-19T15:00:00Z,-9999.9,9,515.2,1,1
2025-10-19T16:00:00Z,536.6,0,536.6,0,1
2025-10-19T17:00:00Z,527.3,1,527.3,0,1
2025-10-19T18:00:00Z,522.3,0,522.3,0,1
2025-10-19T19:00:00Z,532.9,1,532.9,0,1
2025-10-19T20:00:00Z,533.3,0,533.3,0,1
2025-10-19T21:00:00Z,569.3,0,569.3,0,1
2025-10-19T22:00:00Z,584.0,0,584.0,0,1
2025-10-19T23:00:00Z,568.6,0,568.6,0,1
2025-10-20T00:00:00Z,524.8,0,524.8,0,1
2025-10-20T01:00:00Z,548.1,0,548.1,0,1
2025-10-20T02:00:00Z,555.8,0,555.8,0,1
2025-10-20T03:00:00Z,-9999.9,9,555.8,1,1
2025-10-20T04:00:00Z,565.6,0,565.6,0,1
2025-10-20T05:00:00Z,553.4,0,553.4,0,1
2025-10-20T06:00:00Z,563.3,0,563.3,0,1
2025-10-20T07:00:00Z,578.3,0,578.3,0,1
2025-10-20T08:00:00Z,561.1,0,561.1,0,1
2025-10-20T09:00:00Z,537.6,0,537.6,0,1
2025-10-20T10:00:00Z,534.9,1,534.9,0,1
2025-10-20T11:00:00Z,544.0,0,544.0,0,1
2025-10-20T12:00:00Z,530.9,0,530.9,0,1
2025-10-20T13:00:00Z,495.2,1,495.2,0,1
2025-10-20T14:00:00Z,477.7,1,477.7,0,1
2025-10-20T15:00:00Z,486.4,0,486.4,0,1
2025-10-20T16:00:00Z,479.3,0,479.3,0,1
2025-10-20T17:00:00Z,484.1,1,484.1,0,1
2025-10-20T18:00:00Z,519.7,0,519.7,0,1
2025-10-20T19:00:00Z,503.3,0,503.3,0,1
2025-10-20T20:00:00Z,489.8,0,489.8,0,1
2025-10-20T21:00:00Z,500.3,0,500.3,0,1
2025-10-20T22:00:00Z,510.3,0,510.3,0,1
2025-10-20T23:00:00Z,544.4,0,544.4,0,1
2025-10-21T00:00:00Z,558.3,0,558.3,0,1
2025-10-21T01:00:00Z,547.0,1,547.0,0,1
2025-10-21T02:00:00Z,538.6,0,538.6,0,1
2025-10-21T03:00:00Z,536.8,0,536.8,0,1
2025-10-21T04:00:00Z,529.2,0,529.2,0,1
2025-10-21T05:00:00Z,484.2,0,484.2,0,1
2025-10-21T06:00:00Z,496.3,0,496.3,0,1
2025-10-21T07:00:00Z,484.1,0,484.1,0,1
2025-10-21T08:00:00Z,505.9,0,505.9,0,1
2025-10-21T09:00:00Z,496.9,0,496.9,0,1
2025-10-21T10:00:00Z,506.9,0,506.9,0,1
2025-10-21T11:00:00Z,484.1,0,484.1,0,1
2025-10-21T12:00:00Z,470.2,0,470.2,0,1
2025-10-21T13:00:00Z,477.8,1,477.8,0,1
2025-10-21T14:00:00Z,469.7,1,469.7,0,1
2025-10-21T15:00:00Z,475.5,0,475.5,0,1
2025-10-21T16:00:00Z,497.5,0,497.5,0,1
2025-10-21T17:00:00Z,480.5,1,480.5,0,1
2025-10-21T18:00:00Z,471.0,1,471.0,0,1
2025-10-21T19:00:00Z,478.7,0,478.7,0,1
2025-10-21T20:00:00Z,478.9,0,478.9,0,1
2025-10-21T21:00:00Z,481.5,0,481.5,0,1
2025-10-21T22:00:00Z,474.0,0,474.0,0,1
2025-10-21T23:00:00Z,466.9,1,466.9,0,1
2025-10-22T00:00:00Z,456.6,0,456.6,0,1
2025-10-22T01:00:00Z,451.2,0,451.2,0,1
2025-10-22T02:00:00Z,422.6,1,422.6,0,1
2025-10-22T03:00:00Z,406.1,0,406.1,0,1
2025-10-22T04:00:00Z,410.8,0,410.8,0,1
2025-10-22T05:00:00Z,399.0,0,399.0,0,1
2025-10-22T06:00:00Z,415.8,0,415.8,0,1
2025-10-22T07:00:00Z,423.7,0,423.7,0,1
2025-10-22T08:00:00Z,429.3,0,429.3,0,1
2025-10-22T09:00:00Z,-9999.9,9,429.3,1,1
2025-10-22T10:00:00Z,391.7,0,391.7,0,1
2025-10-22T11:00:00Z,400.4,1,400.4,0,1
2025-10-22T12:00:00Z,407.8,0,407.8,0,1
2025-10-22T13:00:00Z,426.7,0,426.7,0,1
2025-10-22T14:00:00Z,-9999.9,3,426.7,1,1
2025-10-22T15:00:00Z,-9999.9,9,426.7,1,1
2025-10-22T16:00:00Z,432.1,0,432.1,0,1
2025-10-22T17:00:00Z,429.1,0,429.1,0,1
2025-10-22T18:00:00Z,425.8,0,425.8,0,1
2025-10-22T19:00:00Z,-9999.9,3,425.8,1,1
2025-10-22T20:00:00Z,404.0,0,404.0,0,1
2025-10-22T21:00:00Z,-9999.9,9,404.0,1,1
2025-10-22T22:00:00Z,401.4,0,401.4,0,1
2025-10-22T23:00:00Z,401.0,0,401.0,0,1
2025-10-23T00:00:00Z,402.2,0,402.2,0,1
2025-10-23T01:00:00Z,399.7,0,399.7,0,1
2025-10-23T02:00:00Z,394.8,0,394.8,0,1
2025-10-23T03:00:00Z,423.6,1,423.6,0,1
2025-10-23T04:00:00Z,411.6,0,411.6,0,1
2025-10-23T05:00:00Z,412.8,0,412.8,0,1
2025-10-23T06:00:00Z,411.4,0,411.4,0,1
2025-10-23T07:00:00Z,409.5,0,409.5,0,1
2025-10-23T08:00:00Z,409.4,1,409.4,0,1
2025-10-23T09:00:00Z,-9999.9,9,409.4,1,1
2025-10-23T10:00:00Z,406.9,0,406.9,0,1
2025-10-23T11:00:00Z,412.2,0,412.2,0,1
2025-10-23T12:00:00Z,449.1,0,449.1,0,1
2025-10-23T13:00:00Z,444.6,0,444.6,0,1
2025-10-23T14:00:00Z,446.1,0,446.1,0,1
2025-10-23T15:00:00Z,429.9,0,429.9,0,1
2025-10-23T16:00:00Z,432.5,0,432.5,0,1
2025-10-23T17:00:00Z,427.8,0,427.8,0,1
2025-10-23T18:00:00Z,442.9,0,442.9,0,1
2025-10-23T19:00:00Z,456.0,0,456.0,0,1
2025-10-23T20:00:00Z,466.9,1,466.9,0,1
2025-10-23T21:00:00Z,-9999.9,9,466.9,1,1
2025-10-23T22:00:00Z,474.8,1,474.8,0,1
2025-10-23T23:00:00Z,486.2,1,486.2,0,1
2025-10-24T00:00:00Z,500.8,1,500.8,0,1
2025-10-24T01:00:00Z,490.9,1,490.9,0,1
2025-10-24T02:00:00Z,498.0,1,498.0,0,1
2025-10-24T03:00:00Z,497.0,1,497.0,0,1
2025-10-24T04:00:00Z,505.8,0,505.8,0,1
2025-10-24T05:00:00Z,518.5,1,518.5,0,1
2025-10-24T06:00:00Z,504.3,1,504.3,0,1
2025-10-24T07:00:00Z,509.9,0,509.9,0,1
2025-10-24T08:00:00Z,504.7,1,504.7,0,1
2025-10-24T09:00:00Z,-9999.9,9,504.7,1,1
2025-10-24T10:00:00Z,508.6,0,508.6,0,1
2025-10-24T11:00:00Z,528.7,0,528.7,0,1
2025-10-24T12:00:00Z,521.3,1,521.3,0,1
2025-10-24T13:00:00Z,509.0,0,509.0,0,1
2025-10-24T14:00:00Z,525.6,0,525.6,0,1
2025-10-24T15:00:00Z,-9999.9,9,525.6,1,1
2025-10-24T16:00:00Z,520.1,1,520.1,0,1
2025-10-24T17:00:00Z,511.0,1,511.0,0,1
2025-10-24T18:00:00Z,492.0,0,492.0,0,1
2025-10-24T19:00:00Z,491.1,0,491.1,0,1
2025-10-24T20:00:00Z,522.5,0,522.5,0,1
2025-10-24T21:00:00Z,529.0,0,529.0,0,1
2025-10-24T22:00:00Z,520.1,0,520.1,0,1
2025-10-24T23:00:00Z,514.1,0,514.1,0,1
2025-10-25T00:00:00Z,526.3,1,526.3,0,1
2025-10-25T01:00:00Z,449.2,0,449.2,0,1
2025-10-25T02:00:00Z,466.5,0,466.5,0,1
2025-10-25T03:00:00Z,490.4,0,490.4,0,1
2025-10-25T04:00:00Z,472.8,0,472.8,0,1
2025-10-25T05:00:00Z,459.4,0,459.4,0,1
2025-10-25T06:00:00Z,459.1,0,459.1,0,1
2025-10-25T07:00:00Z,454.1,1,454.1,0,1
2025-10-25T08:00:00Z,458.1,0,458.1,0,1
2025-10-25T09:00:00Z,433.0,1,433.0,0,1
2025-10-25T10:00:00Z,438.2,0,438.2,0,1
2025-10-25T11:00:00Z,435.0,0,435.0,0,1
2025-10-25T12:00:00Z,454.8,0,454.8,0,1
2025-10-25T13:00:00Z,426.9,0,426.9,0,1
2025-10-25T14:00:00Z,420.3,0,420.3,0,1
2025-10-25T15:00:00Z,438.4,0,438.4,0,1
2025-10-25T16:00:00Z,424.1,1,424.1,0,1
2025-10-25T17:00:00Z,416.1,0,416.1,0,1
2025-10-25T18:00:00Z,418.1,0,418.1,0,1
2025-10-25T19:00:00Z,410.7,0,410.7,0,1
2025-10-25T20:00:00Z,422.4,0,422.4,0,1
2025-10-25T21:00:00Z,-9999.9,9,422.4,1,1
2025-10-25T22:00:00Z,406.0,0,406.0,0,1
2025-10-25T23:00:00Z,395.8,0,395.8,0,1
2025-10-26T00:00:00Z,403.4,0,403.4,0,1
2025-10-26T01:00:00Z,420.0,0,420.0,0,1
2025-10-26T02:00:00Z,403.3,0,403.3,0,1
2025-10-26T03:00:00Z,409.4,0,409.4,0,1
2025-10-26T04:00:00Z,396.9,0,396.9,0,1
2025-10-26T05:00:00Z,403.9,0,403.9,0,1
2025-10-26T06:00:00Z,406.5,0,406.5,0,1
2025-10-26T07:00:00Z,399.3,0,399.3,0,1
2025-10-26T08:00:00Z,400.2,0,400.2,0,1
2025-10-26T09:00:00Z,418.0,0,418.0,0,1
2025-10-26T10:00:00Z,428.5,0,428.5,0,1
2025-10-26T11:00:00Z,405.0,0,405.0,0,1
2025-10-26T12:00:00Z,394.8,0,394.8,0,1
2025-10-26T13:00:00Z,392.6,0,392.6,0,1
2025-10-26T14:00:00Z,376.1,1,376.1,0,1
2025-10-26T15:00:00Z,-9999.9,9,376.1,1,1
2025-10-26T16:00:00Z,359.9,0,359.9,0,1
2025-10-26T17:00:00Z,387.4,1,387.4,0,1
2025-10-26T18:00:00Z,383.6,0,383.6,0,1
2025-10-26T19:00:00Z,373.9,0,373.9,0,1
2025-10-26T20:00:00Z,-9999.9,3,373.9,1,1
2025-10-26T21:00:00Z,-9999.9,9,373.9,1,1
2025-10-26T22:00:00Z,386.2,0,386.2,0,1
2025-10-26T23:00:00Z,379.8,0,379.8,0,1
2025-10-27T00:00:00Z,367.9,0,367.9,0,1
2025-10-27T01:00:00Z,363.7,0,363.7,0,1
2025-10-27T02:00:00Z,361.5,0,361.5,0,1
2025-10-27T03:00:00Z,371.1,0,371.1,0,1
2025-10-27T04:00:00Z,374.8,0,374.8,0,1
2025-10-27T05:00:00Z,370.9,0,370.9,0,1
2025-10-27T06:00:00Z,362.3,0,362.3,0,1
2025-10-27T07:00:00Z,357.5,0,357.5,0,1
2025-10-27T08:00:00Z,356.6,0,356.6,0,1
2025-10-27T09:00:00Z,358.8,0,358.8,0,1
2025-10-27T10:00:00Z,353.9,0,353.9,0,1
2025-10-27T11:00:00Z,350.3,0,350.3,0,1
2025-10-27T12:00:00Z,-9999.9,3,350.3,1,1
2025-10-27T13:00:00Z,360.9,0,360.9,0,1
2025-10-27T14:00:00Z,368.1,0,368.1,0,1
2025-10-27T15:00:00Z,357.2,0,357.2,0,1
2025-10-27T16:00:00Z,359.1,0,359.1,0,1
2025-10-27T17:00:00Z,361.2,0,361.2,0,1
2025-10-27T18:00:00Z,361.2,0,361.2,0,1
2025-10-27T19:00:00Z,365.1,0,365.1,0,1
2025-10-27T20:00:00Z,374.7,0,374.7,0,1
2025-10-27T21:00:00Z,-9999.9,9,374.7,1,1
2025-10-27T22:00:00Z,392.8,0,392.8,0,1
2025-10-27T23:00:00Z,382.5,0,382.5,0,1
2025-10-28T00:00:00Z,381.6,0,381.6,0,1
2025-10-28T01:00:00Z,375.5,0,375.5,0,1
2025-10-28T02:00:00Z,382.4,0,382.4,0,1
2025-10-28T03:00:00Z,361.5,1,361.5,0,1
2025-10-28T04:00:00Z,393.5,1,393.5,0,1
2025-10-28T05:00:00Z,383.3,0,383.3,0,1
2025-10-28T06:00:00Z,403.4,0,403.4,0,1
2025-10-28T07:00:00Z,422.5,0,422.5,0,1
2025-10-28T08:00:00Z,420.0,0,420.0,0,1
2025-10-28T09:00:00Z,430.7,0,430.7,0,1
2025-10-28T10:00:00Z,427.7,0,427.7,0,1
2025-10-28T11:00:00Z,423.1,0,423.1,0,1
2025-10-28T12:00:00Z,419.3,0,419.3,0,1
2025-10-28T13:00:00Z,413.8,0,413.8,0,1
2025-10-28T14:00:00Z,430.8,0,430.8,0,1
2025-10-28T15:00:00Z,414.0,0,414.0,0,1
2025-10-28T16:00:00Z,409.1,0,409.1,0,1
2025-10-28T17:00:00Z,426.4,0,426.4,0,1
2025-10-28T18:00:00Z,433.5,0,433.5,0,1
2025-10-28T19:00:00Z,431.5,0,431.5,0,1
2025-10-28T20:00:00Z,433.5,0,433.5,0,1
2025-10-28T21:00:00Z,433.8,0,433.8,0,1
2025-10-28T22:00:00Z,447.1,0,447.1,0,1
2025-10-28T23:00:00Z,459.8,0,459.8,0,1
2025-10-29T00:00:00Z,452.1,0,452.1,0,1
2025-10-29T01:00:00Z,450.6,0,450.6,0,1
2025-10-29T02:00:00Z,-9999.9,3,450.6,1,1
2025-10-29T03:00:00Z,459.0,0,459.0,0,1
2025-10-29T04:00:00Z,460.8,1,460.8,0,1
2025-10-29T05:00:00Z,461.0,1,461.0,0,1
2025-10-29T06:00:00Z,473.8,1,473.8,0,1
2025-10-29T07:00:00Z,475.3,1,475.3,0,1
2025-10-29T08:00:00Z,473.1,1,473.1,0,1
2025-10-29T09:00:00Z,484.5,0,484.5,0,1
2025-10-29T10:00:00Z,486.3,0,486.3,0,1
2025-10-29T11:00:00Z,486.4,1,486.4,0,1
2025-10-29T12:00:00Z,469.8,0,469.8,0,1
2025-10-29T13:00:00Z,494.5,1,494.5,0,1
2025-10-29T14:00:00Z,493.5,0,493.5,0,1
2025-10-29T15:00:00Z,518.4,0,518.4,0,1
2025-10-29T16:00:00Z,487.8,0,487.8,0,1
2025-10-29T17:00:00Z,472.9,0,472.9,0,1
2025-10-29T18:00:00Z,458.8,1,458.8,0,1
2025-10-29T19:00:00Z,463.9,0,463.9,0,1
2025-10-29T20:00:00Z,464.3,0,464.3,0,1
2025-10-29T21:00:00Z,465.6,0,465.6,0,1
2025-10-29T22:00:00Z,476.7,0,476.7,0,1
2025-10-29T23:00:00Z,480.9,0,480.9,0,1
2025-10-30T00:00:00Z,517.4,0,517.4,0,1
2025-10-30T01:00:00Z,530.1,0,530.1,0,1
2025-10-30T02:00:00Z,536.5,0,536.5,0,1
2025-10-30T03:00:00Z,503.0,0,503.0,0,1
2025-10-30T04:00:00Z,530.2,0,530.2,0,1
2025-10-30T05:00:00Z,487.9,1,487.9,0,1
2025-10-30T06:00:00Z,495.6,1,495.6,0,1
2025-10-30T07:00:00Z,499.8,0,499.8,0,1
2025-10-30T08:00:00Z,500.3,1,500.3,0,1
2025-10-30T09:00:00Z,-9999.9,9,500.3,1,1
2025-10-30T10:00:00Z,519.0,0,519.0,0,1
2025-10-30T11:00:00Z,524.4,0,524.4,0,1
2025-10-30T12:00:00Z,530.4,1,530.4,0,1
2025-10-30T13:00:00Z,537.4,1,537.4,0,1
2025-10-30T14:00:00Z,551.7,1,551.7,0,1
2025-10-30T15:00:00Z,569.1,0,569.1,0,1
2025-10-30T16:00:00Z,560.0,0,560.0,0,1
2025-10-30T17:00:00Z,579.6,1,579.6,0,1
2025-10-30T18:00:00Z,575.1,1,575.1,0,1
2025-10-30T19:00:00Z,558.1,0,558.1,0,1
2025-10-30T20:00:00Z,591.2,0,591.2,0,1
2025-10-30T21:00:00Z,-9999.9,9,591.2,1,1
2025-10-30T22:00:00Z,616.4,1,616.4,0,1
2025-10-30T23:00:00Z,633.6,0,633.6,0,1
2025-10-31T00:00:00Z,671.7,0,671.7,0,1
2025-10-31T01:00:00Z,724.8,0,724.8,0,1
2025-10-31T02:00:00Z,708.8,0,708.8,0,1
2025-10-31T03:00:00Z,692.2,0,692.2,0,1
2025-10-31T04:00:00Z,673.1,0,673.1,0,1
2025-10-31T05:00:00Z,706.4,0,706.4,0,1
2025-10-31T06:00:00Z,668.4,1,668.4,0,1
2025-10-31T07:00:00Z,643.4,1,643.4,0,1
2025-10-31T08:00:00Z,669.5,0,669.5,0,1
2025-10-31T09:00:00Z,-9999.9,9,669.5,1,1
2025-10-31T10:00:00Z,662.2,0,662.2,0,1
2025-10-31T11:00:00Z,650.0,0,650.0,0,1
2025-10-31T12:00:00Z,665.5,0,665.5,0,1
2025-10-31T13:00:00Z,653.8,0,653.8,0,1
2025-10-31T14:00:00Z,657.3,0,657.3,0,1
2025-10-31T15:00:00Z,-9999.9,9,657.3,1,1
2025-10-31T16:00:00Z,627.7,1,627.7,0,1
2025-10-31T17:00:00Z,637.9,0,637.9,0,1
2025-10-31T18:00:00Z,597.1,1,597.1,0,1
2025-10-31T19:00:00Z,586.5,0,586.5,0,1
2025-10-31T20:00:00Z,590.7,0,590.7,0,1
2025-10-31T21:00:00Z,595.1,0,595.1,0,1
2025-10-31T22:00:00Z,559.6,0,559.6,0,1
2025-10-31T23:00:00Z,588.8,0,588.8,0,1
2025-11-01T00:00:00Z,583.6,0,583.6,0,1
2025-11-01T01:00:00Z,594.0,0,594.0,0,1
2025-11-01T02:00:00Z,571.4,0,571.4,0,1
2025-11-01T03:00:00Z,555.7,0,555.7,0,1
2025-11-01T04:00:00Z,571.6,0,571.6,0,1
2025-11-01T05:00:00Z,546.4,1,546.4,0,1
2025-11-01T06:00:00Z,525.1,0,525.1,0,1
2025-11-01T07:00:00Z,527.3,0,527.3,0,1
2025-11-01T08:00:00Z,523.8,0,523.8,0,1
2025-11-01T09:00:00Z,-9999.9,9,523.8,1,1
2025-11-01T10:00:00Z,505.1,1,505.1,0,1
2025-11-01T11:00:00Z,502.9,1,502.9,0,1
2025-11-01T12:00:00Z,517.6,1,517.6,0,1
2025-11-01T13:00:00Z,508.3,1,508.3,0,1
2025-11-01T14:00:00Z,518.0,0,518.0,0,1
2025-11-01T15:00:00Z,-9999.9,9,518.0,1,1
2025-11-01T16:00:00Z,531.9,0,531.9,0,1
2025-11-01T17:00:00Z,513.9,0,513.9,0,1
2025-11-01T18:00:00Z,524.7,0,524.7,0,1
2025-11-01T19:00:00Z,516.9,1,516.9,0,1
2025-11-01T20:00:00Z,522.7,1,522.7,0,1
2025-11-01T21:00:00Z,531.8,0,531.8,0,1
2025-11-01T22:00:00Z,515.0,1,515.0,0,1
2025-11-01T23:00:00Z,501.8,0,501.8,0,1
2025-11-02T00:00:00Z,517.5,0,517.5,0,1
2025-11-02T01:00:00Z,531.5,0,531.5,0,1
2025-11-02T02:00:00Z,544.3,0,544.3,0,1
2025-11-02T03:00:00Z,-9999.9,9,544.3,1,1
2025-11-02T04:00:00Z,562.8,0,562.8,0,1
2025-11-02T05:00:00Z,544.2,0,544.2,0,1
2025-11-02T06:00:00Z,559.1,0,559.1,0,1
2025-11-02T07:00:00Z,548.5,0,548.5,0,1
2025-11-02T08:00:00Z,540.5,0,540.5,0,1
2025-11-02T09:00:00Z,-9999.9,9,540.5,1,1
2025-11-02T10:00:00Z,545.3,1,545.3,0,1
2025-11-02T11:00:00Z,512.8,1,512.8,0,1
2025-11-02T12:00:00Z,511.3,0,511.3,0,1
2025-11-02T13:00:00Z,497.6,0,497.6,0,1
2025-11-02T14:00:00Z,519.9,0,519.9,0,1
2025-11-02T15:00:00Z,547.0,0,547.0,0,1
2025-11-02T16:00:00Z,543.9,0,543.9,0,1
2025-11-02T17:00:00Z,527.6,0,527.6,0,1
2025-11-02T18:00:00Z,495.3,0,495.3,0,1
2025-11-02T19:00:00Z,504.6,0,504.6,0,1
2025-11-02T20:00:00Z,513.2,0,513.2,0,1
2025-11-02T21:00:00Z,504.5,0,504.5,0,1
2025-11-02T22:00:00Z,472.1,1,472.1,0,1
2025-11-02T23:00:00Z,469.1,0,469.1,0,1
2025-11-03T00:00:00Z,456.3,0,456.3,0,1
2025-11-03T01:00:00Z,456.0,0,456.0,0,1
2025-11-03T02:00:00Z,438.3,0,438.3,0,1
2025-11-03T03:00:00Z,-9999.9,9,438.3,1,1
2025-11-03T04:00:00Z,443.2,1,443.2,0,1
2025-11-03T05:00:00Z,439.1,0,439.1,0,1
2025-11-03T06:00:00Z,448.6,0,448.6,0,1
2025-11-03T07:00:00Z,445.3,0,445.3,0,1
2025-11-03T08:00:00Z,449.2,0,449.2,0,1
2025-11-03T09:00:00Z,444.2,0,444.2,0,1
2025-11-03T10:00:00Z,449.6,1,449.6,0,1
2025-11-03T11:00:00Z,437.5,1,437.5,0,1
2025-11-03T12:00:00Z,448.8,0,448.8,0,1
2025-11-03T13:00:00Z,456.4,0,456.4,0,1
2025-11-03T14:00:00Z,449.9,1,449.9,0,1
2025-11-03T15:00:00Z,-9999.9,9,449.9,1,1
2025-11-03T16:00:00Z,441.3,0,441.3,0,1
2025-11-03T17:00:00Z,446.5,1,446.5,0,1
2025-11-03T18:00:00Z,432.0,0,432.0,0,1
2025-11-03T19:00:00Z,453.5,0,453.5,0,1
2025-11-03T20:00:00Z,446.2,0,446.2,0,1
2025-11-03T21:00:00Z,443.9,0,443.9,0,1
2025-11-03T22:00:00Z,442.8,0,442.8,0,1
2025-11-03T23:00:00Z,434.1,0,434.1,0,1
2025-11-04T00:00:00Z,424.9,1,424.9,0,1
2025-11-04T01:00:00Z,415.0,0,415.0,0,1
2025-11-04T02:00:00Z,409.9,0,409.9,0,1
2025-11-04T03:00:00Z,-9999.9,9,409.9,1,1
2025-11-04T04:00:00Z,412.0,1,412.0,0,1
2025-11-04T05:00:00Z,411.7,1,411.7,0,1
2025-11-04T06:00:00Z,406.1,0,406.1,0,1
2025-11-04T07:00:00Z,403.5,0,403.5,0,1
2025-11-04T08:00:00Z,405.5,0,405.5,0,1
2025-11-04T09:00:00Z,-9999.9,9,405.5,1,1
2025-11-04T10:00:00Z,409.6,1,409.6,0,1
2025-11-04T11:00:00Z,407.7,0,407.7,0,1
2025-11-04T12:00:00Z,395.2,0,395.2,0,1
2025-11-04T13:00:00Z,393.7,0,393.7,0,1
2025-11-04T14:00:00Z,387.4,0,387.4,0,1
2025-11-04T15:00:00Z,-9999.9,9,387.4,1,1
2025-11-04T16:00:00Z,400.6,0,400.6,0,1
2025-11-04T17:00:00Z,382.8,1,382.8,0,1
2025-11-04T18:00:00Z,364.2,0,364.2,0,1
2025-11-04T19:00:00Z,360.4,1,360.4,0,1
2025-11-04T20:00:00Z,367.3,0,367.3,0,1
2025-11-04T21:00:00Z,371.7,0,371.7,0,1
2025-11-04T22:00:00Z,380.4,0,380.4,0,1
2025-11-04T23:00:00Z,381.9,0,381.9,0,1
2025-11-05T00:00:00Z,377.2,0,377.2,0,1
2025-11-05T01:00:00Z,386.2,0,386.2,0,1
2025-11-05T02:00:00Z,376.5,0,376.5,0,1
2025-11-05T03:00:00Z,-9999.9,9,376.5,1,1
2025-11-05T04:00:00Z,374.0,0,374.0,0,1
2025-11-05T05:00:00Z,367.0,0,367.0,0,1
2025-11-05T06:00:00Z,371.4,0,371.4,0,1
2025-11-05T07:00:00Z,367.0,0,367.0,0,1
2025-11-05T08:00:00Z,363.3,0,363.3,0,1
2025-11-05T09:00:00Z,357.5,0,357.5,0,1
2025-11-05T10:00:00Z,351.5,0,351.5,0,1
2025-11-05T11:00:00Z,349.7,0,349.7,0,1
2025-11-05T12:00:00Z,350.6,0,350.6,0,1
2025-11-05T13:00:00Z,352.4,0,352.4,0,1
2025-11-05T14:00:00Z,351.0,0,351.0,0,1
2025-11-05T15:00:00Z,-9999.9,9,351.0,1,1
2025-11-05T16:00:00Z,357.0,0,357.0,0,1
2025-11-05T17:00:00Z,371.1,0,371.1,0,1
2025-11-05T18:00:00Z,389.7,0,389.7,0,1
2025-11-05T19:00:00Z,389.2,0,389.2,0,1
2025-11-05T20:00:00Z,390.7,0,390.7,0,1
2025-11-05T21:00:00Z,409.6,0,409.6,0,1
2025-11-05T22:00:00Z,412.6,0,412.6,0,1
2025-11-05T23:00:00Z,399.8,0,399.8,0,1
2025-11-06T00:00:00Z,398.8,0,398.8,0,1
2025-11-06T01:00:00Z,394.6,0,394.6,0,1
2025-11-06T02:00:00Z,404.0,0,404.0,0,1
2025-11-06T03:00:00Z,-9999.9,9,404.0,1,1
2025-11-06T04:00:00Z,427.6,0,427.6,0,1
2025-11-06T05:00:00Z,414.0,0,414.0,0,1
2025-11-06T06:00:00Z,435.1,0,435.1,0,1
2025-11-06T07:00:00Z,509.0,0,509.0,0,1
2025-11-06T08:00:00Z,517.4,0,517.4,0,1
2025-11-06T09:00:00Z,-9999.9,9,517.4,1,1
2025-11-06T10:00:00Z,538.7,0,538.7,0,1
2025-11-06T11:00:00Z,544.5,0,544.5,0,1
2025-11-06T12:00:00Z,528.4,1,528.4,0,1
2025-11-06T13:00:00Z,535.5,0,535.5,0,1
2025-11-06T14:00:00Z,536.9,1,536.9,0,1
2025-11-06T15:00:00Z,-9999.9,9,536.9,1,1
2025-11-06T16:00:00Z,533.7,1,533.7,0,1
2025-11-06T17:00:00Z,587.5,0,587.5,0,1
2025-11-06T18:00:00Z,620.1,0,620.1,0,1
2025-11-06T19:00:00Z,618.5,0,618.5,0,1
2025-11-06T20:00:00Z,615.4,0,615.4,0,1
2025-11-06T21:00:00Z,598.7,0,598.7,0,1
2025-11-06T22:00:00Z,593.7,0,593.7,0,1
2025-11-06T23:00:00Z,594.1,0,594.1,0,1
2025-11-07T00:00:00Z,616.6,0,616.6,0,1
2025-11-07T01:00:00Z,636.9,1,636.9,0,1
2025-11-07T02:00:00Z,642.7,0,642.7,0,1
2025-11-07T03:00:00Z,-9999.9,9,642.7,1,1
2025-11-07T04:00:00Z,700.5,0,700.5,0,1
2025-11-07T05:00:00Z,770.2,0,770.2,0,1
2025-11-07T06:00:00Z,772.2,0,772.2,0,1
2025-11-07T07:00:00Z,772.7,0,772.7,0,1
2025-11-07T08:00:00Z,778.7,0,778.7,0,1
2025-11-07T09:00:00Z,-9999.9,9,778.7,1,1
2025-11-07T10:00:00Z,829.7,0,829.7,0,1
2025-11-07T11:00:00Z,795.2,0,795.2,0,1
2025-11-07T12:00:00Z,775.5,0,775.5,0,1
2025-11-07T13:00:00Z,775.0,0,775.0,0,1
2025-11-07T14:00:00Z,764.4,0,764.4,0,1
2025-11-07T15:00:00Z,-9999.9,9,764.4,1,1
2025-11-07T16:00:00Z,759.9,0,759.9,0,1
2025-11-07T17:00:00Z,750.0,0,750.0,0,1
2025-11-07T18:00:00Z,724.0,0,724.0,0,1
2025-11-07T19:00:00Z,708.5,0,708.5,0,1
2025-11-07T20:00:00Z,695.0,0,695.0,0,1
2025-11-07T21:00:00Z,687.7,0,687.7,0,1
2025-11-07T22:00:00Z,659.3,0,659.3,0,1
2025-11-07T23:00:00Z,650.8,0,650.8,0,1
2025-11-08T00:00:00Z,622.1,0,622.1,0,1
2025-11-08T01:00:00Z,632.4,0,632.4,0,1
2025-11-08T02:00:00Z,634.0,0,634.0,0,1
2025-11-08T03:00:00Z,-9999.9,9,634.0,1,1
2025-11-08T04:00:00Z,630.3,0,630.3,0,1
2025-11-08T05:00:00Z,625.3,0,625.3,0,1
2025-11-08T06:00:00Z,605.2,1,605.2,0,1
2025-11-08T07:00:00Z,614.1,0,614.1,0,1
2025-11-08T08:00:00Z,606.3,1,606.3,0,1
2025-11-08T09:00:00Z,612.2,0,612.2,0,1
2025-11-08T10:00:00Z,628.3,0,628.3,0,1
2025-11-08T11:00:00Z,638.5,0,638.5,0,1
2025-11-08T12:00:00Z,648.2,0,648.2,0,1
2025-11-08T13:00:00Z,655.0,0,655.0,0,1
2025-11-08T14:00:00Z,663.8,0,663.8,0,1
2025-11-08T15:00:00Z,-9999.9,9,663.8,1,1
2025-11-08T16:00:00Z,646.4,0,646.4,0,1
2025-11-08T17:00:00Z,633.9,0,633.9,0,1
2025-11-08T18:00:00Z,623.1,1,623.1,0,1
2025-11-08T19:00:00Z,620.6,1,620.6,0,1
2025-11-08T20:00:00Z,615.6,0,615.6,0,1
2025-11-08T21:00:00Z,-9999.9,9,615.6,1,1
2025-11-08T22:00:00Z,606.8,0,606.8,0,1
2025-11-08T23:00:00Z,610.0,0,610.0,0,1
2025-11-09T00:00:00Z,598.3,0,598.3,0,1
2025-11-09T01:00:00Z,585.5,0,585.5,0,1
2025-11-09T02:00:00Z,586.1,0,586.1,0,1
2025-11-09T03:00:00Z,-9999.9,9,586.1,1,1
2025-11-09T04:00:00Z,581.0,0,581.0,0,1
2025-11-09T05:00:00Z,574.4,1,574.4,0,1
2025-11-09T06:00:00Z,561.1,0,561.1,0,1
2025-11-09T07:00:00Z,563.4,0,563.4,0,1
2025-11-09T08:00:00Z,562.1,0,562.1,0,1
2025-11-09T09:00:00Z,532.0,0,532.0,0,1
2025-11-09T10:00:00Z,523.6,0,523.6,0,1
2025-11-09T11:00:00Z,528.8,0,528.8,0,1
2025-11-09T12:00:00Z,519.5,0,519.5,0,1
2025-11-09T13:00:00Z,521.1,0,521.1,0,1
2025-11-09T14:00:00Z,522.5,0,522.5,0,1
2025-11-09T15:00:00Z,-9999.9,9,522.5,1,1
2025-11-09T16:00:00Z,515.8,0,515.8,0,1
2025-11-09T17:00:00Z,506.7,0,506.7,0,1
2025-11-09T18:00:00Z,519.9,0,519.9,0,1
2025-11-09T19:00:00Z,506.6,0,506.6,0,1
2025-11-09T20:00:00Z,528.2,0,528.2,0,1
2025-11-09T21:00:00Z,-9999.9,9,528.2,1,1
2025-11-09T22:00:00Z,540.1,0,540.1,0,1
2025-11-09T23:00:00Z,-9999.9,3,540.1,1,1
2025-11-10T00:00:00Z,526.5,0,526.5,0,1
2025-11-10T01:00:00Z,526.8,0,526.8,0,1
2025-11-10T02:00:00Z,555.7,0,555.7,0,1
2025-11-10T03:00:00Z,-9999.9,9,555.7,1,1
2025-11-10T04:00:00Z,565.8,0,565.8,0,1
2025-11-10T05:00:00Z,556.8,0,556.8,0,1
2025-11-10T06:00:00Z,552.8,0,552.8,0,1
2025-11-10T07:00:00Z,524.3,0,524.3,0,1
2025-11-10T08:00:00Z,521.1,0,521.1,0,1
2025-11-10T09:00:00Z,518.1,0,518.1,0,1
2025-11-10T10:00:00Z,508.3,0,508.3,0,1
2025-11-10T11:00:00Z,519.9,0,519.9,0,1
2025-11-10T12:00:00Z,540.3,0,540.3,0,1
2025-11-10T13:00:00Z,546.4,0,546.4,0,1
2025-11-10T14:00:00Z,559.8,0,559.8,0,1
2025-11-10T15:00:00Z,-9999.9,9,559.8,1,1
2025-11-10T16:00:00Z,551.1,0,551.1,0,1
2025-11-10T17:00:00Z,541.0,0,541.0,0,1
2025-11-10T18:00:00Z,525.4,0,525.4,0,1
2025-11-10T19:00:00Z,512.0,0,512.0,0,1
2025-11-10T20:00:00Z,508.9,0,508.9,0,1
2025-11-10T21:00:00Z,490.8,0,490.8,0,1
2025-11-10T22:00:00Z,476.6,0,476.6,0,1
2025-11-10T23:00:00Z,469.6,0,469.6,0,1
2025-11-11T00:00:00Z,464.1,0,464.1,0,1
2025-11-11T01:00:00Z,465.1,0,465.1,0,1
2025-11-11T02:00:00Z,463.8,0,463.8,0,1
2025-11-11T03:00:00Z,-9999.9,9,463.8,1,1
2025-11-11T04:00:00Z,448.0,0,448.0,0,1
2025-11-11T05:00:00Z,444.8,0,444.8,0,1
2025-11-11T06:00:00Z,441.1,0,441.1,0,1
2025-11-11T07:00:00Z,437.4,0,437.4,0,1
2025-11-11T08:00:00Z,444.4,0,444.4,0,1
2025-11-11T09:00:00Z,-9999.9,9,444.4,1,1
2025-11-11T10:00:00Z,435.9,1,435.9,0,1
2025-11-11T11:00:00Z,429.1,0,429.1,0,1
2025-11-11T12:00:00Z,423.6,0,423.6,0,1
2025-11-11T13:00:00Z,418.8,0,418.8,0,1
2025-11-11T14:00:00Z,419.1,0,419.1,0,1
2025-11-11T15:00:00Z,-9999.9,9,419.1,1,1
2025-11-11T16:00:00Z,415.0,0,415.0,0,1
2025-11-11T17:00:00Z,410.1,0,410.1,0,1
2025-11-11T18:00:00Z,410.7,0,410.7,0,1
2025-11-11T19:00:00Z,406.8,0,406.8,0,1
2025-11-11T20:00:00Z,403.2,0,403.2,0,1
2025-11-11T21:00:00Z,-9999.9,9,403.2,1,1
2025-11-11T22:00:00Z,475.7,0,475.7,0,1
2025-11-11T23:00:00Z,527.4,1,527.4,0,1
2025-11-12T00:00:00Z,286.4,1,286.4,0,1
2025-11-12T01:00:00Z,294.8,1,294.8,0,1
2025-11-12T02:00:00Z,285.9,1,285.9,0,1
2025-11-12T03:00:00Z,-9999.9,9,285.9,1,1
2025-11-12T04:00:00Z,285.6,1,285.6,0,1
2025-11-12T05:00:00Z,283.8,0,283.8,0,1
2025-11-12T06:00:00Z,284.3,1,284.3,0,1
2025-11-12T07:00:00Z,285.2,1,285.2,0,1
2025-11-12T08:00:00Z,291.7,1,291.7,0,1
2025-11-12T09:00:00Z,-9999.9,9,291.7,1,1
2025-11-12T10:00:00Z,623.1,0,623.1,0,1
2025-11-12T11:00:00Z,637.9,0,637.9,0,1
2025-11-12T12:00:00Z,701.0,0,701.0,0,1
2025-11-12T13:00:00Z,725.2,0,725.2,0,1
2025-11-12T14:00:00Z,703.6,0,703.6,0,1
2025-11-12T15:00:00Z,-9999.9,9,703.6,1,1
2025-11-12T16:00:00Z,576.2,0,576.2,0,1
2025-11-12T17:00:00Z,573.3,0,573.3,0,1
2025-11-12T18:00:00Z,496.6,1,496.6,0,1
2025-11-12T19:00:00Z,428.0,0,428.0,0,1
2025-11-12T20:00:00Z,751.8,0,751.8,0,1
2025-11-12T21:00:00Z,754.7,0,754.7,0,1
2025-11-12T22:00:00Z,872.5,0,872.5,0,1
2025-11-12T23:00:00Z,836.9,0,836.9,0,1
2025-11-13T00:00:00Z,939.1,0,939.1,0,1
2025-11-13T01:00:00Z,931.1,0,931.1,0,1
2025-11-13T02:00:00Z,921.5,0,921.5,0,1
2025-11-13T03:00:00Z,-9999.9,9,921.5,1,1
2025-11-13T04:00:00Z,887.5,0,887.5,0,1
2025-11-13T05:00:00Z,878.4,0,878.4,0,1
2025-11-13T06:00:00Z,859.7,0,859.7,0,1
2025-11-13T07:00:00Z,834.8,0,834.8,0,1
2025-11-13T08:00:00Z,838.1,0,838.1,0,1
2025-11-13T09:00:00Z,-9999.9,9,838.1,1,1
2025-11-13T10:00:00Z,822.7,0,822.7,0,1
2025-11-13T11:00:00Z,844.3,0,844.3,0,1
2025-11-13T12:00:00Z,811.9,0,811.9,0,1
2025-11-13T13:00:00Z,773.6,0,773.6,0,1
2025-11-13T14:00:00Z,758.8,1,758.8,0,1
2025-11-13T15:00:00Z,-9999.9,9,758.8,1,1
2025-11-13T16:00:00Z,752.0,0,752.0,0,1
2025-11-13T17:00:00Z,742.5,0,742.5,0,1
2025-11-13T18:00:00Z,-9999.9,3,742.5,1,1
2025-11-13T19:00:00Z,734.1,0,734.1,0,1
2025-11-13T20:00:00Z,717.3,0,717.3,0,1
2025-11-13T21:00:00Z,-9999.9,9,717.3,1,1
2025-11-13T22:00:00Z,666.7,0,666.7,0,1
2025-11-13T23:00:00Z,668.0,0,668.0,0,1
2025-11-14T00:00:00Z,639.1,0,639.1,0,1
2025-11-14T01:00:00Z,638.0,0,638.0,0,1
2025-11-14T02:00:00Z,634.9,0,634.9,0,1
2025-11-14T03:00:00Z,-9999.9,9,634.9,1,1
2025-11-14T04:00:00Z,617.7,0,617.7,0,1
2025-11-14T05:00:00Z,614.3,0,614.3,0,1
2025-11-14T06:00:00Z,606.6,0,606.6,0,1
2025-11-14T07:00:00Z,605.5,0,605.5,0,1
2025-11-14T08:00:00Z,591.6,0,591.6,0,1
2025-11-14T09:00:00Z,-9999.9,9,591.6,1,1
2025-11-14T10:00:00Z,584.7,0,584.7,0,1
2025-11-14T11:00:00Z,587.3,0,587.3,0,1
2025-11-14T12:00:00Z,585.2,0,585.2,0,1
2025-11-14T13:00:00Z,577.3,0,577.3,0,1
2025-11-14T14:00:00Z,596.7,0,596.7,0,1
2025-11-14T15:00:00Z,-9999.9,9,596.7,1,1
2025-11-14T16:00:00Z,577.7,0,577.7,0,1
2025-11-14T17:00:00Z,549.8,0,549.8,0,1
2025-11-14T18:00:00Z,557.0,0,557.0,0,1
2025-11-14T19:00:00Z,562.9,0,562.9,0,1
2025-11-14T20:00:00Z,575.2,0,575.2,0,1
2025-11-14T21:00:00Z,-9999.9,9,575.2,1,1
2025-11-14T22:00:00Z,566.3,1,566.3,0,1
2025-11-14T23:00:00Z,549.5,0,549.5,0,1
2025-11-15T00:00:00Z,567.8,0,567.8,0,1
2025-11-15T01:00:00Z,613.2,0,613.2,0,1
2025-11-15T02:00:00Z,589.5,0,589.5,0,1
2025-11-15T03:00:00Z,-9999.9,9,589.5,1,1
2025-11-15T04:00:00Z,590.6,0,590.6,0,1
2025-11-15T05:00:00Z,589.5,0,589.5,0,1
2025-11-15T06:00:00Z,574.7,1,574.7,0,1
2025-11-15T07:00:00Z,572.2,0,572.2,0,1
2025-11-15T08:00:00Z,571.7,1,571.7,0,1
2025-11-15T09:00:00Z,-9999.9,9,571.7,1,1
2025-11-15T10:00:00Z,564.2,1,564.2,0,1
2025-11-15T11:00:00Z,555.6,0,555.6,0,1
2025-11-15T12:00:00Z,559.1,1,559.1,0,1
2025-11-15T13:00:00Z,555.9,1,555.9,0,1
2025-11-15T14:00:00Z,545.4,1,545.4,0,1
2025-11-15T15:00:00Z,-9999.9,9,545.4,1,1
2025-11-15T16:00:00Z,548.6,1,548.6,0,1
2025-11-15T17:00:00Z,564.8,0,564.8,0,1
2025-11-15T18:00:00Z,570.0,0,570.0,0,1
2025-11-15T19:00:00Z,554.2,1,554.2,0,1
2025-11-15T20:00:00Z,550.6,1,550.6,0,1
2025-11-15T21:00:00Z,-9999.9,9,550.6,1,1
2025-11-15T22:00:00Z,556.8,1,556.8,0,1
2025-11-15T23:00:00Z,551.4,1,551.4,0,1
2025-11-16T00:00:00Z,552.4,0,552.4,0,1
2025-11-16T01:00:00Z,579.9,0,579.9,0,1
2025-11-16T02:00:00Z,607.7,0,607.7,0,1
2025-11-16T03:00:00Z,-9999.9,9,607.7,1,1
2025-11-16T04:00:00Z,628.8,0,628.8,0,1
2025-11-16T05:00:00Z,698.7,0,698.7,0,1
2025-11-16T06:00:00Z,670.9,1,670.9,0,1
2025-11-16T07:00:00Z,662.7,1,662.7,0,1
2025-11-16T08:00:00Z,641.2,0,641.2,0,1
2025-11-16T09:00:00Z,-9999.9,9,641.2,1,1
2025-11-16T10:00:00Z,629.1,0,629.1,0,1
2025-11-16T11:00:00Z,-9999.9,3,629.1,1,1
2025-11-16T12:00:00Z,627.6,0,627.6,0,1
2025-11-16T13:00:00Z,611.9,1,611.9,0,1
2025-11-16T14:00:00Z,606.1,1,606.1,0,1
2025-11-16T15:00:00Z,-9999.9,9,606.1,1,1
2025-11-16T16:00:00Z,-9999.9,3,606.1,1,1
2025-11-16T17:00:00Z,600.4,0,600.4,0,1
2025-11-16T18:00:00Z,588.5,0,588.5,0,1
2025-11-16T19:00:00Z,587.4,0,587.4,0,1
2025-11-16T20:00:00Z,583.0,0,583.0,0,1
2025-11-16T21:00:00Z,-9999.9,9,583.0,1,1
2025-11-16T22:00:00Z,557.2,6,557.2,0,1
2025-11-16T23:00:00Z,537.1,0,537.1,0,1
2025-11-17T00:00:00Z,537.4,0,537.4,0,1
2025-11-17T01:00:00Z,532.7,1,532.7,0,1
2025-11-17T02:00:00Z,526.1,0,526.1,0,1
2025-11-17T03:00:00Z,-9999.9,9,526.1,1,1
2025-11-17T04:00:00Z,534.3,0,534.3,0,1
2025-11-17T05:00:00Z,515.3,0,515.3,0,1
2025-11-17T06:00:00Z,543.0,0,543.0,0,1
2025-11-17T07:00:00Z,530.6,0,530.6,0,1
2025-11-17T08:00:00Z,533.4,1,533.4,0,1
2025-11-17T09:00:00Z,-9999.9,9,533.4,1,1
2025-11-17T10:00:00Z,532.2,0,532.2,0,1
2025-11-17T11:00:00Z,517.7,1,517.7,0,1
2025-11-17T12:00:00Z,517.2,1,517.2,0,1
2025-11-17T13:00:00Z,506.9,1,506.9,0,1
2025-11-17T14:00:00Z,511.0,0,511.0,0,1
2025-11-17T15:00:00Z,-9999.9,9,511.0,1,1
2025-11-17T16:00:00Z,500.1,0,500.1,0,1
2025-11-17T17:00:00Z,498.4,0,498.4,0,1
2025-11-17T18:00:00Z,494.4,0,494.4,0,1
2025-11-17T19:00:00Z,498.1,0,498.1,0,1
2025-11-17T20:00:00Z,495.0,0,495.0,0,1
2025-11-17T21:00:00Z,-9999.9,9,495.0,1,1
2025-11-17T22:00:00Z,488.1,0,488.1,0,1
2025-11-17T23:00:00Z,-9999.9,9,488.1,1,1
2025-11-18T00:00:00Z,-9999.9,9,488.1,1,1
2025-11-18T01:00:00Z,-9999.9,9,488.1,1,1
2025-11-18T02:00:00Z,-9999.9,9,488.1,1,1
2025-11-18T03:00:00Z,-9999.9,9,488.1,1,1
2025-11-18T04:00:00Z,-9999.9,9,488.1,1,1
2025-11-18T05:00:00Z,-9999.9,9,488.1,1,1
2025-11-18T06:00:00Z,-9999.9,9,488.1,1,1
2025-11-18T07:00:00Z,471.1,0,471.1,0,1
2025-11-18T08:00:00Z,467.2,0,467.2,0,1
2025-11-18T09:00:00Z,-9999.9,9,467.2,1,1
2025-11-18T10:00:00Z,460.3,0,460.3,0,1
2025-11-18T11:00:00Z,453.0,0,453.0,0,1
2025-11-18T12:00:00Z,450.9,0,450.9,0,1
2025-11-18T13:00:00Z,451.3,0,451.3,0,1
2025-11-18T14:00:00Z,444.7,0,444.7,0,1
2025-11-18T15:00:00Z,-9999.9,9,444.7,1,1
2025-11-18T16:00:00Z,438.0,0,438.0,0,1
2025-11-18T17:00:00Z,435.0,0,435.0,0,1
2025-11-18T18:00:00Z,437.5,0,437.5,0,1
2025-11-18T19:00:00Z,430.2,0,430.2,0,1
2025-11-18T20:00:00Z,420.9,0,420.9,0,1
2025-11-18T21:00:00Z,-9999.9,9,420.9,1,1
2025-11-18T22:00:00Z,-9999.9,3,420.9,1,1
2025-11-18T23:00:00Z,411.3,0,411.3,0,1
2025-11-19T00:00:00Z,-9999.9,9,411.3,1,1
2025-11-19T01:00:00Z,-9999.9,9,411.3,1,1
2025-11-19T02:00:00Z,-9999.9,9,411.3,1,1
2025-11-19T03:00:00Z,-9999.9,9,411.3,1,1
2025-11-19T04:00:00Z,-9999.9,9,411.3,1,1
2025-11-19T05:00:00Z,-9999.9,9,411.3,1,1
2025-11-19T06:00:00Z,-9999.9,9,411.3,1,1
2025-11-19T07:00:00Z,403.6,0,403.6,0,1
2025-11-19T08:00:00Z,400.7,0,400.7,0,1
2025-11-19T09:00:00Z,-9999.9,9,400.7,1,1
2025-11-19T10:00:00Z,401.9,0,401.9,0,1
2025-11-19T11:00:00Z,401.8,0,401.8,0,1
2025-11-19T12:00:00Z,396.1,0,396.1,0,1
2025-11-19T13:00:00Z,395.2,0,395.2,0,1
2025-11-19T14:00:00Z,-9999.9,3,395.2,1,1
2025-11-19T15:00:00Z,-9999.9,9,395.2,1,1
2025-11-19T16:00:00Z,366.0,0,366.0,0,1
2025-11-19T17:00:00Z,355.8,0,355.8,0,1
2025-11-19T18:00:00Z,372.5,0,372.5,0,1
2025-11-19T19:00:00Z,373.6,0,373.6,0,1
2025-11-19T20:00:00Z,374.6,0,374.6,0,1
2025-11-19T21:00:00Z,-9999.9,9,374.6,1,1
2025-11-19T22:00:00Z,370.1,0,370.1,0,1
2025-11-19T23:00:00Z,373.3,0,373.3,0,1
2025-11-20T00:00:00Z,-9999.9,9,373.3,1,1
2025-11-20T01:00:00Z,-9999.9,9,373.3,1,1
2025-11-20T02:00:00Z,-9999.9,9,373.3,1,1
2025-11-20T03:00:00Z,-9999.9,9,373.3,1,1
2025-11-20T04:00:00Z,-9999.9,9,373.3,1,1
2025-11-20T05:00:00Z,-9999.9,9,373.3,1,1
2025-11-20T06:00:00Z,370.2,0,370.2,0,1
2025-11-20T07:00:00Z,364.6,0,364.6,0,1
2025-11-20T08:00:00Z,373.4,0,373.4,0,1
2025-11-20T09:00:00Z,-9999.9,9,373.4,1,1
2025-11-20T10:00:00Z,407.9,0,407.9,0,1
2025-11-20T11:00:00Z,400.8,0,400.8,0,1
2025-11-20T12:00:00Z,399.0,0,399.0,0,1
2025-11-20T13:00:00Z,402.8,1,402.8,0,1
2025-11-20T14:00:00Z,412.9,0,412.9,0,1
2025-11-20T15:00:00Z,-9999.9,9,412.9,1,1
2025-11-20T16:00:00Z,411.3,0,411.3,0,1
2025-11-20T17:00:00Z,413.9,0,413.9,0,1
2025-11-20T18:00:00Z,416.4,0,416.4,0,1
2025-11-20T19:00:00Z,415.6,0,415.6,0,1
2025-11-20T20:00:00Z,407.0,1,407.0,0,1
2025-11-20T21:00:00Z,423.7,1,423.7,0,1
2025-11-20T22:00:00Z,422.6,0,422.6,0,1
2025-11-20T23:00:00Z,430.1,6,430.1,0,1
2025-11-21T00:00:00Z,-9999.9,9,430.1,1,1
2025-11-21T01:00:00Z,-9999.9,9,430.1,1,1
2025-11-21T02:00:00Z,-9999.9,9,430.1,1,1
2025-11-21T03:00:00Z,-9999.9,9,430.1,1,1
2025-11-21T04:00:00Z,456.1,0,456.1,0,1
2025-11-21T05:00:00Z,452.9,1,452.9,0,1
2025-11-21T06:00:00Z,453.5,0,453.5,0,1
2025-11-21T07:00:00Z,435.3,0,435.3,0,1
2025-11-21T08:00:00Z,429.8,0,429.8,0,1
2025-11-21T09:00:00Z,-9999.9,9,429.8,1,1
2025-11-21T10:00:00Z,440.3,0,440.3,0,1
2025-11-21T11:00:00Z,441.6,0,441.6,0,1
2025-11-21T12:00:00Z,423.7,0,423.7,0,1
2025-11-21T13:00:00Z,422.3,0,422.3,0,1
2025-11-21T14:00:00Z,416.1,0,416.1,0,1
2025-11-21T15:00:00Z,-9999.9,9,416.1,1,1
2025-11-21T16:00:00Z,430.1,0,430.1,0,1
2025-11-21T17:00:00Z,418.7,0,418.7,0,1
2025-11-21T18:00:00Z,435.0,0,435.0,0,1
2025-11-21T19:00:00Z,450.1,0,450.1,0,1
2025-11-21T20:00:00Z,438.3,0,438.3,0,1
2025-11-21T21:00:00Z,-9999.9,9,438.3,1,1
2025-11-21T22:00:00Z,432.7,0,432.7,0,1
2025-11-21T23:00:00Z,439.9,0,439.9,0,1
2025-11-22T00:00:00Z,428.6,0,428.6,0,1
2025-11-22T01:00:00Z,432.4,0,432.4,0,1
2025-11-22T02:00:00Z,436.4,0,436.4,0,1
2025-11-22T03:00:00Z,-9999.9,9,436.4,1,1
2025-11-22T04:00:00Z,426.7,0,426.7,0,1
2025-11-22T05:00:00Z,418.9,1,418.9,0,1
2025-11-22T06:00:00Z,417.0,1,417.0,0,1
2025-11-22T07:00:00Z,414.2,0,414.2,0,1
2025-11-22T08:00:00Z,426.8,0,426.8,0,1
2025-11-22T09:00:00Z,-9999.9,9,426.8,1,1
2025-11-22T10:00:00Z,432.2,0,432.2,0,1
2025-11-22T11:00:00Z,433.2,0,433.2,0,1
2025-11-22T12:00:00Z,-9999.9,3,433.2,1,1
2025-11-22T13:00:00Z,423.8,0,423.8,0,1
2025-11-22T14:00:00Z,422.7,0,422.7,0,1
2025-11-22T15:00:00Z,-9999.9,9,422.7,1,1
2025-11-22T16:00:00Z,401.7,0,401.7,0,1
2025-11-22T17:00:00Z,418.4,0,418.4,0,1
2025-11-22T18:00:00Z,422.3,0,422.3,0,1
2025-11-22T19:00:00Z,420.1,0,420.1,0,1
2025-11-22T20:00:00Z,393.4,0,393.4,0,1
2025-11-22T21:00:00Z,-9999.9,9,393.4,1,1
2025-11-22T22:00:00Z,423.5,0,423.5,0,1
2025-11-22T23:00:00Z,387.9,0,387.9,0,1
2025-11-23T00:00:00Z,364.8,1,364.8,0,1
2025-11-23T01:00:00Z,358.2,1,358.2,0,1
2025-11-23T02:00:00Z,367.4,0,367.4,0,1
2025-11-23T03:00:00Z,-9999.9,9,367.4,1,1
2025-11-23T04:00:00Z,386.4,0,386.4,0,1
2025-11-23T05:00:00Z,408.4,0,408.4,0,1
2025-11-23T06:00:00Z,428.8,0,428.8,0,1
2025-11-23T07:00:00Z,430.4,0,430.4,0,1
2025-11-23T08:00:00Z,412.6,0,412.6,0,1
2025-11-23T09:00:00Z,-9999.9,9,412.6,1,1
2025-11-23T10:00:00Z,417.7,0,417.7,0,1
2025-11-23T11:00:00Z,426.4,0,426.4,0,1
2025-11-23T12:00:00Z,435.1,0,435.1,0,1
2025-11-23T13:00:00Z,420.0,0,420.0,0,1
2025-11-23T14:00:00Z,444.5,0,444.5,0,1
2025-11-23T15:00:00Z,-9999.9,9,444.5,1,1
2025-11-23T16:00:00Z,463.2,0,463.2,0,1
2025-11-23T17:00:00Z,432.7,0,432.7,0,1
2025-11-23T18:00:00Z,429.6,0,429.6,0,1
2025-11-23T19:00:00Z,440.9,1,440.9,0,1
2025-11-23T20:00:00Z,455.2,0,455.2,0,1
2025-11-23T21:00:00Z,-9999.9,9,455.2,1,1
2025-11-23T22:00:00Z,468.2,0,468.2,0,1
2025-11-23T23:00:00Z,479.3,0,479.3,0,1
2025-11-24T00:00:00Z,475.6,0,475.6,0,1
2025-11-24T01:00:00Z,452.5,0,452.5,0,1
2025-11-24T02:00:00Z,456.4,0,456.4,0,1
2025-11-24T03:00:00Z,-9999.9,9,456.4,1,1
2025-11-24T04:00:00Z,475.8,0,475.8,0,1
2025-11-24T05:00:00Z,465.3,0,465.3,0,1
2025-11-24T06:00:00Z,463.6,0,463.6,0,1
2025-11-24T07:00:00Z,487.5,0,487.5,0,1
2025-11-24T08:00:00Z,528.6,0,528.6,0,1
2025-11-24T09:00:00Z,-9999.9,9,528.6,1,1
2025-11-24T10:00:00Z,572.8,0,572.8,0,1
2025-11-24T11:00:00Z,623.2,0,623.2,0,1
2025-11-24T12:00:00Z,681.2,0,681.2,0,1
2025-11-24T13:00:00Z,672.8,0,672.8,0,1
2025-11-24T14:00:00Z,697.2,0,697.2,0,1
2025-11-24T15:00:00Z,-9999.9,9,697.2,1,1
2025-11-24T16:00:00Z,695.2,1,695.2,0,1
2025-11-24T17:00:00Z,690.6,0,690.6,0,1
2025-11-24T18:00:00Z,693.5,0,693.5,0,1
2025-11-24T19:00:00Z,686.7,0,686.7,0,1
2025-11-24T20:00:00Z,692.2,0,692.2,0,1
2025-11-24T21:00:00Z,-9999.9,9,692.2,1,1
2025-11-24T22:00:00Z,710.6,0,710.6,0,1
2025-11-24T23:00:00Z,-9999.9,3,710.6,1,1
2025-11-25T00:00:00Z,-9999.9,9,710.6,1,1
2025-11-25T01:00:00Z,-9999.9,9,710.6,1,1
2025-11-25T02:00:00Z,-9999.9,9,710.6,1,1
2025-11-25T03:00:00Z,-9999.9,9,710.6,1,1
2025-11-25T04:00:00Z,-9999.9,9,710.6,1,1
2025-11-25T05:00:00Z,-9999.9,9,710.6,1,1
2025-11-25T06:00:00Z,-9999.9,9,710.6,1,1
2025-11-25T07:00:00Z,770.2,0,770.2,0,1
2025-11-25T08:00:00Z,768.8,0,768.8,0,1
2025-11-25T09:00:00Z,-9999.9,9,768.8,1,1
2025-11-25T10:00:00Z,765.7,0,765.7,0,1
2025-11-25T11:00:00Z,793.5,0,793.5,0,1
2025-11-25T12:00:00Z,787.1,0,787.1,0,1
2025-11-25T13:00:00Z,782.1,0,782.1,0,1
2025-11-25T14:00:00Z,787.7,0,787.7,0,1
2025-11-25T15:00:00Z,-9999.9,9,787.7,1,1
2025-11-25T16:00:00Z,779.3,0,779.3,0,1
2025-11-25T17:00:00Z,774.5,0,774.5,0,1
2025-11-25T18:00:00Z,784.0,0,784.0,0,1
2025-11-25T19:00:00Z,804.0,0,804.0,0,1
2025-11-25T20:00:00Z,794.3,0,794.3,0,1
2025-11-25T21:00:00Z,-9999.9,9,794.3,1,1
2025-11-25T22:00:00Z,775.7,0,775.7,0,1
2025-11-25T23:00:00Z,759.9,0,759.9,0,1
2025-11-26T00:00:00Z,792.5,0,792.5,0,1
2025-11-26T01:00:00Z,761.7,0,761.7,0,1
2025-11-26T02:00:00Z,769.0,0,769.0,0,1
2025-11-26T03:00:00Z,-9999.9,9,769.0,1,1
2025-11-26T04:00:00Z,778.1,0,778.1,0,1
2025-11-26T05:00:00Z,765.2,0,765.2,0,1
2025-11-26T06:00:00Z,728.7,0,728.7,0,1
2025-11-26T07:00:00Z,701.0,0,701.0,0,1
2025-11-26T08:00:00Z,739.3,0,739.3,0,1
2025-11-26T09:00:00Z,-9999.9,9,739.3,1,1
2025-11-26T10:00:00Z,721.8,0,721.8,0,1
2025-11-26T11:00:00Z,731.5,0,731.5,0,1
2025-11-26T12:00:00Z,707.8,0,707.8,0,1
2025-11-26T13:00:00Z,706.4,0,706.4,0,1
2025-11-26T14:00:00Z,693.6,0,693.6,0,1
2025-11-26T15:00:00Z,-9999.9,9,693.6,1,1
2025-11-26T16:00:00Z,681.4,0,681.4,0,1
2025-11-26T17:00:00Z,654.3,1,654.3,0,1
2025-11-26T18:00:00Z,642.7,0,642.7,0,1
2025-11-26T19:00:00Z,695.3,0,695.3,0,1
2025-11-26T20:00:00Z,736.3,0,736.3,0,1
2025-11-26T21:00:00Z,718.1,0,718.1,0,1
2025-11-26T22:00:00Z,737.3,0,737.3,0,1
2025-11-26T23:00:00Z,733.1,0,733.1,0,1
2025-11-27T00:00:00Z,715.8,0,715.8,0,1
2025-11-27T01:00:00Z,714.9,0,714.9,0,1
2025-11-27T02:00:00Z,719.7,0,719.7,0,1
2025-11-27T03:00:00Z,-9999.9,9,719.7,1,1
2025-11-27T04:00:00Z,717.6,0,717.6,0,1
2025-11-27T05:00:00Z,718.0,0,718.0,0,1
2025-11-27T06:00:00Z,717.8,1,717.8,0,1
2025-11-27T07:00:00Z,687.4,0,687.4,0,1
2025-11-27T08:00:00Z,702.2,0,702.2,0,1
2025-11-27T09:00:00Z,681.7,1,681.7,0,1
2025-11-27T10:00:00Z,665.6,0,665.6,0,1
2025-11-27T11:00:00Z,669.1,0,669.1,0,1
2025-11-27T12:00:00Z,675.9,1,675.9,0,1
2025-11-27T13:00:00Z,652.3,0,652.3,0,1
2025-11-27T14:00:00Z,637.9,0,637.9,0,1
2025-11-27T15:00:00Z,-9999.9,9,637.9,1,1
2025-11-27T16:00:00Z,631.5,1,631.5,0,1
2025-11-27T17:00:00Z,624.1,1,624.1,0,1
2025-11-27T18:00:00Z,635.0,0,635.0,0,1
2025-11-27T19:00:00Z,649.4,0,649.4,0,1
2025-11-27T20:00:00Z,638.3,0,638.3,0,1
2025-11-27T21:00:00Z,632.7,0,632.7,0,1
2025-11-27T22:00:00Z,640.3,0,640.3,0,1
2025-11-27T23:00:00Z,652.7,1,652.7,0,1
2025-11-28T00:00:00Z,649.0,1,649.0,0,1
2025-11-28T01:00:00Z,651.0,0,651.0,0,1
2025-11-28T02:00:00Z,663.2,1,663.2,0,1
2025-11-28T03:00:00Z,-9999.9,9,663.2,1,1
2025-11-28T04:00:00Z,656.0,1,656.0,0,1
2025-11-28T05:00:00Z,628.7,0,628.7,0,1
2025-11-28T06:00:00Z,632.7,0,632.7,0,1
2025-11-28T07:00:00Z,644.4,0,644.4,0,1
2025-11-28T08:00:00Z,644.1,0,644.1,0,1
2025-11-28T09:00:00Z,-9999.9,9,644.1,1,1
2025-11-28T10:00:00Z,631.8,0,631.8,0,1
2025-11-28T11:00:00Z,637.4,0,637.4,0,1
2025-11-28T12:00:00Z,644.8,1,644.8,0,1
2025-11-28T13:00:00Z,638.5,1,638.5,0,1
2025-11-28T14:00:00Z,636.7,0,636.7,0,1
2025-11-28T15:00:00Z,-9999.9,9,636.7,1,1
2025-11-28T16:00:00Z,620.6,0,620.6,0,1
2025-11-28T17:00:00Z,608.1,1,608.1,0,1
2025-11-28T18:00:00Z,613.0,1,613.0,0,1
2025-11-28T19:00:00Z,592.7,0,592.7,0,1
2025-11-28T20:00:00Z,604.5,0,604.5,0,1
2025-11-28T21:00:00Z,-9999.9,9,604.5,1,1
2025-11-28T22:00:00Z,599.5,0,599.5,0,1
2025-11-28T23:00:00Z,603.4,0,603.4,0,1
2025-11-29T00:00:00Z,615.7,1,615.7,0,1
2025-11-29T01:00:00Z,612.8,1,612.8,0,1
2025-11-29T02:00:00Z,618.8,0,618.8,0,1
2025-11-29T03:00:00Z,-9999.9,9,618.8,1,1
2025-11-29T04:00:00Z,618.3,0,618.3,0,1
2025-11-29T05:00:00Z,620.2,0,620.2,0,1
2025-11-29T06:00:00Z,601.8,0,601.8,0,1
2025-11-29T07:00:00Z,605.8,0,605.8,0,1
2025-11-29T08:00:00Z,604.6,0,604.6,0,1
2025-11-29T09:00:00Z,-9999.9,9,604.6,1,1
2025-11-29T10:00:00Z,609.2,0,609.2,0,1
2025-11-29T11:00:00Z,-9999.9,3,609.2,1,1
2025-11-29T12:00:00Z,609.9,0,609.9,0,1
2025-11-29T13:00:00Z,612.7,0,612.7,0,1
2025-11-29T14:00:00Z,613.6,0,613.6,0,1
2025-11-29T15:00:00Z,-9999.9,9,613.6,1,1
2025-11-29T16:00:00Z,625.6,0,625.6,0,1
2025-11-29T17:00:00Z,619.5,0,619.5,0,1
2025-11-29T18:00:00Z,616.1,0,616.1,0,1
2025-11-29T19:00:00Z,611.0,0,611.0,0,1
2025-11-29T20:00:00Z,613.2,1,613.2,0,1
2025-11-29T21:00:00Z,622.9,0,622.9,0,1
2025-11-29T22:00:00Z,610.2,0,610.2,0,1
2025-11-29T23:00:00Z,620.1,0,620.1,0,1
2025-11-30T00:00:00Z,620.8,0,620.8,0,1
2025-11-30T01:00:00Z,618.8,1,618.8,0,1
2025-11-30T02:00:00Z,619.2,0,619.2,0,1
2025-11-30T03:00:00Z,-9999.9,9,619.2,1,1
2025-11-30T04:00:00Z,619.5,0,619.5,0,1
2025-11-30T05:00:00Z,608.2,0,608.2,0,1
2025-11-30T06:00:00Z,608.0,1,608.0,0,1
2025-11-30T07:00:00Z,598.0,0,598.0,0,1
2025-11-30T08:00:00Z,597.8,0,597.8,0,1
2025-11-30T09:00:00Z,-9999.9,9,597.8,1,1
2025-11-30T10:00:00Z,577.3,0,577.3,0,1
2025-11-30T11:00:00Z,589.9,0,589.9,0,1
2025-11-30T12:00:00Z,598.0,0,598.0,0,1
2025-11-30T13:00:00Z,578.1,0,578.1,0,1
2025-11-30T14:00:00Z,588.9,0,588.9,0,1
2025-11-30T15:00:00Z,-9999.9,9,588.9,1,1
2025-11-30T16:00:00Z,575.3,0,575.3,0,1
2025-11-30T17:00:00Z,564.0,0,564.0,0,1
2025-11-30T18:00:00Z,565.5,0,565.5,0,1
2025-11-30T19:00:00Z,564.7,0,564.7,0,1
2025-11-30T20:00:00Z,555.9,0,555.9,0,1
2025-11-30T21:00:00Z,553.9,1,553.9,0,1
2025-11-30T22:00:00Z,558.5,0,558.5,0,1
2025-11-30T23:00:00Z,553.3,0,553.3,0,1
2025-12-01T00:00:00Z,539.6,0,539.6,0,1
2025-12-01T01:00:00Z,536.2,0,536.2,0,1
2025-12-01T02:00:00Z,527.0,0,527.0,0,1
2025-12-01T03:00:00Z,-9999.9,9,527.0,1,1
2025-12-01T04:00:00Z,505.1,0,505.1,0,1
2025-12-01T05:00:00Z,501.3,0,501.3,0,1
2025-12-01T06:00:00Z,511.0,0,511.0,0,1
2025-12-01T07:00:00Z,498.9,0,498.9,0,1
2025-12-01T08:00:00Z,496.0,0,496.0,0,1
2025-12-01T09:00:00Z,-9999.9,9,496.0,1,1
2025-12-01T10:00:00Z,497.0,0,497.0,0,1
2025-12-01T11:00:00Z,485.8,0,485.8,0,1
2025-12-01T12:00:00Z,484.0,0,484.0,0,1
2025-12-01T13:00:00Z,466.9,0,466.9,0,1
2025-12-01T14:00:00Z,453.2,0,453.2,0,1
2025-12-01T15:00:00Z,-9999.9,9,453.2,1,1
2025-12-01T16:00:00Z,455.1,0,455.1,0,1
2025-12-01T17:00:00Z,441.3,0,441.3,0,1
2025-12-01T18:00:00Z,436.4,0,436.4,0,1
2025-12-01T19:00:00Z,434.7,0,434.7,0,1
2025-12-01T20:00:00Z,432.1,0,432.1,0,1
2025-12-01T21:00:00Z,428.7,0,428.7,0,1
2025-12-01T22:00:00Z,426.0,0,426.0,0,1
2025-12-01T23:00:00Z,417.8,0,417.8,0,1
2025-12-02T00:00:00Z,428.6,0,428.6,0,1
2025-12-02T01:00:00Z,415.8,0,415.8,0,1
2025-12-02T02:00:00Z,428.0,0,428.0,0,1
2025-12-02T03:00:00Z,-9999.9,9,428.0,1,1
2025-12-02T04:00:00Z,430.9,0,430.9,0,1
2025-12-02T05:00:00Z,443.5,0,443.5,0,1
2025-12-02T06:00:00Z,444.7,0,444.7,0,1
2025-12-02T07:00:00Z,405.7,0,405.7,0,1
2025-12-02T08:00:00Z,404.7,0,404.7,0,1
2025-12-02T09:00:00Z,405.6,0,405.6,0,1
2025-12-02T10:00:00Z,388.9,0,388.9,0,1
2025-12-02T11:00:00Z,394.3,0,394.3,0,1
2025-12-02T12:00:00Z,393.9,0,393.9,0,1
2025-12-02T13:00:00Z,393.3,0,393.3,0,1
2025-12-02T14:00:00Z,402.1,0,402.1,0,1
2025-12-02T15:00:00Z,-9999.9,9,402.1,1,1
2025-12-02T16:00:00Z,396.9,0,396.9,0,1
2025-12-02T17:00:00Z,395.4,0,395.4,0,1
2025-12-02T18:00:00Z,391.7,1,391.7,0,1
2025-12-02T19:00:00Z,385.9,1,385.9,0,1
2025-12-02T20:00:00Z,391.2,0,391.2,0,1
2025-12-02T21:00:00Z,-9999.9,9,391.2,1,1
2025-12-02T22:00:00Z,393.4,0,393.4,0,1
2025-12-02T23:00:00Z,394.3,0,394.3,0,1
2025-12-03T00:00:00Z,403.5,0,403.5,0,1
2025-12-03T01:00:00Z,-9999.9,3,403.5,1,1
2025-12-03T02:00:00Z,396.0,0,396.0,0,1
2025-12-03T03:00:00Z,-9999.9,9,396.0,1,1
2025-12-03T04:00:00Z,394.4,0,394.4,0,1
2025-12-03T05:00:00Z,382.6,0,382.6,0,1
2025-12-03T06:00:00Z,-9999.9,9,382.6,1,1
2025-12-03T07:00:00Z,374.5,0,374.5,0,1
2025-12-03T08:00:00Z,372.7,0,372.7,0,1
2025-12-03T09:00:00Z,372.9,0,372.9,0,1
2025-12-03T10:00:00Z,370.6,0,370.6,0,1
2025-12-03T11:00:00Z,374.8,0,374.8,0,1
2025-12-03T12:00:00Z,390.1,0,390.1,0,1
2025-12-03T13:00:00Z,391.2,0,391.2,0,1
2025-12-03T14:00:00Z,396.9,0,396.9,0,1
2025-12-03T15:00:00Z,-9999.9,9,396.9,1,1
2025-12-03T16:00:00Z,470.3,0,470.3,0,1
2025-12-03T17:00:00Z,480.9,0,480.9,0,1
2025-12-03T18:00:00Z,458.6,0,458.6,0,1
2025-12-03T19:00:00Z,447.6,0,447.6,0,1
2025-12-03T20:00:00Z,456.0,0,456.0,0,1
2025-12-03T21:00:00Z,458.0,0,458.0,0,1
2025-12-03T22:00:00Z,493.2,0,493.2,0,1
2025-12-03T23:00:00Z,533.3,0,533.3,0,1
2025-12-04T00:00:00Z,588.0,0,588.0,0,1
2025-12-04T01:00:00Z,614.9,0,614.9,0,1
2025-12-04T02:00:00Z,642.8,1,642.8,0,1
2025-12-04T03:00:00Z,-9999.9,9,642.8,1,1
2025-12-04T04:00:00Z,675.6,0,675.6,0,1
2025-12-04T05:00:00Z,701.2,0,701.2,0,1
2025-12-04T06:00:00Z,689.0,0,689.0,0,1
2025-12-04T07:00:00Z,686.6,0,686.6,0,1
2025-12-04T08:00:00Z,676.5,1,676.5,0,1
2025-12-04T09:00:00Z,-9999.9,9,676.5,1,1
2025-12-04T10:00:00Z,680.1,0,680.1,0,1
2025-12-04T11:00:00Z,701.6,1,701.6,0,1
2025-12-04T12:00:00Z,690.7,0,690.7,0,1
2025-12-04T13:00:00Z,674.1,0,674.1,0,1
2025-12-04T14:00:00Z,691.5,0,691.5,0,1
2025-12-04T15:00:00Z,-9999.9,9,691.5,1,1
2025-12-04T16:00:00Z,669.0,0,669.0,0,1
2025-12-04T17:00:00Z,640.9,1,640.9,0,1
2025-12-04T18:00:00Z,642.1,1,642.1,0,1
2025-12-04T19:00:00Z,649.7,1,649.7,0,1
2025-12-04T20:00:00Z,662.2,0,662.2,0,1
2025-12-04T21:00:00Z,634.8,0,634.8,0,1
2025-12-04T22:00:00Z,661.8,0,661.8,0,1
2025-12-04T23:00:00Z,698.9,0,698.9,0,1
2025-12-05T00:00:00Z,702.5,0,702.5,0,1
2025-12-05T01:00:00Z,672.9,1,672.9,0,1
2025-12-05T02:00:00Z,628.9,1,628.9,0,1
2025-12-05T03:00:00Z,-9999.9,9,628.9,1,1
2025-12-05T04:00:00Z,649.0,1,649.0,0,1
2025-12-05T05:00:00Z,657.2,1,657.2,0,1
2025-12-05T06:00:00Z,676.3,0,676.3,0,1
2025-12-05T07:00:00Z,704.5,0,704.5,0,1
2025-12-05T08:00:00Z,653.1,1,653.1,0,1
2025-12-05T09:00:00Z,-9999.9,9,653.1,1,1
2025-12-05T10:00:00Z,627.2,1,627.2,0,1
2025-12-05T11:00:00Z,613.8,0,613.8,0,1
2025-12-05T12:00:00Z,613.1,0,613.1,0,1
2025-12-05T13:00:00Z,601.9,1,601.9,0,1
2025-12-05T14:00:00Z,607.2,0,607.2,0,1
2025-12-05T15:00:00Z,-9999.9,9,607.2,1,1
2025-12-05T16:00:00Z,612.4,0,612.4,0,1
2025-12-05T17:00:00Z,604.9,0,604.9,0,1
2025-12-05T18:00:00Z,611.5,0,611.5,0,1
2025-12-05T19:00:00Z,628.6,1,628.6,0,1
2025-12-05T20:00:00Z,646.6,0,646.6,0,1
2025-12-05T21:00:00Z,650.1,0,650.1,0,1
2025-12-05T22:00:00Z,650.5,0,650.5,0,1
2025-12-05T23:00:00Z,657.7,0,657.7,0,1
2025-12-06T00:00:00Z,656.1,1,656.1,0,1
2025-12-06T01:00:00Z,663.0,0,663.0,0,1
2025-12-06T02:00:00Z,676.4,0,676.4,0,1
2025-12-06T03:00:00Z,-9999.9,9,676.4,1,1
2025-12-06T04:00:00Z,683.7,0,683.7,0,1
2025-12-06T05:00:00Z,669.4,0,669.4,0,1
2025-12-06T06:00:00Z,665.3,0,665.3,0,1
2025-12-06T07:00:00Z,669.6,1,669.6,0,1
2025-12-06T08:00:00Z,664.3,1,664.3,0,1
2025-12-06T09:00:00Z,671.4,0,671.4,0,1
2025-12-06T10:00:00Z,676.8,0,676.8,0,1
2025-12-06T11:00:00Z,664.7,0,664.7,0,1
2025-12-06T12:00:00Z,661.7,1,661.7,0,1
2025-12-06T13:00:00Z,672.2,0,672.2,0,1
2025-12-06T14:00:00Z,670.4,0,670.4,0,1
2025-12-06T15:00:00Z,-9999.9,9,670.4,1,1
2025-12-06T16:00:00Z,641.3,0,641.3,0,1
2025-12-06T17:00:00Z,642.4,0,642.4,0,1
2025-12-06T18:00:00Z,637.1,0,637.1,0,1
2025-12-06T19:00:00Z,637.5,0,637.5,0,1
2025-12-06T20:00:00Z,641.4,0,641.4,0,1
2025-12-06T21:00:00Z,658.6,0,658.6,0,1
2025-12-06T22:00:00Z,646.9,1,646.9,0,1
2025-12-06T23:00:00Z,628.0,1,628.0,0,1
2025-12-07T00:00:00Z,627.2,1,627.2,0,1
2025-12-07T01:00:00Z,613.8,0,613.8,0,1
2025-12-07T02:00:00Z,622.0,0,622.0,0,1
2025-12-07T03:00:00Z,-9999.9,9,622.0,1,1
2025-12-07T04:00:00Z,610.9,1,610.9,0,1
2025-12-07T05:00:00Z,598.4,0,598.4,0,1
2025-12-07T06:00:00Z,596.3,0,596.3,0,1
2025-12-07T07:00:00Z,585.4,1,585.4,0,1
2025-12-07T08:00:00Z,572.8,0,572.8,0,1
2025-12-07T09:00:00Z,-9999.9,9,572.8,1,1
2025-12-07T10:00:00Z,562.8,0,562.8,0,1
2025-12-07T11:00:00Z,513.8,0,513.8,0,1
2025-12-07T12:00:00Z,487.8,1,487.8,0,1
2025-12-07T13:00:00Z,481.3,0,481.3,0,1
2025-12-07T14:00:00Z,484.1,0,484.1,0,1
2025-12-07T15:00:00Z,-9999.9,9,484.1,1,1
2025-12-07T16:00:00Z,472.1,1,472.1,0,1
2025-12-07T17:00:00Z,469.5,0,469.5,0,1
2025-12-07T18:00:00Z,464.8,0,464.8,0,1
2025-12-07T19:00:00Z,451.7,1,451.7,0,1
2025-12-07T20:00:00Z,439.7,0,439.7,0,1
2025-12-07T21:00:00Z,434.9,0,434.9,0,1
2025-12-07T22:00:00Z,434.9,1,434.9,0,1
2025-12-07T23:00:00Z,431.6,1,431.6,0,1
2025-12-08T00:00:00Z,437.6,1,437.6,0,1
2025-12-08T01:00:00Z,416.1,0,416.1,0,1
2025-12-08T02:00:00Z,423.1,1,423.1,0,1
2025-12-08T03:00:00Z,-9999.9,9,423.1,1,1
2025-12-08T04:00:00Z,394.3,1,394.3,0,1
2025-12-08T05:00:00Z,386.9,1,386.9,0,1
2025-12-08T06:00:00Z,393.8,1,393.8,0,1
2025-12-08T07:00:00Z,391.0,0,391.0,0,1
2025-12-08T08:00:00Z,378.9,0,378.9,0,1
2025-12-08T09:00:00Z,374.8,0,374.8,0,1
2025-12-08T10:00:00Z,371.0,0,371.0,0,1
2025-12-08T11:00:00Z,381.3,0,381.3,0,1
2025-12-08T12:00:00Z,350.6,0,350.6,0,1
2025-12-08T13:00:00Z,347.8,0,347.8,0,1
2025-12-08T14:00:00Z,341.8,1,341.8,0,1
2025-12-08T15:00:00Z,-9999.9,9,341.8,1,1
2025-12-08T16:00:00Z,343.7,1,343.7,0,1
2025-12-08T17:00:00Z,332.5,0,332.5,0,1
2025-12-08T18:00:00Z,362.0,0,362.0,0,1
2025-12-08T19:00:00Z,350.4,1,350.4,0,1
2025-12-08T20:00:00Z,358.9,0,358.9,0,1
2025-12-08T21:00:00Z,349.7,0,349.7,0,1
2025-12-08T22:00:00Z,386.2,0,386.2,0,1
2025-12-08T23:00:00Z,396.7,0,396.7,0,1
2025-12-09T00:00:00Z,366.5,1,366.5,0,1
2025-12-09T01:00:00Z,369.2,1,369.2,0,1
2025-12-09T02:00:00Z,383.9,0,383.9,0,1
2025-12-09T03:00:00Z,-9999.9,9,383.9,1,1
2025-12-09T04:00:00Z,383.1,0,383.1,0,1
2025-12-09T05:00:00Z,382.5,0,382.5,0,1
2025-12-09T06:00:00Z,384.9,0,384.9,0,1
2025-12-09T07:00:00Z,391.2,0,391.2,0,1
2025-12-09T08:00:00Z,398.2,0,398.2,0,1
2025-12-09T09:00:00Z,-9999.9,9,398.2,1,1
2025-12-09T10:00:00Z,368.8,0,368.8,0,1
2025-12-09T11:00:00Z,360.7,0,360.7,0,1
2025-12-09T12:00:00Z,360.9,1,360.9,0,1
2025-12-09T13:00:00Z,374.1,0,374.1,0,1
2025-12-09T14:00:00Z,363.2,1,363.2,0,1
2025-12-09T15:00:00Z,-9999.9,9,363.2,1,1
2025-12-09T16:00:00Z,370.2,0,370.2,0,1
2025-12-09T17:00:00Z,376.4,0,376.4,0,1
2025-12-09T18:00:00Z,370.4,0,370.4,0,1
2025-12-09T19:00:00Z,361.0,0,361.0,0,1
2025-12-09T20:00:00Z,354.1,0,354.1,0,1
2025-12-09T21:00:00Z,351.3,0,351.3,0,1
2025-12-09T22:00:00Z,347.9,0,347.9,0,1
2025-12-09T23:00:00Z,335.3,0,335.3,0,1
2025-12-10T00:00:00Z,338.0,0,338.0,0,1
2025-12-10T01:00:00Z,354.0,0,354.0,0,1
2025-12-10T02:00:00Z,371.3,0,371.3,0,1
2025-12-10T03:00:00Z,-9999.9,9,371.3,1,1
2025-12-10T04:00:00Z,394.3,0,394.3,0,1
2025-12-10T05:00:00Z,411.3,0,411.3,0,1
2025-12-10T06:00:00Z,398.3,0,398.3,0,1
2025-12-10T07:00:00Z,399.7,0,399.7,0,1
2025-12-10T08:00:00Z,390.0,0,390.0,0,1
2025-12-10T09:00:00Z,381.7,0,381.7,0,1
2025-12-10T10:00:00Z,380.4,0,380.4,0,1
2025-12-10T11:00:00Z,380.2,0,380.2,0,1
2025-12-10T12:00:00Z,377.8,0,377.8,0,1
2025-12-10T13:00:00Z,377.5,0,377.5,0,1
2025-12-10T14:00:00Z,375.0,0,375.0,0,1
2025-12-10T15:00:00Z,-9999.9,9,375.0,1,1
2025-12-10T16:00:00Z,397.0,0,397.0,0,1
2025-12-10T17:00:00Z,399.7,0,399.7,0,1
2025-12-10T18:00:00Z,397.9,0,397.9,0,1
2025-12-10T19:00:00Z,402.4,0,402.4,0,1
2025-12-10T20:00:00Z,431.6,0,431.6,0,1
2025-12-10T21:00:00Z,447.0,0,447.0,0,1
2025-12-10T22:00:00Z,453.5,0,453.5,0,1
2025-12-10T23:00:00Z,447.1,0,447.1,0,1
2025-12-11T00:00:00Z,426.1,0,426.1,0,1
2025-12-11T01:00:00Z,436.7,0,436.7,0,1
2025-12-11T02:00:00Z,432.8,0,432.8,0,1
2025-12-11T03:00:00Z,-9999.9,9,432.8,1,1
2025-12-11T04:00:00Z,413.7,0,413.7,0,1
2025-12-11T05:00:00Z,418.8,0,418.8,0,1
2025-12-11T06:00:00Z,419.1,0,419.1,0,1
2025-12-11T07:00:00Z,419.6,0,419.6,0,1
2025-12-11T08:00:00Z,412.5,0,412.5,0,1
2025-12-11T09:00:00Z,409.6,0,409.6,0,1
2025-12-11T10:00:00Z,405.7,0,405.7,0,1
2025-12-11T11:00:00Z,417.7,0,417.7,0,1
2025-12-11T12:00:00Z,417.1,0,417.1,0,1
2025-12-11T13:00:00Z,413.4,0,413.4,0,1
2025-12-11T14:00:00Z,408.6,1,408.6,0,1
2025-12-11T15:00:00Z,-9999.9,9,408.6,1,1
2025-12-11T16:00:00Z,422.7,0,422.7,0,1
2025-12-11T17:00:00Z,427.7,0,427.7,0,1
2025-12-11T18:00:00Z,427.3,0,427.3,0,1
2025-12-11T19:00:00Z,412.3,0,412.3,0,1
2025-12-11T20:00:00Z,415.4,0,415.4,0,1
2025-12-11T21:00:00Z,415.0,0,415.0,0,1
2025-12-11T22:00:00Z,411.7,0,411.7,0,1
2025-12-11T23:00:00Z,411.9,0,411.9,0,1
2025-12-12T00:00:00Z,434.4,0,434.4,0,1
2025-12-12T01:00:00Z,447.8,0,447.8,0,1
2025-12-12T02:00:00Z,458.8,0,458.8,0,1
2025-12-12T03:00:00Z,-9999.9,9,458.8,1,1
2025-12-12T04:00:00Z,439.9,0,439.9,0,1
2025-12-12T05:00:00Z,451.1,0,451.1,0,1
2025-12-12T06:00:00Z,436.7,0,436.7,0,1
2025-12-12T07:00:00Z,430.2,0,430.2,0,1
2025-12-12T08:00:00Z,438.2,0,438.2,0,1
2025-12-12T09:00:00Z,423.7,0,423.7,0,1
2025-12-12T10:00:00Z,416.3,0,416.3,0,1
2025-12-12T11:00:00Z,419.3,0,419.3,0,1
2025-12-12T12:00:00Z,416.6,0,416.6,0,1
2025-12-12T13:00:00Z,415.4,0,415.4,0,1
2025-12-12T14:00:00Z,423.9,0,423.9,0,1
2025-12-12T15:00:00Z,-9999.9,9,423.9,1,1
2025-12-12T16:00:00Z,434.3,0,434.3,0,1
2025-12-12T17:00:00Z,435.9,0,435.9,0,1
2025-12-12T18:00:00Z,432.4,0,432.4,0,1
2025-12-12T19:00:00Z,444.4,1,444.4,0,1
2025-12-12T20:00:00Z,457.7,0,457.7,0,1
2025-12-12T21:00:00Z,-9999.9,9,457.7,1,1
2025-12-12T22:00:00Z,459.0,0,459.0,0,1
2025-12-12T23:00:00Z,464.6,0,464.6,0,1
2025-12-13T00:00:00Z,490.5,1,490.5,0,1
2025-12-13T01:00:00Z,484.9,0,484.9,0,1
2025-12-13T02:00:00Z,483.9,1,483.9,0,1
2025-12-13T03:00:00Z,-9999.9,9,483.9,1,1
2025-12-13T04:00:00Z,491.3,0,491.3,0,1
2025-12-13T05:00:00Z,512.2,0,512.2,0,1
2025-12-13T06:00:00Z,520.1,1,520.1,0,1
2025-12-13T07:00:00Z,498.5,1,498.5,0,1
2025-12-13T08:00:00Z,520.9,1,520.9,0,1
2025-12-13T09:00:00Z,566.1,0,566.1,0,1
2025-12-13T10:00:00Z,555.0,0,555.0,0,1
2025-12-13T11:00:00Z,552.1,0,552.1,0,1
2025-12-13T12:00:00Z,543.3,0,543.3,0,1
2025-12-13T13:00:00Z,550.6,0,550.6,0,1
2025-12-13T14:00:00Z,575.1,1,575.1,0,1
2025-12-13T15:00:00Z,-9999.9,9,575.1,1,1
2025-12-13T16:00:00Z,614.2,0,614.2,0,1
2025-12-13T17:00:00Z,634.7,0,634.7,0,1
2025-12-13T18:00:00Z,663.2,0,663.2,0,1
2025-12-13T19:00:00Z,666.4,1,666.4,0,1
2025-12-13T20:00:00Z,665.5,0,665.5,0,1
2025-12-13T21:00:00Z,655.6,0,655.6,0,1
2025-12-13T22:00:00Z,659.9,0,659.9,0,1
2025-12-13T23:00:00Z,646.7,0,646.7,0,1
2025-12-14T00:00:00Z,647.5,0,647.5,0,1
2025-12-14T01:00:00Z,640.3,1,640.3,0,1
2025-12-14T02:00:00Z,625.2,0,625.2,0,1
2025-12-14T03:00:00Z,-9999.9,9,625.2,1,1
2025-12-14T04:00:00Z,587.2,0,587.2,0,1
2025-12-14T05:00:00Z,607.3,0,607.3,0,1
2025-12-14T06:00:00Z,607.7,0,607.7,0,1
2025-12-14T07:00:00Z,595.1,0,595.1,0,1
2025-12-14T08:00:00Z,574.5,0,574.5,0,1
2025-12-14T09:00:00Z,572.8,1,572.8,0,1
2025-12-14T10:00:00Z,570.1,0,570.1,0,1
2025-12-14T11:00:00Z,570.2,1,570.2,0,1
2025-12-14T12:00:00Z,569.3,0,569.3,0,1
2025-12-14T13:00:00Z,556.9,1,556.9,0,1
2025-12-14T14:00:00Z,540.1,0,540.1,0,1
2025-12-14T15:00:00Z,-9999.9,9,540.1,1,1
2025-12-14T16:00:00Z,539.8,0,539.8,0,1
2025-12-14T17:00:00Z,523.6,0,523.6,0,1
2025-12-14T18:00:00Z,500.4,0,500.4,0,1
2025-12-14T19:00:00Z,499.0,0,499.0,0,1
2025-12-14T20:00:00Z,507.8,0,507.8,0,1
2025-12-14T21:00:00Z,512.6,0,512.6,0,1
2025-12-14T22:00:00Z,488.3,0,488.3,0,1
2025-12-14T23:00:00Z,495.7,0,495.7,0,1
2025-12-15T00:00:00Z,478.8,0,478.8,0,1
2025-12-15T01:00:00Z,471.2,0,471.2,0,1
2025-12-15T02:00:00Z,453.7,0,453.7,0,1
2025-12-15T03:00:00Z,-9999.9,9,453.7,1,1
2025-12-15T04:00:00Z,456.9,0,456.9,0,1
2025-12-15T05:00:00Z,463.9,0,463.9,0,1
2025-12-15T06:00:00Z,479.6,0,479.6,0,1
2025-12-15T07:00:00Z,464.1,0,464.1,0,1
2025-12-15T08:00:00Z,471.6,0,471.6,0,1
2025-12-15T09:00:00Z,-9999.9,9,471.6,1,1
2025-12-15T10:00:00Z,439.5,0,439.5,0,1
2025-12-15T11:00:00Z,456.5,0,456.5,0,1
2025-12-15T12:00:00Z,455.8,0,455.8,0,1
2025-12-15T13:00:00Z,458.9,0,458.9,0,1
2025-12-15T14:00:00Z,453.5,0,453.5,0,1
2025-12-15T15:00:00Z,-9999.9,9,453.5,1,1
2025-12-15T16:00:00Z,466.8,0,466.8,0,1
2025-12-15T17:00:00Z,472.3,1,472.3,0,1
2025-12-15T18:00:00Z,478.0,1,478.0,0,1
2025-12-15T19:00:00Z,474.1,1,474.1,0,1
2025-12-15T20:00:00Z,479.0,0,479.0,0,1
2025-12-15T21:00:00Z,479.5,0,479.5,0,1
2025-12-15T22:00:00Z,481.1,0,481.1,0,1
2025-12-15T23:00:00Z,498.1,0,498.1,0,1
2025-12-16T00:00:00Z,524.2,0,524.2,0,1
2025-12-16T01:00:00Z,528.5,0,528.5,0,1
2025-12-16T02:00:00Z,542.2,0,542.2,0,1
2025-12-16T03:00:00Z,-9999.9,9,542.2,1,1
2025-12-16T04:00:00Z,554.4,0,554.4,0,1
2025-12-16T05:00:00Z,574.8,1,574.8,0,1
2025-12-16T06:00:00Z,593.4,0,593.4,0,1
2025-12-16T07:00:00Z,570.4,1,570.4,0,1
2025-12-16T08:00:00Z,550.7,0,550.7,0,1
2025-12-16T09:00:00Z,-9999.9,9,550.7,1,1
2025-12-16T10:00:00Z,579.0,1,579.0,0,1
2025-12-16T11:00:00Z,586.1,0,586.1,0,1
2025-12-16T12:00:00Z,-9999.9,3,586.1,1,1
2025-12-16T13:00:00Z,649.0,0,649.0,0,1
2025-12-16T14:00:00Z,645.8,0,645.8,0,1
2025-12-16T15:00:00Z,-9999.9,9,645.8,1,1
2025-12-16T16:00:00Z,651.0,0,651.0,0,1
2025-12-16T17:00:00Z,664.4,0,664.4,0,1
2025-12-16T18:00:00Z,630.1,0,630.1,0,1
2025-12-16T19:00:00Z,-9999.9,9,630.1,1,1
2025-12-16T20:00:00Z,-9999.9,9,630.1,1,1
2025-12-16T21:00:00Z,-9999.9,9,630.1,1,1
2025-12-16T22:00:00Z,-9999.9,9,630.1,1,1
2025-12-16T23:00:00Z,-9999.9,9,630.1,1,1
2025-12-17T00:00:00Z,611.0,0,611.0,0,1
2025-12-17T01:00:00Z,614.6,0,614.6,0,1
2025-12-17T02:00:00Z,587.3,0,587.3,0,1
2025-12-17T03:00:00Z,-9999.9,9,587.3,1,1
2025-12-17T04:00:00Z,576.5,0,576.5,0,1
2025-12-17T05:00:00Z,569.9,0,569.9,0,1
2025-12-17T06:00:00Z,576.7,0,576.7,0,1
2025-12-17T07:00:00Z,561.8,0,561.8,0,1
2025-12-17T08:00:00Z,573.3,0,573.3,0,1
2025-12-17T09:00:00Z,-9999.9,9,573.3,1,1
2025-12-17T10:00:00Z,587.7,0,587.7,0,1
2025-12-17T11:00:00Z,598.4,0,598.4,0,1
2025-12-17T12:00:00Z,609.4,1,609.4,0,1
2025-12-17T13:00:00Z,629.8,1,629.8,0,1
2025-12-17T14:00:00Z,645.5,1,645.5,0,1
2025-12-17T15:00:00Z,-9999.9,9,645.5,1,1
2025-12-17T16:00:00Z,646.4,0,646.4,0,1
2025-12-17T17:00:00Z,658.8,1,658.8,0,1
2025-12-17T18:00:00Z,644.7,1,644.7,0,1
2025-12-17T19:00:00Z,645.6,0,645.6,0,1
2025-12-17T20:00:00Z,652.9,0,652.9,0,1
2025-12-17T21:00:00Z,-9999.9,9,652.9,1,1
2025-12-17T22:00:00Z,655.7,0,655.7,0,1
2025-12-17T23:00:00Z,658.8,1,658.8,0,1
2025-12-18T00:00:00Z,650.7,0,650.7,0,1
2025-12-18T01:00:00Z,653.1,0,653.1,0,1
2025-12-18T02:00:00Z,650.9,1,650.9,0,1
2025-12-18T03:00:00Z,-9999.9,9,650.9,1,1
2025-12-18T04:00:00Z,-9999.9,9,650.9,1,1
2025-12-18T05:00:00Z,695.5,0,695.5,0,1
2025-12-18T06:00:00Z,676.5,0,676.5,0,1
2025-12-18T07:00:00Z,685.2,0,685.2,0,1
2025-12-18T08:00:00Z,651.4,0,651.4,0,1
2025-12-18T09:00:00Z,639.5,1,639.5,0,1
2025-12-18T10:00:00Z,631.0,1,631.0,0,1
2025-12-18T11:00:00Z,619.0,1,619.0,0,1
2025-12-18T12:00:00Z,610.2,1,610.2,0,1
2025-12-18T13:00:00Z,613.1,0,613.1,0,1
2025-12-18T14:00:00Z,612.1,0,612.1,0,1
2025-12-18T15:00:00Z,-9999.9,9,612.1,1,1
2025-12-18T16:00:00Z,592.0,0,592.0,0,1
2025-12-18T17:00:00Z,587.1,0,587.1,0,1
2025-12-18T18:00:00Z,602.2,0,602.2,0,1
2025-12-18T19:00:00Z,602.2,1,602.2,0,1
2025-12-18T20:00:00Z,627.5,0,627.5,0,1
2025-12-18T21:00:00Z,604.2,1,604.2,0,1
2025-12-18T22:00:00Z,597.7,0,597.7,0,1
2025-12-18T23:00:00Z,-9999.9,3,597.7,1,1
2025-12-19T00:00:00Z,601.5,0,601.5,0,1
2025-12-19T01:00:00Z,590.8,0,590.8,0,1
2025-12-19T02:00:00Z,595.1,0,595.1,0,1
2025-12-19T03:00:00Z,-9999.9,9,595.1,1,1
2025-12-19T04:00:00Z,603.8,1,603.8,0,1
2025-12-19T05:00:00Z,590.4,0,590.4,0,1
2025-12-19T06:00:00Z,579.7,0,579.7,0,1
2025-12-19T07:00:00Z,580.0,0,580.0,0,1
2025-12-19T08:00:00Z,561.6,0,561.6,0,1
2025-12-19T09:00:00Z,-9999.9,9,561.6,1,1
2025-12-19T10:00:00Z,-9999.9,3,561.6,1,1
2025-12-19T11:00:00Z,533.5,1,533.5,0,1
2025-12-19T12:00:00Z,522.7,0,522.7,0,1
2025-12-19T13:00:00Z,515.7,1,515.7,0,1
2025-12-19T14:00:00Z,522.0,0,522.0,0,1
2025-12-19T15:00:00Z,-9999.9,9,522.0,1,1
2025-12-19T16:00:00Z,516.6,1,516.6,0,1
2025-12-19T17:00:00Z,530.0,0,530.0,0,1
2025-12-19T18:00:00Z,508.6,0,508.6,0,1
2025-12-19T19:00:00Z,518.1,0,518.1,0,1
2025-12-19T20:00:00Z,519.1,0,519.1,0,1
2025-12-19T21:00:00Z,-9999.9,9,519.1,1,1
2025-12-19T22:00:00Z,482.3,1,482.3,0,1
2025-12-19T23:00:00Z,472.7,0,472.7,0,1
2025-12-20T00:00:00Z,457.4,0,457.4,0,1
2025-12-20T01:00:00Z,471.3,0,471.3,0,1
2025-12-20T02:00:00Z,468.6,0,468.6,0,1
2025-12-20T03:00:00Z,-9999.9,9,468.6,1,1
2025-12-20T04:00:00Z,-9999.9,9,468.6,1,1
2025-12-20T05:00:00Z,-9999.9,9,468.6,1,1
2025-12-20T06:00:00Z,-9999.9,9,468.6,1,1
2025-12-20T07:00:00Z,-9999.9,9,468.6,1,1
2025-12-20T08:00:00Z,-9999.9,9,468.6,1,1
2025-12-20T09:00:00Z,-9999.9,9,468.6,1,1
2025-12-20T10:00:00Z,-9999.9,9,468.6,1,1
2025-12-20T11:00:00Z,448.3,0,448.3,0,1
2025-12-20T12:00:00Z,447.2,0,447.2,0,1
2025-12-20T13:00:00Z,-9999.9,3,447.2,1,1
2025-12-20T14:00:00Z,-9999.9,9,447.2,1,1
2025-12-20T15:00:00Z,-9999.9,9,447.2,1,1
2025-12-20T16:00:00Z,442.0,0,442.0,0,1
2025-12-20T17:00:00Z,437.3,0,437.3,0,1
2025-12-20T18:00:00Z,420.2,0,420.2,0,1
2025-12-20T19:00:00Z,414.1,0,414.1,0,1
2025-12-20T20:00:00Z,410.1,0,410.1,0,1
2025-12-20T21:00:00Z,399.4,0,399.4,0,1
2025-12-20T22:00:00Z,398.2,0,398.2,0,1
2025-12-20T23:00:00Z,419.5,0,419.5,0,1
2025-12-21T00:00:00Z,412.9,0,412.9,0,1
2025-12-21T01:00:00Z,445.6,0,445.6,0,1
2025-12-21T02:00:00Z,467.2,0,467.2,0,1
2025-12-21T03:00:00Z,-9999.9,9,467.2,1,1
2025-12-21T04:00:00Z,499.1,0,499.1,0,1
2025-12-21T05:00:00Z,537.0,0,537.0,0,1
2025-12-21T06:00:00Z,550.8,1,550.8,0,1
2025-12-21T07:00:00Z,586.1,0,586.1,0,1
2025-12-21T08:00:00Z,578.6,0,578.6,0,1
2025-12-21T09:00:00Z,-9999.9,9,578.6,1,1
2025-12-21T10:00:00Z,629.5,1,629.5,0,1
2025-12-21T11:00:00Z,620.9,0,620.9,0,1
2025-12-21T12:00:00Z,626.5,0,626.5,0,1
2025-12-21T13:00:00Z,667.1,0,667.1,0,1
2025-12-21T14:00:00Z,660.1,0,660.1,0,1
2025-12-21T15:00:00Z,-9999.9,9,660.1,1,1
2025-12-21T16:00:00Z,627.0,0,627.0,0,1
2025-12-21T17:00:00Z,626.0,6,626.0,0,1
2025-12-21T18:00:00Z,610.3,1,610.3,0,1
2025-12-21T19:00:00Z,604.2,0,604.2,0,1
2025-12-21T20:00:00Z,637.9,0,637.9,0,1
2025-12-21T21:00:00Z,688.0,0,688.0,0,1
2025-12-21T22:00:00Z,696.7,0,696.7,0,1
2025-12-21T23:00:00Z,686.9,0,686.9,0,1
2025-12-22T00:00:00Z,689.4,0,689.4,0,1
2025-12-22T01:00:00Z,677.2,0,677.2,0,1
2025-12-22T02:00:00Z,678.6,0,678.6,0,1
2025-12-22T03:00:00Z,-9999.9,9,678.6,1,1
2025-12-22T04:00:00Z,682.8,0,682.8,0,1
2025-12-22T05:00:00Z,700.3,0,700.3,0,1
2025-12-22T06:00:00Z,680.9,0,680.9,0,1
2025-12-22T07:00:00Z,673.3,0,673.3,0,1
2025-12-22T08:00:00Z,716.3,0,716.3,0,1
2025-12-22T09:00:00Z,-9999.9,9,716.3,1,1
2025-12-22T10:00:00Z,733.4,0,733.4,0,1
2025-12-22T11:00:00Z,757.3,0,757.3,0,1
2025-12-22T12:00:00Z,751.7,0,751.7,0,1
2025-12-22T13:00:00Z,755.4,0,755.4,0,1
2025-12-22T14:00:00Z,758.1,0,758.1,0,1
2025-12-22T15:00:00Z,-9999.9,9,758.1,1,1
2025-12-22T16:00:00Z,734.7,0,734.7,0,1
2025-12-22T17:00:00Z,731.2,0,731.2,0,1
2025-12-22T18:00:00Z,743.1,0,743.1,0,1
2025-12-22T19:00:00Z,726.5,0,726.5,0,1
2025-12-22T20:00:00Z,726.8,0,726.8,0,1
2025-12-22T21:00:00Z,-9999.9,9,726.8,1,1
2025-12-22T22:00:00Z,736.1,0,736.1,0,1
2025-12-22T23:00:00Z,724.7,0,724.7,0,1
2025-12-23T00:00:00Z,-9999.9,3,724.7,1,1
2025-12-23T01:00:00Z,701.4,0,701.4,0,1
2025-12-23T02:00:00Z,728.3,0,728.3,0,1
2025-12-23T03:00:00Z,-9999.9,9,728.3,1,1
2025-12-23T04:00:00Z,729.9,0,729.9,0,1
2025-12-23T05:00:00Z,715.9,0,715.9,0,1
2025-12-23T06:00:00Z,707.7,0,707.7,0,1
2025-12-23T07:00:00Z,697.7,0,697.7,0,1
2025-12-23T08:00:00Z,709.3,0,709.3,0,1
2025-12-23T09:00:00Z,-9999.9,9,709.3,1,1
2025-12-23T10:00:00Z,698.1,0,698.1,0,1
2025-12-23T11:00:00Z,696.2,0,696.2,0,1
2025-12-23T12:00:00Z,712.0,0,712.0,0,1
2025-12-23T13:00:00Z,691.0,0,691.0,0,1
2025-12-23T14:00:00Z,691.2,0,691.2,0,1
2025-12-23T15:00:00Z,-9999.9,9,691.2,1,1
2025-12-23T16:00:00Z,707.3,0,707.3,0,1
2025-12-23T17:00:00Z,715.3,0,715.3,0,1
2025-12-23T18:00:00Z,701.4,0,701.4,0,1
2025-12-23T19:00:00Z,694.5,0,694.5,0,1
2025-12-23T20:00:00Z,688.9,0,688.9,0,1
2025-12-23T21:00:00Z,690.4,0,690.4,0,1
2025-12-23T22:00:00Z,688.1,1,688.1,0,1
2025-12-23T23:00:00Z,682.2,0,682.2,0,1
2025-12-24T00:00:00Z,686.6,0,686.6,0,1
2025-12-24T01:00:00Z,677.2,0,677.2,0,1
2025-12-24T02:00:00Z,685.3,0,685.3,0,1
2025-12-24T03:00:00Z,-9999.9,9,685.3,1,1
2025-12-24T04:00:00Z,703.3,0,703.3,0,1
2025-12-24T05:00:00Z,703.1,0,703.1,0,1
2025-12-24T06:00:00Z,729.9,0,729.9,0,1
2025-12-24T07:00:00Z,718.2,0,718.2,0,1
2025-12-24T08:00:00Z,708.1,0,708.1,0,1
2025-12-24T09:00:00Z,-9999.9,9,708.1,1,1
2025-12-24T10:00:00Z,710.4,0,710.4,0,1
2025-12-24T11:00:00Z,710.5,0,710.5,0,1
2025-12-24T12:00:00Z,700.1,0,700.1,0,1
2025-12-24T13:00:00Z,692.2,0,692.2,0,1
2025-12-24T14:00:00Z,699.0,0,699.0,0,1
2025-12-24T15:00:00Z,-9999.9,9,699.0,1,1
2025-12-24T16:00:00Z,671.7,0,671.7,0,1
2025-12-24T17:00:00Z,704.7,0,704.7,0,1
2025-12-24T18:00:00Z,673.8,0,673.8,0,1
2025-12-24T19:00:00Z,650.1,0,650.1,0,1
2025-12-24T20:00:00Z,646.7,0,646.7,0,1
2025-12-24T21:00:00Z,-9999.9,9,646.7,1,1
2025-12-24T22:00:00Z,630.3,0,630.3,0,1
2025-12-24T23:00:00Z,623.8,0,623.8,0,1
2025-12-25T00:00:00Z,637.3,0,637.3,0,1
2025-12-25T01:00:00Z,609.2,0,609.2,0,1
2025-12-25T02:00:00Z,620.7,0,620.7,0,1
2025-12-25T03:00:00Z,-9999.9,9,620.7,1,1
2025-12-25T04:00:00Z,-9999.9,9,620.7,1,1
2025-12-25T05:00:00Z,-9999.9,9,620.7,1,1
2025-12-25T06:00:00Z,-9999.9,9,620.7,1,1
2025-12-25T07:00:00Z,-9999.9,9,620.7,1,1
2025-12-25T08:00:00Z,605.5,0,605.5,0,1
2025-12-25T09:00:00Z,-9999.9,9,605.5,1,1
2025-12-25T10:00:00Z,591.4,0,591.4,0,1
2025-12-25T11:00:00Z,588.8,0,588.8,0,1
2025-12-25T12:00:00Z,595.4,0,595.4,0,1
2025-12-25T13:00:00Z,576.3,0,576.3,0,1
2025-12-25T14:00:00Z,573.0,0,573.0,0,1
2025-12-25T15:00:00Z,-9999.9,9,573.0,1,1
2025-12-25T16:00:00Z,579.1,0,579.1,0,1
2025-12-25T17:00:00Z,576.3,0,576.3,0,1
2025-12-25T18:00:00Z,593.3,0,593.3,0,1
2025-12-25T19:00:00Z,572.2,0,572.2,0,1
2025-12-25T20:00:00Z,563.4,0,563.4,0,1
2025-12-25T21:00:00Z,-9999.9,9,563.4,1,1
2025-12-25T22:00:00Z,-9999.9,9,563.4,1,1
2025-12-25T23:00:00Z,-9999.9,9,563.4,1,1
2025-12-26T00:00:00Z,-9999.9,9,563.4,1,1
2025-12-26T01:00:00Z,-9999.9,9,563.4,1,1
2025-12-26T02:00:00Z,562.8,0,562.8,0,1
2025-12-26T03:00:00Z,-9999.9,9,562.8,1,1
2025-12-26T04:00:00Z,529.5,0,529.5,0,1
2025-12-26T05:00:00Z,525.0,1,525.0,0,1
2025-12-26T06:00:00Z,534.7,0,534.7,0,1
2025-12-26T07:00:00Z,528.2,0,528.2,0,1
2025-12-26T08:00:00Z,526.3,0,526.3,0,1
2025-12-26T09:00:00Z,-9999.9,9,526.3,1,1
2025-12-26T10:00:00Z,543.4,0,543.4,0,1
2025-12-26T11:00:00Z,520.6,1,520.6,0,1
2025-12-26T12:00:00Z,516.2,1,516.2,0,1
2025-12-26T13:00:00Z,537.5,6,537.5,0,1
2025-12-26T14:00:00Z,527.6,0,527.6,0,1
2025-12-26T15:00:00Z,-9999.9,9,527.6,1,1
2025-12-26T16:00:00Z,512.0,0,512.0,0,1
2025-12-26T17:00:00Z,519.9,0,519.9,0,1
2025-12-26T18:00:00Z,528.3,0,528.3,0,1
2025-12-26T19:00:00Z,504.6,1,504.6,0,1
2025-12-26T20:00:00Z,524.3,0,524.3,0,1
2025-12-26T21:00:00Z,-9999.9,9,524.3,1,1
2025-12-26T22:00:00Z,506.7,0,506.7,0,1
2025-12-26T23:00:00Z,511.0,0,511.0,0,1
2025-12-27T00:00:00Z,518.3,0,518.3,0,1
2025-12-27T01:00:00Z,518.7,0,518.7,0,1
2025-12-27T02:00:00Z,519.7,0,519.7,0,1
2025-12-27T03:00:00Z,-9999.9,9,519.7,1,1
2025-12-27T04:00:00Z,508.3,0,508.3,0,1
2025-12-27T05:00:00Z,491.9,0,491.9,0,1
2025-12-27T06:00:00Z,491.3,0,491.3,0,1
2025-12-27T07:00:00Z,494.5,0,494.5,0,1
2025-12-27T08:00:00Z,490.3,1,490.3,0,1
2025-12-27T09:00:00Z,488.6,0,488.6,0,1
2025-12-27T10:00:00Z,495.8,0,495.8,0,1
2025-12-27T11:00:00Z,507.4,0,507.4,0,1
2025-12-27T12:00:00Z,-9999.9,3,507.4,1,1
2025-12-27T13:00:00Z,480.1,0,480.1,0,1
2025-12-27T14:00:00Z,496.7,1,496.7,0,1
2025-12-27T15:00:00Z,-9999.9,9,496.7,1,1
2025-12-27T16:00:00Z,475.3,1,475.3,0,1
2025-12-27T17:00:00Z,467.4,1,467.4,0,1
2025-12-27T18:00:00Z,480.7,6,480.7,0,1
2025-12-27T19:00:00Z,472.1,1,472.1,0,1
2025-12-27T20:00:00Z,468.1,1,468.1,0,1
2025-12-27T21:00:00Z,476.8,1,476.8,0,1
2025-12-27T22:00:00Z,472.7,0,472.7,0,1
2025-12-27T23:00:00Z,468.3,1,468.3,0,1
2025-12-28T00:00:00Z,469.4,0,469.4,0,1
2025-12-28T01:00:00Z,478.2,0,478.2,0,1
2025-12-28T02:00:00Z,475.7,0,475.7,0,1
2025-12-28T03:00:00Z,-9999.9,9,475.7,1,1
2025-12-28T04:00:00Z,-9999.9,3,475.7,1,1
2025-12-28T05:00:00Z,458.4,1,458.4,0,1
2025-12-28T06:00:00Z,452.9,1,452.9,0,1
2025-12-28T07:00:00Z,451.3,0,451.3,0,1
2025-12-28T08:00:00Z,455.5,0,455.5,0,1
2025-12-28T09:00:00Z,-9999.9,9,455.5,1,1
2025-12-28T10:00:00Z,-9999.9,9,455.5,1,1
2025-12-28T11:00:00Z,456.4,1,456.4,0,1
2025-12-28T12:00:00Z,445.1,1,445.1,0,1
2025-12-28T13:00:00Z,450.9,1,450.9,0,1
2025-12-28T14:00:00Z,462.8,0,462.8,0,1
2025-12-28T15:00:00Z,-9999.9,9,462.8,1,1
2025-12-28T16:00:00Z,480.8,0,480.8,0,1
2025-12-28T17:00:00Z,474.5,0,474.5,0,1
2025-12-28T18:00:00Z,477.7,0,477.7,0,1
2025-12-28T19:00:00Z,470.7,0,470.7,0,1
2025-12-28T20:00:00Z,459.5,0,459.5,0,1
2025-12-28T21:00:00Z,453.4,0,453.4,0,1
2025-12-28T22:00:00Z,452.8,0,452.8,0,1
2025-12-28T23:00:00Z,432.7,0,432.7,0,1
2025-12-29T00:00:00Z,435.0,0,435.0,0,1
2025-12-29T01:00:00Z,440.5,0,440.5,0,1
2025-12-29T02:00:00Z,429.9,0,429.9,0,1
2025-12-29T03:00:00Z,-9999.9,9,429.9,1,1
2025-12-29T04:00:00Z,437.1,0,437.1,0,1
2025-12-29T05:00:00Z,431.6,0,431.6,0,1
2025-12-29T06:00:00Z,424.1,0,424.1,0,1
2025-12-29T07:00:00Z,427.1,0,427.1,0,1
2025-12-29T08:00:00Z,430.1,0,430.1,0,1
2025-12-29T09:00:00Z,422.5,0,422.5,0,1
2025-12-29T10:00:00Z,418.4,0,418.4,0,1
2025-12-29T11:00:00Z,416.3,0,416.3,0,1
2025-12-29T12:00:00Z,414.5,0,414.5,0,1
2025-12-29T13:00:00Z,412.3,0,412.3,0,1
2025-12-29T14:00:00Z,419.0,0,419.0,0,1
2025-12-29T15:00:00Z,-9999.9,9,419.0,1,1
2025-12-29T16:00:00Z,399.1,0,399.1,0,1
2025-12-29T17:00:00Z,398.3,0,398.3,0,1
2025-12-29T18:00:00Z,387.1,6,387.1,0,1
2025-12-29T19:00:00Z,384.0,0,384.0,0,1
2025-12-29T20:00:00Z,386.2,0,386.2,0,1
2025-12-29T21:00:00Z,-9999.9,9,386.2,1,1
2025-12-29T22:00:00Z,391.9,0,391.9,0,1
2025-12-29T23:00:00Z,394.9,0,394.9,0,1
2025-12-30T00:00:00Z,391.3,0,391.3,0,1
2025-12-30T01:00:00Z,390.6,0,390.6,0,1
2025-12-30T02:00:00Z,391.7,0,391.7,0,1
2025-12-30T03:00:00Z,-9999.9,9,391.7,1,1
2025-12-30T04:00:00Z,394.7,0,394.7,0,1
2025-12-30T05:00:00Z,395.1,0,395.1,0,1
2025-12-30T06:00:00Z,395.1,0,395.1,0,1
2025-12-30T07:00:00Z,396.9,0,396.9,0,1
2025-12-30T08:00:00Z,384.2,0,384.2,0,1
2025-12-30T09:00:00Z,-9999.9,9,384.2,1,1
2025-12-30T10:00:00Z,-9999.9,9,384.2,1,1
2025-12-30T11:00:00Z,-9999.9,9,384.2,1,1
2025-12-30T12:00:00Z,-9999.9,9,384.2,1,1
2025-12-30T13:00:00Z,414.9,0,414.9,0,1
2025-12-30T14:00:00Z,422.7,0,422.7,0,1
2025-12-30T15:00:00Z,-9999.9,9,422.7,1,1
2025-12-30T16:00:00Z,414.4,0,414.4,0,1
2025-12-30T17:00:00Z,410.1,0,410.1,0,1
2025-12-30T18:00:00Z,406.1,0,406.1,0,1
2025-12-30T19:00:00Z,399.9,0,399.9,0,1
2025-12-30T20:00:00Z,395.1,0,395.1,0,1
2025-12-30T21:00:00Z,389.1,1,389.1,0,1
2025-12-30T22:00:00Z,391.6,0,391.6,0,1
2025-12-30T23:00:00Z,402.2,0,402.2,0,1
2025-12-31T00:00:00Z,409.8,0,409.8,0,1
2025-12-31T01:00:00Z,416.8,0,416.8,0,1
2025-12-31T02:00:00Z,421.3,0,421.3,0,1
2025-12-31T03:00:00Z,-9999.9,9,421.3,1,1
2025-12-31T04:00:00Z,414.8,0,414.8,0,1
2025-12-31T05:00:00Z,422.8,0,422.8,0,1
2025-12-31T06:00:00Z,426.0,0,426.0,0,1
2025-12-31T07:00:00Z,427.0,0,427.0,0,1
2025-12-31T08:00:00Z,432.6,0,432.6,0,1
2025-12-31T09:00:00Z,-9999.9,9,432.6,1,1
2025-12-31T10:00:00Z,424.0,1,424.0,0,1
2025-12-31T11:00:00Z,441.3,0,441.3,0,1
2025-12-31T12:00:00Z,466.5,0,466.5,0,1
2025-12-31T13:00:00Z,470.6,0,470.6,0,1
2025-12-31T14:00:00Z,500.5,6,500.5,0,1
2025-12-31T15:00:00Z,-9999.9,9,500.5,1,1
2025-12-31T16:00:00Z,458.5,0,458.5,0,1
2025-12-31T17:00:00Z,472.1,0,472.1,0,1
2025-12-31T18:00:00Z,495.2,0,495.2,0,1
2025-12-31T19:00:00Z,461.8,1,461.8,0,1
2025-12-31T20:00:00Z,444.4,0,444.4,0,1
2025-12-31T21:00:00Z,459.6,0,459.6,0,1
2025-12-31T22:00:00Z,465.2,0,465.2,0,1
2025-12-31T23:00:00Z,487.3,0,487.3,0,1
2026-01-01T00:00:00Z,477.7,0,477.7,0,1
2026-01-01T01:00:00Z,474.3,0,474.3,0,1
2026-01-01T02:00:00Z,473.8,0,473.8,0,1
2026-01-01T03:00:00Z,478.7,0,478.7,0,1
2026-01-01T04:00:00Z,466.0,0,466.0,0,1
2026-01-01T05:00:00Z,471.3,0,471.3,0,1
2026-01-01T06:00:00Z,476.4,0,476.4,0,1
2026-01-01T07:00:00Z,460.7,0,460.7,0,1
2026-01-01T08:00:00Z,472.4,0,472.4,0,1
2026-01-01T09:00:00Z,-9999.9,9,472.4,1,1
2026-01-01T10:00:00Z,487.5,0,487.5,0,1
2026-01-01T11:00:00Z,475.1,0,475.1,0,1
2026-01-01T12:00:00Z,483.0,0,483.0,0,1
2026-01-01T13:00:00Z,483.6,0,483.6,0,1
2026-01-01T14:00:00Z,483.0,0,483.0,0,1
2026-01-01T15:00:00Z,-9999.9,9,483.0,1,1
2026-01-01T16:00:00Z,489.5,0,489.5,0,1
2026-01-01T17:00:00Z,489.5,0,489.5,0,1
2026-01-01T18:00:00Z,489.5,0,489.5,0,1
2026-01-01T19:00:00Z,483.1,0,483.1,0,1
2026-01-01T20:00:00Z,477.9,0,477.9,0,1
2026-01-01T21:00:00Z,-9999.9,9,477.9,1,1
2026-01-01T22:00:00Z,-9999.9,9,477.9,1,1
2026-01-01T23:00:00Z,-9999.9,9,477.9,1,1
2026-01-02T00:00:00Z,-9999.9,9,477.9,1,1
2026-01-02T01:00:00Z,-9999.9,9,477.9,1,1
2026-01-02T02:00:00Z,494.0,1,494.0,0,1
2026-01-02T03:00:00Z,-9999.9,9,494.0,1,1
2026-01-02T04:00:00Z,488.7,1,488.7,0,1
2026-01-02T05:00:00Z,485.4,0,485.4,0,1
2026-01-02T06:00:00Z,477.3,0,477.3,0,1
2026-01-02T07:00:00Z,471.8,1,471.8,0,1
2026-01-02T08:00:00Z,523.9,0,523.9,0,1
2026-01-02T09:00:00Z,-9999.9,9,523.9,1,1
2026-01-02T10:00:00Z,553.4,1,553.4,0,1
2026-01-02T11:00:00Z,569.0,0,569.0,0,1
2026-01-02T12:00:00Z,583.8,0,583.8,0,1
2026-01-02T13:00:00Z,583.3,1,583.3,0,1
2026-01-02T14:00:00Z,596.9,0,596.9,0,1
2026-01-02T15:00:00Z,-9999.9,9,596.9,1,1
2026-01-02T16:00:00Z,627.9,1,627.9,0,1
2026-01-02T17:00:00Z,611.6,0,611.6,0,1
2026-01-02T18:00:00Z,596.2,1,596.2,0,1
2026-01-02T19:00:00Z,589.8,0,589.8,0,1
2026-01-02T20:00:00Z,585.0,1,585.0,0,1
2026-01-02T21:00:00Z,-9999.9,9,585.0,1,1
2026-01-02T22:00:00Z,584.9,0,584.9,0,1
2026-01-02T23:00:00Z,563.2,0,563.2,0,1
2026-01-03T00:00:00Z,551.3,1,551.3,0,1
2026-01-03T01:00:00Z,566.2,0,566.2,0,1
2026-01-03T02:00:00Z,594.6,1,594.6,0,1
2026-01-03T03:00:00Z,-9999.9,9,594.6,1,1
2026-01-03T04:00:00Z,584.4,0,584.4,0,1
2026-01-03T05:00:00Z,584.2,1,584.2,0,1
2026-01-03T06:00:00Z,584.5,0,584.5,0,1
2026-01-03T07:00:00Z,538.6,1,538.6,0,1
2026-01-03T08:00:00Z,516.1,1,516.1,0,1
2026-01-03T09:00:00Z,-9999.9,9,516.1,1,1
2026-01-03T10:00:00Z,-9999.9,9,516.1,1,1
2026-01-03T11:00:00Z,-9999.9,9,516.1,1,1
2026-01-03T12:00:00Z,505.8,0,505.8,0,1
2026-01-03T13:00:00Z,513.3,0,513.3,0,1
2026-01-03T14:00:00Z,508.7,1,508.7,0,1
2026-01-03T15:00:00Z,-9999.9,9,508.7,1,1
2026-01-03T16:00:00Z,502.8,0,502.8,0,1
2026-01-03T17:00:00Z,494.0,0,494.0,0,1
2026-01-03T18:00:00Z,466.5,0,466.5,0,1
2026-01-03T19:00:00Z,461.8,0,461.8,0,1
2026-01-03T20:00:00Z,459.3,0,459.3,0,1
2026-01-03T21:00:00Z,442.5,0,442.5,0,1
2026-01-03T22:00:00Z,445.7,0,445.7,0,1
2026-01-03T23:00:00Z,454.3,0,454.3,0,1
2026-01-04T00:00:00Z,449.9,0,449.9,0,1
2026-01-04T01:00:00Z,440.5,0,440.5,0,1
2026-01-04T02:00:00Z,437.5,0,437.5,0,1
2026-01-04T03:00:00Z,-9999.9,9,437.5,1,1
2026-01-04T04:00:00Z,453.1,0,453.1,0,1
2026-01-04T05:00:00Z,421.7,0,421.7,0,1
2026-01-04T06:00:00Z,425.1,0,425.1,0,1
2026-01-04T07:00:00Z,425.8,0,425.8,0,1
2026-01-04T08:00:00Z,434.9,0,434.9,0,1
2026-01-04T09:00:00Z,-9999.9,9,434.9,1,1
2026-01-04T10:00:00Z,421.9,0,421.9,0,1
2026-01-04T11:00:00Z,422.9,0,422.9,0,1
2026-01-04T12:00:00Z,431.1,0,431.1,0,1
2026-01-04T13:00:00Z,449.9,0,449.9,0,1
2026-01-04T14:00:00Z,450.6,0,450.6,0,1
2026-01-04T15:00:00Z,456.0,0,456.0,0,1
2026-01-04T16:00:00Z,450.7,0,450.7,0,1
2026-01-04T17:00:00Z,451.1,0,451.1,0,1
2026-01-04T18:00:00Z,450.4,0,450.4,0,1
2026-01-04T19:00:00Z,444.5,0,444.5,0,1
2026-01-04T20:00:00Z,450.5,0,450.5,0,1
2026-01-04T21:00:00Z,-9999.9,9,450.5,1,1
2026-01-04T22:00:00Z,470.8,0,470.8,0,1
2026-01-04T23:00:00Z,464.9,0,464.9,0,1
2026-01-05T00:00:00Z,453.6,0,453.6,0,1
2026-01-05T01:00:00Z,468.8,0,468.8,0,1
2026-01-05T02:00:00Z,448.8,0,448.8,0,1
2026-01-05T03:00:00Z,-9999.9,9,448.8,1,1
2026-01-05T04:00:00Z,448.2,0,448.2,0,1
2026-01-05T05:00:00Z,434.7,0,434.7,0,1
2026-01-05T06:00:00Z,437.6,0,437.6,0,1
2026-01-05T07:00:00Z,433.9,0,433.9,0,1
2026-01-05T08:00:00Z,419.1,0,419.1,0,1
2026-01-05T09:00:00Z,416.2,0,416.2,0,1
2026-01-05T10:00:00Z,414.9,0,414.9,0,1
2026-01-05T11:00:00Z,414.2,0,414.2,0,1
2026-01-05T12:00:00Z,416.3,0,416.3,0,1
2026-01-05T13:00:00Z,408.9,1,408.9,0,1
2026-01-05T14:00:00Z,408.0,0,408.0,0,1
2026-01-05T15:00:00Z,-9999.9,9,408.0,1,1
2026-01-05T16:00:00Z,396.2,0,396.2,0,1
2026-01-05T17:00:00Z,391.2,0,391.2,0,1
2026-01-05T18:00:00Z,401.3,0,401.3,0,1
2026-01-05T19:00:00Z,393.4,0,393.4,0,1
2026-01-05T20:00:00Z,401.0,0,401.0,0,1
2026-01-05T21:00:00Z,404.0,0,404.0,0,1
2026-01-05T22:00:00Z,386.3,1,386.3,0,1
2026-01-05T23:00:00Z,370.2,0,370.2,0,1
2026-01-06T00:00:00Z,371.2,0,371.2,0,1
2026-01-06T01:00:00Z,362.7,0,362.7,0,1
2026-01-06T02:00:00Z,372.5,0,372.5,0,1
2026-01-06T03:00:00Z,-9999.9,9,372.5,1,1
2026-01-06T04:00:00Z,372.5,0,372.5,0,1
2026-01-06T05:00:00Z,357.7,0,357.7,0,1
2026-01-06T06:00:00Z,354.1,0,354.1,0,1
2026-01-06T07:00:00Z,354.4,0,354.4,0,1
2026-01-06T08:00:00Z,366.6,0,366.6,0,1
2026-01-06T09:00:00Z,-9999.9,9,366.6,1,1
2026-01-06T10:00:00Z,378.3,0,378.3,0,1
2026-01-06T11:00:00Z,379.9,0,379.9,0,1
2026-01-06T12:00:00Z,381.4,0,381.4,0,1
2026-01-06T13:00:00Z,383.8,0,383.8,0,1
2026-01-06T14:00:00Z,380.2,0,380.2,0,1
2026-01-06T15:00:00Z,-9999.9,9,380.2,1,1
2026-01-06T16:00:00Z,370.4,0,370.4,0,1
2026-01-06T17:00:00Z,369.2,0,369.2,0,1
2026-01-06T18:00:00Z,363.2,0,363.2,0,1
2026-01-06T19:00:00Z,343.4,6,343.4,0,1
2026-01-06T20:00:00Z,345.8,0,345.8,0,1
2026-01-06T21:00:00Z,-9999.9,9,345.8,1,1
2026-01-06T22:00:00Z,336.9,0,336.9,0,1
2026-01-06T23:00:00Z,342.7,0,342.7,0,1
2026-01-07T00:00:00Z,345.0,0,345.0,0,1
2026-01-07T01:00:00Z,328.3,0,328.3,0,1
2026-01-07T02:00:00Z,344.5,0,344.5,0,1
2026-01-07T03:00:00Z,-9999.9,9,344.5,1,1
2026-01-07T04:00:00Z,-9999.9,9,344.5,1,1
2026-01-07T05:00:00Z,-9999.9,9,344.5,1,1
2026-01-07T06:00:00Z,-9999.9,9,344.5,1,1
2026-01-07T07:00:00Z,-9999.9,9,344.5,1,1
2026-01-07T08:00:00Z,-9999.9,9,344.5,1,1
2026-01-07T09:00:00Z,-9999.9,9,344.5,1,1
2026-01-07T10:00:00Z,330.8,1,330.8,0,1
2026-01-07T11:00:00Z,323.3,0,323.3,0,1
2026-01-07T12:00:00Z,331.3,0,331.3,0,1
2026-01-07T13:00:00Z,349.2,1,349.2,0,1
2026-01-07T14:00:00Z,359.7,6,359.7,0,1
2026-01-07T15:00:00Z,-9999.9,9,359.7,1,1
2026-01-07T16:00:00Z,328.8,0,328.8,0,1
2026-01-07T17:00:00Z,332.3,0,332.3,0,1
2026-01-07T18:00:00Z,339.8,0,339.8,0,1
2026-01-07T19:00:00Z,345.8,0,345.8,0,1
2026-01-07T20:00:00Z,347.8,0,347.8,0,1
2026-01-07T21:00:00Z,352.1,0,352.1,0,1
2026-01-07T22:00:00Z,349.7,0,349.7,0,1
2026-01-07T23:00:00Z,349.4,0,349.4,0,1
2026-01-08T00:00:00Z,355.1,0,355.1,0,1
2026-01-08T01:00:00Z,352.0,0,352.0,0,1
2026-01-08T02:00:00Z,355.7,0,355.7,0,1
2026-01-08T03:00:00Z,-9999.9,9,355.7,1,1
2026-01-08T04:00:00Z,372.2,0,372.2,0,1
2026-01-08T05:00:00Z,373.5,0,373.5,0,1
2026-01-08T06:00:00Z,367.4,0,367.4,0,1
2026-01-08T07:00:00Z,369.4,0,369.4,0,1
2026-01-08T08:00:00Z,369.4,0,369.4,0,1
2026-01-08T09:00:00Z,-9999.9,9,369.4,1,1
2026-01-08T10:00:00Z,381.7,0,381.7,0,1
2026-01-08T11:00:00Z,380.4,0,380.4,0,1
2026-01-08T12:00:00Z,373.9,0,373.9,0,1
2026-01-08T13:00:00Z,382.5,0,382.5,0,1
2026-01-08T14:00:00Z,372.9,0,372.9,0,1
2026-01-08T15:00:00Z,389.1,0,389.1,0,1
2026-01-08T16:00:00Z,396.4,1,396.4,0,1
2026-01-08T17:00:00Z,415.1,0,415.1,0,1
2026-01-08T18:00:00Z,409.1,1,409.1,0,1
2026-01-08T19:00:00Z,422.7,1,422.7,0,1
2026-01-08T20:00:00Z,416.0,0,416.0,0,1
2026-01-08T21:00:00Z,-9999.9,9,416.0,1,1
2026-01-08T22:00:00Z,411.6,0,411.6,0,1
2026-01-08T23:00:00Z,406.0,1,406.0,0,1
2026-01-09T00:00:00Z,414.1,1,414.1,0,1
2026-01-09T01:00:00Z,401.7,0,401.7,0,1
2026-01-09T02:00:00Z,407.7,0,407.7,0,1
2026-01-09T03:00:00Z,-9999.9,9,407.7,1,1
2026-01-09T04:00:00Z,401.7,0,401.7,0,1
2026-01-09T05:00:00Z,456.7,0,456.7,0,1
2026-01-09T06:00:00Z,472.7,0,472.7,0,1
2026-01-09T07:00:00Z,466.8,0,466.8,0,1
2026-01-09T08:00:00Z,544.9,0,544.9,0,1
2026-01-09T09:00:00Z,-9999.9,9,544.9,1,1
2026-01-09T10:00:00Z,-9999.9,9,544.9,1,1
2026-01-09T11:00:00Z,522.5,0,522.5,0,1
2026-01-09T12:00:00Z,526.1,1,526.1,0,1
2026-01-09T13:00:00Z,502.5,1,502.5,0,1
2026-01-09T14:00:00Z,491.0,6,491.0,0,1
2026-01-09T15:00:00Z,-9999.9,9,491.0,1,1
2026-01-09T16:00:00Z,487.6,1,487.6,0,1
2026-01-09T17:00:00Z,502.1,0,502.1,0,1
2026-01-09T18:00:00Z,500.8,1,500.8,0,1
2026-01-09T19:00:00Z,490.8,1,490.8,0,1
2026-01-09T20:00:00Z,512.6,0,512.6,0,1
2026-01-09T21:00:00Z,-9999.9,9,512.6,1,1
2026-01-09T22:00:00Z,473.3,0,473.3,0,1
2026-01-09T23:00:00Z,481.8,1,481.8,0,1
2026-01-10T00:00:00Z,476.2,0,476.2,0,1
2026-01-10T01:00:00Z,483.6,0,483.6,0,1
2026-01-10T02:00:00Z,471.5,0,471.5,0,1
2026-01-10T03:00:00Z,-9999.9,9,471.5,1,1
2026-01-10T04:00:00Z,486.7,0,486.7,0,1
2026-01-10T05:00:00Z,481.7,0,481.7,0,1
2026-01-10T06:00:00Z,478.9,0,478.9,0,1
2026-01-10T07:00:00Z,471.5,0,471.5,0,1
2026-01-10T08:00:00Z,476.9,0,476.9,0,1
2026-01-10T09:00:00Z,473.1,0,473.1,0,1
2026-01-10T10:00:00Z,477.3,0,477.3,0,1
2026-01-10T11:00:00Z,480.1,0,480.1,0,1
2026-01-10T12:00:00Z,476.0,0,476.0,0,1
2026-01-10T13:00:00Z,484.0,0,484.0,0,1
2026-01-10T14:00:00Z,477.9,0,477.9,0,1
2026-01-10T15:00:00Z,-9999.9,9,477.9,1,1
2026-01-10T16:00:00Z,467.8,0,467.8,0,1
2026-01-10T17:00:00Z,466.1,0,466.1,0,1
2026-01-10T18:00:00Z,463.1,0,463.1,0,1
2026-01-10T19:00:00Z,506.8,0,506.8,0,1
2026-01-10T20:00:00Z,577.3,0,577.3,0,1
2026-01-10T21:00:00Z,-9999.9,9,577.3,1,1
2026-01-10T22:00:00Z,551.2,0,551.2,0,1
2026-01-10T23:00:00Z,533.9,0,533.9,0,1
2026-01-11T00:00:00Z,533.2,0,533.2,0,1
2026-01-11T01:00:00Z,531.7,0,531.7,0,1
2026-01-11T02:00:00Z,-9999.9,9,531.7,1,1
2026-01-11T03:00:00Z,-9999.9,9,531.7,1,1
2026-01-11T04:00:00Z,537.8,0,537.8,0,1
2026-01-11T05:00:00Z,536.9,0,536.9,0,1
2026-01-11T06:00:00Z,528.3,1,528.3,0,1
2026-01-11T07:00:00Z,524.1,0,524.1,0,1
2026-01-11T08:00:00Z,516.7,0,516.7,0,1
2026-01-11T09:00:00Z,-9999.9,9,516.7,1,1
2026-01-11T10:00:00Z,536.1,0,536.1,0,1
2026-01-11T11:00:00Z,541.2,0,541.2,0,1
2026-01-11T12:00:00Z,527.7,0,527.7,0,1
2026-01-11T13:00:00Z,514.9,0,514.9,0,1
2026-01-11T14:00:00Z,521.0,0,521.0,0,1
2026-01-11T15:00:00Z,-9999.9,9,521.0,1,1
2026-01-11T16:00:00Z,510.3,0,510.3,0,1
2026-01-11T17:00:00Z,527.6,0,527.6,0,1
2026-01-11T18:00:00Z,531.9,0,531.9,0,1
2026-01-11T19:00:00Z,536.1,1,536.1,0,1
2026-01-11T20:00:00Z,537.7,0,537.7,0,1
2026-01-11T21:00:00Z,542.5,0,542.5,0,1
2026-01-11T22:00:00Z,531.5,0,531.5,0,1
2026-01-11T23:00:00Z,-9999.9,3,531.5,1,1
2026-01-12T00:00:00Z,533.7,0,533.7,0,1
2026-01-12T01:00:00Z,528.4,0,528.4,0,1
2026-01-12T02:00:00Z,545.2,0,545.2,0,1
2026-01-12T03:00:00Z,-9999.9,9,545.2,1,1
2026-01-12T04:00:00Z,530.3,0,530.3,0,1
2026-01-12T05:00:00Z,514.1,0,514.1,0,1
2026-01-12T06:00:00Z,520.1,0,520.1,0,1
2026-01-12T07:00:00Z,511.0,0,511.0,0,1
2026-01-12T08:00:00Z,516.1,0,516.1,0,1
2026-01-12T09:00:00Z,-9999.9,9,516.1,1,1
2026-01-12T10:00:00Z,523.2,0,523.2,0,1
2026-01-12T11:00:00Z,547.4,0,547.4,0,1
2026-01-12T12:00:00Z,537.1,0,537.1,0,1
2026-01-12T13:00:00Z,518.2,0,518.2,0,1
2026-01-12T14:00:00Z,555.8,0,555.8,0,1
2026-01-12T15:00:00Z,-9999.9,9,555.8,1,1
2026-01-12T16:00:00Z,557.4,0,557.4,0,1
2026-01-12T17:00:00Z,562.4,0,562.4,0,1
2026-01-12T18:00:00Z,597.8,0,597.8,0,1
2026-01-12T19:00:00Z,565.5,0,565.5,0,1
2026-01-12T20:00:00Z,560.7,1,560.7,0,1
2026-01-12T21:00:00Z,-9999.9,9,560.7,1,1
2026-01-12T22:00:00Z,580.8,1,580.8,0,1
2026-01-12T23:00:00Z,558.3,1,558.3,0,1
2026-01-13T00:00:00Z,573.2,0,573.2,0,1
2026-01-13T01:00:00Z,595.7,0,595.7,0,1
2026-01-13T02:00:00Z,579.8,0,579.8,0,1
2026-01-13T03:00:00Z,-9999.9,9,579.8,1,1
2026-01-13T04:00:00Z,560.8,0,560.8,0,1
2026-01-13T05:00:00Z,542.3,1,542.3,0,1
2026-01-13T06:00:00Z,541.7,0,541.7,0,1
2026-01-13T07:00:00Z,541.5,1,541.5,0,1
2026-01-13T08:00:00Z,562.9,0,562.9,0,1
2026-01-13T09:00:00Z,-9999.9,9,562.9,1,1
2026-01-13T10:00:00Z,547.8,0,547.8,0,1
2026-01-13T11:00:00Z,591.7,0,591.7,0,1
2026-01-13T12:00:00Z,552.1,1,552.1,0,1
2026-01-13T13:00:00Z,551.9,0,551.9,0,1
2026-01-13T14:00:00Z,535.2,0,535.2,0,1
2026-01-13T15:00:00Z,-9999.9,9,535.2,1,1
2026-01-13T16:00:00Z,529.4,0,529.4,0,1
2026-01-13T17:00:00Z,538.5,0,538.5,0,1
2026-01-13T18:00:00Z,515.9,0,515.9,0,1
2026-01-13T19:00:00Z,501.8,0,501.8,0,1
2026-01-13T20:00:00Z,-9999.9,9,501.8,1,1
2026-01-13T21:00:00Z,529.6,0,529.6,0,1
2026-01-13T22:00:00Z,516.6,0,516.6,0,1
2026-01-13T23:00:00Z,503.0,0,503.0,0,1
2026-01-14T00:00:00Z,502.8,1,502.8,0,1
2026-01-14T01:00:00Z,499.8,0,499.8,0,1
2026-01-14T02:00:00Z,497.3,0,497.3,0,1
2026-01-14T03:00:00Z,-9999.9,9,497.3,1,1
2026-01-14T04:00:00Z,500.3,0,500.3,0,1
2026-01-14T05:00:00Z,490.4,0,490.4,0,1
2026-01-14T06:00:00Z,490.4,1,490.4,0,1
2026-01-14T07:00:00Z,474.7,1,474.7,0,1
2026-01-14T08:00:00Z,477.0,1,477.0,0,1
2026-01-14T09:00:00Z,-9999.9,9,477.0,1,1
2026-01-14T10:00:00Z,-9999.9,3,477.0,1,1
2026-01-14T11:00:00Z,514.8,1,514.8,0,1
2026-01-14T12:00:00Z,521.7,0,521.7,0,1
2026-01-14T13:00:00Z,502.9,1,502.9,0,1
2026-01-14T14:00:00Z,524.4,1,524.4,0,1
2026-01-14T15:00:00Z,-9999.9,9,524.4,1,1
2026-01-14T16:00:00Z,539.9,0,539.9,0,1
2026-01-14T17:00:00Z,533.7,1,533.7,0,1
2026-01-14T18:00:00Z,522.9,0,522.9,0,1
2026-01-14T19:00:00Z,514.8,0,514.8,0,1
2026-01-14T20:00:00Z,520.8,0,520.8,0,1
2026-01-14T21:00:00Z,-9999.9,9,520.8,1,1
2026-01-14T22:00:00Z,560.5,0,560.5,0,1
2026-01-14T23:00:00Z,564.7,0,564.7,0,1
2026-01-15T00:00:00Z,545.7,0,545.7,0,1
2026-01-15T01:00:00Z,533.2,0,533.2,0,1
2026-01-15T02:00:00Z,525.0,0,525.0,0,1
2026-01-15T03:00:00Z,-9999.9,9,525.0,1,1
2026-01-15T04:00:00Z,492.3,0,492.3,0,1
2026-01-15T05:00:00Z,487.8,0,487.8,0,1
2026-01-15T06:00:00Z,538.4,0,538.4,0,1
2026-01-15T07:00:00Z,582.5,0,582.5,0,1
2026-01-15T08:00:00Z,619.0,0,619.0,0,1
2026-01-15T09:00:00Z,625.5,0,625.5,0,1
2026-01-15T10:00:00Z,622.5,0,622.5,0,1
2026-01-15T11:00:00Z,624.7,0,624.7,0,1
2026-01-15T12:00:00Z,586.9,1,586.9,0,1
2026-01-15T13:00:00Z,-9999.9,3,586.9,1,1
2026-01-15T14:00:00Z,591.9,0,591.9,0,1
2026-01-15T15:00:00Z,-9999.9,9,591.9,1,1
2026-01-15T16:00:00Z,619.6,0,619.6,0,1
2026-01-15T17:00:00Z,622.8,0,622.8,0,1
2026-01-15T18:00:00Z,621.9,0,621.9,0,1
2026-01-15T19:00:00Z,605.1,1,605.1,0,1
2026-01-15T20:00:00Z,592.6,0,592.6,0,1
2026-01-15T21:00:00Z,581.7,0,581.7,0,1
2026-01-15T22:00:00Z,573.8,0,573.8,0,1
2026-01-15T23:00:00Z,554.1,0,554.1,0,1
2026-01-16T00:00:00Z,550.6,0,550.6,0,1
2026-01-16T01:00:00Z,553.0,0,553.0,0,1
2026-01-16T02:00:00Z,587.2,0,587.2,0,1
2026-01-16T03:00:00Z,-9999.9,9,587.2,1,1
2026-01-16T04:00:00Z,687.3,0,687.3,0,1
2026-01-16T05:00:00Z,698.0,0,698.0,0,1
2026-01-16T06:00:00Z,684.9,0,684.9,0,1
2026-01-16T07:00:00Z,679.9,0,679.9,0,1
2026-01-16T08:00:00Z,671.8,0,671.8,0,1
2026-01-16T09:00:00Z,642.5,0,642.5,0,1
2026-01-16T10:00:00Z,614.0,0,614.0,0,1
2026-01-16T11:00:00Z,601.2,0,601.2,0,1
2026-01-16T12:00:00Z,640.6,0,640.6,0,1
2026-01-16T13:00:00Z,656.5,0,656.5,0,1
2026-01-16T14:00:00Z,670.7,0,670.7,0,1
2026-01-16T15:00:00Z,-9999.9,9,670.7,1,1
2026-01-16T16:00:00Z,684.1,0,684.1,0,1
2026-01-16T17:00:00Z,708.4,0,708.4,0,1
2026-01-16T18:00:00Z,700.6,0,700.6,0,1
2026-01-16T19:00:00Z,698.9,0,698.9,0,1
2026-01-16T20:00:00Z,692.0,1,692.0,0,1
2026-01-16T21:00:00Z,673.4,0,673.4,0,1
2026-01-16T22:00:00Z,692.0,0,692.0,0,1
2026-01-16T23:00:00Z,676.6,0,676.6,0,1
2026-01-17T00:00:00Z,676.2,0,676.2,0,1
2026-01-17T01:00:00Z,686.3,0,686.3,0,1
2026-01-17T02:00:00Z,724.2,0,724.2,0,1
2026-01-17T03:00:00Z,-9999.9,9,724.2,1,1
2026-01-17T04:00:00Z,734.9,0,734.9,0,1
2026-01-17T05:00:00Z,729.8,1,729.8,0,1
2026-01-17T06:00:00Z,724.7,0,724.7,0,1
2026-01-17T07:00:00Z,712.4,0,712.4,0,1
2026-01-17T08:00:00Z,695.0,0,695.0,0,1
2026-01-17T09:00:00Z,-9999.9,9,695.0,1,1
2026-01-17T10:00:00Z,697.4,0,697.4,0,1
2026-01-17T11:00:00Z,699.4,0,699.4,0,1
2026-01-17T12:00:00Z,680.6,0,680.6,0,1
2026-01-17T13:00:00Z,682.7,0,682.7,0,1
2026-01-17T14:00:00Z,682.9,0,682.9,0,1
2026-01-17T15:00:00Z,-9999.9,9,682.9,1,1
2026-01-17T16:00:00Z,707.4,0,707.4,0,1
2026-01-17T17:00:00Z,699.3,0,699.3,0,1
2026-01-17T18:00:00Z,703.3,1,703.3,0,1
2026-01-17T19:00:00Z,696.7,0,696.7,0,1
2026-01-17T20:00:00Z,688.2,1,688.2,0,1
2026-01-17T21:00:00Z,-9999.9,9,688.2,1,1
2026-01-17T22:00:00Z,690.3,0,690.3,0,1
2026-01-17T23:00:00Z,678.4,0,678.4,0,1
2026-01-18T00:00:00Z,683.9,0,683.9,0,1
2026-01-18T01:00:00Z,676.6,0,676.6,0,1
2026-01-18T02:00:00Z,672.3,1,672.3,0,1
2026-01-18T03:00:00Z,-9999.9,9,672.3,1,1
2026-01-18T04:00:00Z,661.1,0,661.1,0,1
2026-01-18T05:00:00Z,632.3,0,632.3,0,1
2026-01-18T06:00:00Z,621.6,0,621.6,0,1
2026-01-18T07:00:00Z,605.2,0,605.2,0,1
2026-01-18T08:00:00Z,575.9,1,575.9,0,1
2026-01-18T09:00:00Z,565.2,0,565.2,0,1
2026-01-18T10:00:00Z,566.2,0,566.2,0,1
2026-01-18T11:00:00Z,570.4,0,570.4,0,1
2026-01-18T12:00:00Z,553.4,1,553.4,0,1
2026-01-18T13:00:00Z,537.6,0,537.6,0,1
2026-01-18T14:00:00Z,550.4,0,550.4,0,1
2026-01-18T15:00:00Z,-9999.9,9,550.4,1,1
2026-01-18T16:00:00Z,541.7,0,541.7,0,1
2026-01-18T17:00:00Z,502.2,0,502.2,0,1
2026-01-18T18:00:00Z,523.1,0,523.1,0,1
2026-01-18T19:00:00Z,497.1,0,497.1,0,1
2026-01-18T20:00:00Z,486.0,0,486.0,0,1
2026-01-18T21:00:00Z,493.2,1,493.2,0,1
2026-01-18T22:00:00Z,498.2,0,498.2,0,1
2026-01-18T23:00:00Z,495.4,1,495.4,0,1
2026-01-19T00:00:00Z,476.9,0,476.9,0,1
2026-01-19T01:00:00Z,460.9,0,460.9,0,1
2026-01-19T02:00:00Z,446.0,1,446.0,0,1
2026-01-19T03:00:00Z,-9999.9,9,446.0,1,1
2026-01-19T04:00:00Z,438.7,0,438.7,0,1
2026-01-19T05:00:00Z,430.8,0,430.8,0,1
2026-01-19T06:00:00Z,426.2,0,426.2,0,1
2026-01-19T07:00:00Z,425.3,0,425.3,0,1
2026-01-19T08:00:00Z,413.3,0,413.3,0,1
2026-01-19T09:00:00Z,346.3,0,346.3,0,1
2026-01-19T10:00:00Z,287.8,0,287.8,0,1
2026-01-19T11:00:00Z,288.3,1,288.3,0,1
2026-01-19T12:00:00Z,288.7,0,288.7,0,1
2026-01-19T13:00:00Z,286.7,0,286.7,0,1
2026-01-19T14:00:00Z,288.7,1,288.7,0,1
2026-01-19T15:00:00Z,-9999.9,9,288.7,1,1
2026-01-19T16:00:00Z,288.3,0,288.3,0,1
2026-01-19T17:00:00Z,289.2,0,289.2,0,1
2026-01-19T18:00:00Z,290.6,0,290.6,0,1
2026-01-19T19:00:00Z,290.8,1,290.8,0,1
2026-01-19T20:00:00Z,289.5,1,289.5,0,1
2026-01-19T21:00:00Z,853.7,1,853.7,0,1
2026-01-19T22:00:00Z,1080.3,0,1080.3,0,1
2026-01-19T23:00:00Z,1044.3,0,1044.3,0,1
2026-01-20T00:00:00Z,1035.6,0,1035.6,0,1
2026-01-20T01:00:00Z,997.2,0,997.2,0,1
2026-01-20T02:00:00Z,943.6,1,943.6,0,1
2026-01-20T03:00:00Z,-9999.9,9,943.6,1,1
2026-01-20T04:00:00Z,912.1,1,912.1,0,1
2026-01-20T05:00:00Z,884.6,1,884.6,0,1
2026-01-20T06:00:00Z,948.8,0,948.8,0,1
2026-01-20T07:00:00Z,938.9,0,938.9,0,1
2026-01-20T08:00:00Z,931.4,0,931.4,0,1
2026-01-20T09:00:00Z,926.5,0,926.5,0,1
2026-01-20T10:00:00Z,936.6,0,936.6,0,1
2026-01-20T11:00:00Z,930.0,0,930.0,0,1
2026-01-20T12:00:00Z,937.0,0,937.0,0,1
2026-01-20T13:00:00Z,900.5,0,900.5,0,1
2026-01-20T14:00:00Z,876.1,0,876.1,0,1
2026-01-20T15:00:00Z,-9999.9,9,876.1,1,1
2026-01-20T16:00:00Z,869.6,0,869.6,0,1
2026-01-20T17:00:00Z,841.8,0,841.8,0,1
2026-01-20T18:00:00Z,863.8,0,863.8,0,1
2026-01-20T19:00:00Z,870.0,0,870.0,0,1
2026-01-20T20:00:00Z,858.1,0,858.1,0,1
2026-01-20T21:00:00Z,-9999.9,9,858.1,1,1
2026-01-20T22:00:00Z,823.7,0,823.7,0,1
2026-01-20T23:00:00Z,799.0,0,799.0,0,1
2026-01-21T00:00:00Z,750.7,0,750.7,0,1
2026-01-21T01:00:00Z,775.8,0,775.8,0,1
2026-01-21T02:00:00Z,784.4,0,784.4,0,1
2026-01-21T03:00:00Z,-9999.9,9,784.4,1,1
2026-01-21T04:00:00Z,754.1,0,754.1,0,1
2026-01-21T05:00:00Z,737.6,0,737.6,0,1
2026-01-21T06:00:00Z,723.9,0,723.9,0,1
2026-01-21T07:00:00Z,720.8,0,720.8,0,1
2026-01-21T08:00:00Z,693.2,0,693.2,0,1
2026-01-21T09:00:00Z,680.6,0,680.6,0,1
2026-01-21T10:00:00Z,676.3,0,676.3,0,1
2026-01-21T11:00:00Z,675.0,0,675.0,0,1
2026-01-21T12:00:00Z,656.9,0,656.9,0,1
2026-01-21T13:00:00Z,641.9,0,641.9,0,1
2026-01-21T14:00:00Z,-9999.9,3,641.9,1,1
2026-01-21T15:00:00Z,-9999.9,9,641.9,1,1
2026-01-21T16:00:00Z,613.1,1,613.1,0,1
2026-01-21T17:00:00Z,624.0,1,624.0,0,1
2026-01-21T18:00:00Z,594.9,1,594.9,0,1
2026-01-21T19:00:00Z,576.5,0,576.5,0,1
2026-01-21T20:00:00Z,574.5,0,574.5,0,1
2026-01-21T21:00:00Z,-9999.9,9,574.5,1,1
2026-01-21T22:00:00Z,599.1,0,599.1,0,1
2026-01-21T23:00:00Z,613.2,0,613.2,0,1
2026-01-22T00:00:00Z,585.5,0,585.5,0,1
2026-01-22T01:00:00Z,541.1,0,541.1,0,1
2026-01-22T02:00:00Z,549.7,0,549.7,0,1
2026-01-22T03:00:00Z,-9999.9,9,549.7,1,1
2026-01-22T04:00:00Z,575.4,0,575.4,0,1
2026-01-22T05:00:00Z,574.9,0,574.9,0,1
2026-01-22T06:00:00Z,596.2,0,596.2,0,1
2026-01-22T07:00:00Z,-9999.9,3,596.2,1,1
2026-01-22T08:00:00Z,561.7,0,561.7,0,1
2026-01-22T09:00:00Z,555.1,0,555.1,0,1
2026-01-22T10:00:00Z,546.0,0,546.0,0,1
2026-01-22T11:00:00Z,535.0,0,535.0,0,1
2026-01-22T12:00:00Z,532.9,0,532.9,0,1
2026-01-22T13:00:00Z,530.3,0,530.3,0,1
2026-01-22T14:00:00Z,521.4,0,521.4,0,1
2026-01-22T15:00:00Z,-9999.9,9,521.4,1,1
2026-01-22T16:00:00Z,533.9,0,533.9,0,1
2026-01-22T17:00:00Z,-9999.9,3,533.9,1,1
2026-01-22T18:00:00Z,521.6,0,521.6,0,1
2026-01-22T19:00:00Z,521.3,0,521.3,0,1
2026-01-22T20:00:00Z,525.7,0,525.7,0,1
2026-01-22T21:00:00Z,-9999.9,9,525.7,1,1
2026-01-22T22:00:00Z,507.9,0,507.9,0,1
2026-01-22T23:00:00Z,507.9,0,507.9,0,1
2026-01-23T00:00:00Z,498.0,0,498.0,0,1
2026-01-23T01:00:00Z,505.0,0,505.0,0,1
2026-01-23T02:00:00Z,502.3,0,502.3,0,1
2026-01-23T03:00:00Z,-9999.9,9,502.3,1,1
2026-01-23T04:00:00Z,512.5,0,512.5,0,1
2026-01-23T05:00:00Z,512.2,0,512.2,0,1
2026-01-23T06:00:00Z,527.9,0,527.9,0,1
2026-01-23T07:00:00Z,515.2,1,515.2,0,1
2026-01-23T08:00:00Z,564.9,0,564.9,0,1
2026-01-23T09:00:00Z,567.0,0,567.0,0,1
2026-01-23T10:00:00Z,562.1,0,562.1,0,1
2026-01-23T11:00:00Z,545.9,1,545.9,0,1
2026-01-23T12:00:00Z,562.2,1,562.2,0,1
2026-01-23T13:00:00Z,576.9,0,576.9,0,1
2026-01-23T14:00:00Z,585.8,1,585.8,0,1
2026-01-23T15:00:00Z,-9999.9,9,585.8,1,1
2026-01-23T16:00:00Z,586.5,0,586.5,0,1
2026-01-23T17:00:00Z,590.5,0,590.5,0,1
2026-01-23T18:00:00Z,568.8,1,568.8,0,1
2026-01-23T19:00:00Z,561.2,1,561.2,0,1
2026-01-23T20:00:00Z,570.6,0,570.6,0,1
2026-01-23T21:00:00Z,-9999.9,9,570.6,1,1
2026-01-23T22:00:00Z,567.2,0,567.2,0,1
2026-01-23T23:00:00Z,560.6,1,560.6,0,1
2026-01-24T00:00:00Z,553.4,0,553.4,0,1
2026-01-24T01:00:00Z,561.2,0,561.2,0,1
2026-01-24T02:00:00Z,544.4,0,544.4,0,1
2026-01-24T03:00:00Z,-9999.9,9,544.4,1,1
2026-01-24T04:00:00Z,548.2,0,548.2,0,1
2026-01-24T05:00:00Z,553.0,0,553.0,0,1
2026-01-24T06:00:00Z,546.5,0,546.5,0,1
2026-01-24T07:00:00Z,545.1,1,545.1,0,1
2026-01-24T08:00:00Z,557.8,1,557.8,0,1
2026-01-24T09:00:00Z,515.4,1,515.4,0,1
2026-01-24T10:00:00Z,514.7,1,514.7,0,1
2026-01-24T11:00:00Z,558.5,0,558.5,0,1
2026-01-24T12:00:00Z,536.1,0,536.1,0,1
2026-01-24T13:00:00Z,522.2,1,522.2,0,1
2026-01-24T14:00:00Z,517.3,0,517.3,0,1
2026-01-24T15:00:00Z,-9999.9,9,517.3,1,1
2026-01-24T16:00:00Z,546.7,0,546.7,0,1
2026-01-24T17:00:00Z,516.1,1,516.1,0,1
2026-01-24T18:00:00Z,512.8,0,512.8,0,1
2026-01-24T19:00:00Z,509.4,1,509.4,0,1
2026-01-24T20:00:00Z,521.4,1,521.4,0,1
2026-01-24T21:00:00Z,-9999.9,9,521.4,1,1
2026-01-24T22:00:00Z,512.8,1,512.8,0,1
2026-01-24T23:00:00Z,523.1,1,523.1,0,1
2026-01-25T00:00:00Z,534.8,1,534.8,0,1
2026-01-25T01:00:00Z,539.7,1,539.7,0,1
2026-01-25T02:00:00Z,538.3,0,538.3,0,1
2026-01-25T03:00:00Z,-9999.9,9,538.3,1,1
2026-01-25T04:00:00Z,580.3,0,580.3,0,1
2026-01-25T05:00:00Z,577.7,0,577.7,0,1
2026-01-25T06:00:00Z,568.0,0,568.0,0,1
2026-01-25T07:00:00Z,589.3,0,589.3,0,1
2026-01-25T08:00:00Z,578.3,1,578.3,0,1
2026-01-25T09:00:00Z,576.0,0,576.0,0,1
2026-01-25T10:00:00Z,567.5,0,567.5,0,1
2026-01-25T11:00:00Z,555.5,0,555.5,0,1
2026-01-25T12:00:00Z,557.4,0,557.4,0,1
2026-01-25T13:00:00Z,527.7,1,527.7,0,1
2026-01-25T14:00:00Z,518.5,0,518.5,0,1
2026-01-25T15:00:00Z,-9999.9,9,518.5,1,1
2026-01-25T16:00:00Z,505.8,1,505.8,0,1
2026-01-25T17:00:00Z,499.3,1,499.3,0,1
2026-01-25T18:00:00Z,504.8,0,504.8,0,1
2026-01-25T19:00:00Z,526.2,0,526.2,0,1
2026-01-25T20:00:00Z,516.5,0,516.5,0,1
2026-01-25T21:00:00Z,-9999.9,9,516.5,1,1
2026-01-25T22:00:00Z,533.9,0,533.9,0,1
2026-01-25T23:00:00Z,490.6,1,490.6,0,1
2026-01-26T00:00:00Z,497.0,0,497.0,0,1
2026-01-26T01:00:00Z,503.2,0,503.2,0,1
2026-01-26T02:00:00Z,488.8,0,488.8,0,1
2026-01-26T03:00:00Z,-9999.9,9,488.8,1,1
2026-01-26T04:00:00Z,491.6,0,491.6,0,1
2026-01-26T05:00:00Z,486.4,0,486.4,0,1
2026-01-26T06:00:00Z,503.2,0,503.2,0,1
2026-01-26T07:00:00Z,528.5,0,528.5,0,1
2026-01-26T08:00:00Z,472.0,1,472.0,0,1
2026-01-26T09:00:00Z,-9999.9,9,472.0,1,1
2026-01-26T10:00:00Z,527.8,0,527.8,0,1
2026-01-26T11:00:00Z,517.2,0,517.2,0,1
2026-01-26T12:00:00Z,504.6,1,504.6,0,1
2026-01-26T13:00:00Z,491.3,0,491.3,0,1
2026-01-26T14:00:00Z,494.8,0,494.8,0,1
2026-01-26T15:00:00Z,-9999.9,9,494.8,1,1
2026-01-26T16:00:00Z,499.3,0,499.3,0,1
2026-01-26T17:00:00Z,510.1,0,510.1,0,1
2026-01-26T18:00:00Z,498.9,0,498.9,0,1
2026-01-26T19:00:00Z,485.6,0,485.6,0,1
2026-01-26T20:00:00Z,469.3,0,469.3,0,1
2026-01-26T21:00:00Z,462.9,0,462.9,0,1
2026-01-26T22:00:00Z,454.1,0,454.1,0,1
2026-01-26T23:00:00Z,441.7,0,441.7,0,1
2026-01-27T00:00:00Z,437.9,0,437.9,0,1
2026-01-27T01:00:00Z,436.0,0,436.0,0,1
2026-01-27T02:00:00Z,433.6,0,433.6,0,1
2026-01-27T03:00:00Z,-9999.9,9,433.6,1,1
2026-01-27T04:00:00Z,418.6,0,418.6,0,1
2026-01-27T05:00:00Z,416.5,0,416.5,0,1
2026-01-27T06:00:00Z,417.5,0,417.5,0,1
2026-01-27T07:00:00Z,-9999.9,3,417.5,1,1
2026-01-27T08:00:00Z,411.1,0,411.1,0,1
2026-01-27T09:00:00Z,409.4,0,409.4,0,1
2026-01-27T10:00:00Z,423.4,0,423.4,0,1
2026-01-27T11:00:00Z,421.7,0,421.7,0,1
2026-01-27T12:00:00Z,413.6,0,413.6,0,1
2026-01-27T13:00:00Z,413.7,0,413.7,0,1
2026-01-27T14:00:00Z,418.1,0,418.1,0,1
2026-01-27T15:00:00Z,-9999.9,9,418.1,1,1
2026-01-27T16:00:00Z,417.4,0,417.4,0,1
2026-01-27T17:00:00Z,412.4,0,412.4,0,1
2026-01-27T18:00:00Z,416.9,0,416.9,0,1
2026-01-27T19:00:00Z,446.4,0,446.4,0,1
2026-01-27T20:00:00Z,450.1,0,450.1,0,1
2026-01-27T21:00:00Z,461.5,1,461.5,0,1
2026-01-27T22:00:00Z,465.1,1,465.1,0,1
2026-01-27T23:00:00Z,464.6,0,464.6,0,1
2026-01-28T00:00:00Z,450.4,0,450.4,0,1
2026-01-28T01:00:00Z,452.3,0,452.3,0,1
2026-01-28T02:00:00Z,465.1,0,465.1,0,1
2026-01-28T03:00:00Z,-9999.9,9,465.1,1,1
2026-01-28T04:00:00Z,470.2,0,470.2,0,1
2026-01-28T05:00:00Z,463.4,0,463.4,0,1
2026-01-28T06:00:00Z,467.9,0,467.9,0,1
2026-01-28T07:00:00Z,500.4,0,500.4,0,1
2026-01-28T08:00:00Z,535.3,0,535.3,0,1
2026-01-28T09:00:00Z,596.8,0,596.8,0,1
2026-01-28T10:00:00Z,593.6,0,593.6,0,1
2026-01-28T11:00:00Z,605.0,0,605.0,0,1
2026-01-28T12:00:00Z,568.9,0,568.9,0,1
2026-01-28T13:00:00Z,605.1,0,605.1,0,1
2026-01-28T14:00:00Z,574.6,0,574.6,0,1
2026-01-28T15:00:00Z,-9999.9,9,574.6,1,1
2026-01-28T16:00:00Z,553.1,0,553.1,0,1
2026-01-28T17:00:00Z,563.8,0,563.8,0,1
2026-01-28T18:00:00Z,590.3,0,590.3,0,1
2026-01-28T19:00:00Z,622.6,0,622.6,0,1
2026-01-28T20:00:00Z,600.1,0,600.1,0,1
2026-01-28T21:00:00Z,591.7,0,591.7,0,1
2026-01-28T22:00:00Z,619.5,0,619.5,0,1
2026-01-28T23:00:00Z,620.0,0,620.0,0,1
2026-01-29T00:00:00Z,643.7,1,643.7,0,1
2026-01-29T01:00:00Z,644.9,0,644.9,0,1
2026-01-29T02:00:00Z,653.8,1,653.8,0,1
2026-01-29T03:00:00Z,-9999.9,9,653.8,1,1
2026-01-29T04:00:00Z,677.8,0,677.8,0,1
2026-01-29T05:00:00Z,656.2,0,656.2,0,1
2026-01-29T06:00:00Z,662.0,0,662.0,0,1
2026-01-29T07:00:00Z,651.1,0,651.1,0,1
2026-01-29T08:00:00Z,657.6,0,657.6,0,1
2026-01-29T09:00:00Z,-9999.9,9,657.6,1,1
2026-01-29T10:00:00Z,678.1,0,678.1,0,1
2026-01-29T11:00:00Z,662.2,0,662.2,0,1
2026-01-29T12:00:00Z,659.5,1,659.5,0,1
2026-01-29T13:00:00Z,698.9,0,698.9,0,1
2026-01-29T14:00:00Z,690.2,0,690.2,0,1
2026-01-29T15:00:00Z,-9999.9,9,690.2,1,1
2026-01-29T16:00:00Z,670.0,1,670.0,0,1
2026-01-29T17:00:00Z,667.1,1,667.1,0,1
2026-01-29T18:00:00Z,669.3,0,669.3,0,1
2026-01-29T19:00:00Z,681.6,0,681.6,0,1
2026-01-29T20:00:00Z,683.3,0,683.3,0,1
2026-01-29T21:00:00Z,-9999.9,9,683.3,1,1
2026-01-29T22:00:00Z,663.0,0,663.0,0,1
2026-01-29T23:00:00Z,630.6,0,630.6,0,1
2026-01-30T00:00:00Z,596.4,1,596.4,0,1
2026-01-30T01:00:00Z,588.2,1,588.2,0,1
2026-01-30T02:00:00Z,589.1,0,589.1,0,1
2026-01-30T03:00:00Z,-9999.9,9,589.1,1,1
2026-01-30T04:00:00Z,577.3,0,577.3,0,1
2026-01-30T05:00:00Z,595.4,0,595.4,0,1
2026-01-30T06:00:00Z,585.1,0,585.1,0,1
2026-01-30T07:00:00Z,605.4,0,605.4,0,1
2026-01-30T08:00:00Z,-9999.9,3,605.4,1,1
2026-01-30T09:00:00Z,-9999.9,9,605.4,1,1
2026-01-30T10:00:00Z,541.1,0,541.1,0,1
2026-01-30T11:00:00Z,545.2,0,545.2,0,1
2026-01-30T12:00:00Z,546.2,0,546.2,0,1
2026-01-30T13:00:00Z,533.7,0,533.7,0,1
2026-01-30T14:00:00Z,529.5,0,529.5,0,1
2026-01-30T15:00:00Z,-9999.9,9,529.5,1,1
2026-01-30T16:00:00Z,517.3,0,517.3,0,1
2026-01-30T17:00:00Z,511.5,1,511.5,0,1
2026-01-30T18:00:00Z,504.0,0,504.0,0,1
2026-01-30T19:00:00Z,494.5,1,494.5,0,1
2026-01-30T20:00:00Z,496.3,1,496.3,0,1
2026-01-30T21:00:00Z,-9999.9,9,496.3,1,1
2026-01-30T22:00:00Z,488.3,0,488.3,0,1
2026-01-30T23:00:00Z,490.5,1,490.5,0,1
2026-01-31T00:00:00Z,473.3,0,473.3,0,1
2026-01-31T01:00:00Z,468.5,0,468.5,0,1
2026-01-31T02:00:00Z,467.9,0,467.9,0,1
2026-01-31T03:00:00Z,-9999.9,9,467.9,1,1
2026-01-31T04:00:00Z,462.1,0,462.1,0,1
2026-01-31T05:00:00Z,463.6,0,463.6,0,1
2026-01-31T06:00:00Z,454.3,0,454.3,0,1
2026-01-31T07:00:00Z,458.9,0,458.9,0,1
2026-01-31T08:00:00Z,444.1,0,444.1,0,1
2026-01-31T09:00:00Z,-9999.9,9,444.1,1,1
2026-01-31T10:00:00Z,435.6,0,435.6,0,1
2026-01-31T11:00:00Z,436.3,0,436.3,0,1
2026-01-31T12:00:00Z,433.9,0,433.9,0,1
2026-01-31T13:00:00Z,428.4,0,428.4,0,1
2026-01-31T14:00:00Z,424.2,0,424.2,0,1
2026-01-31T15:00:00Z,-9999.9,9,424.2,1,1
2026-01-31T16:00:00Z,422.3,0,422.3,0,1
2026-01-31T17:00:00Z,416.8,0,416.8,0,1
2026-01-31T18:00:00Z,403.6,0,403.6,0,1
2026-01-31T19:00:00Z,398.5,0,398.5,0,1
2026-01-31T20:00:00Z,388.3,0,388.3,0,1
2026-01-31T21:00:00Z,-9999.9,9,388.3,1,1
2026-01-31T22:00:00Z,386.8,0,386.8,0,1
2026-01-31T23:00:00Z,385.7,1,385.7,0,1
2026-02-01T00:00:00Z,389.0,0,389.0,0,1
2026-02-01T01:00:00Z,382.0,0,382.0,0,1
2026-02-01T02:00:00Z,370.3,0,370.3,0,1
2026-02-01T03:00:00Z,-9999.9,9,370.3,1,1
2026-02-01T04:00:00Z,377.5,0,377.5,0,1
2026-02-01T05:00:00Z,357.7,0,357.7,0,1
2026-02-01T06:00:00Z,353.7,0,353.7,0,1
2026-02-01T07:00:00Z,354.7,0,354.7,0,1
2026-02-01T08:00:00Z,338.1,0,338.1,0,1
2026-02-01T09:00:00Z,-9999.9,9,338.1,1,1
2026-02-01T10:00:00Z,342.3,0,342.3,0,1
2026-02-01T11:00:00Z,342.3,0,342.3,0,1
2026-02-01T12:00:00Z,341.9,0,341.9,0,1
2026-02-01T13:00:00Z,341.1,0,341.1,0,1
2026-02-01T14:00:00Z,330.5,0,330.5,0,1
2026-02-01T15:00:00Z,-9999.9,9,330.5,1,1
2026-02-01T16:00:00Z,297.6,0,297.6,0,1
2026-02-01T17:00:00Z,296.6,1,296.6,0,1
2026-02-01T18:00:00Z,300.4,0,300.4,0,1
2026-02-01T19:00:00Z,302.0,0,302.0,0,1
2026-02-01T20:00:00Z,296.1,0,296.1,0,1
2026-02-01T21:00:00Z,-9999.9,9,296.1,1,1
2026-02-01T22:00:00Z,319.7,0,319.7,0,1
2026-02-01T23:00:00Z,325.2,0,325.2,0,1
2026-02-02T00:00:00Z,329.5,0,329.5,0,1
2026-02-02T01:00:00Z,-9999.9,9,329.5,1,1
2026-02-02T02:00:00Z,-9999.9,9,329.5,1,1
2026-02-02T03:00:00Z,-9999.9,9,329.5,1,1
2026-02-02T04:00:00Z,-9999.9,9,329.5,1,1
2026-02-02T05:00:00Z,-9999.9,9,329.5,1,1
2026-02-02T06:00:00Z,-9999.9,9,329.5,1,1
2026-02-02T07:00:00Z,-9999.9,9,329.5,1,1
2026-02-02T08:00:00Z,-9999.9,9,329.5,1,1
2026-02-02T09:00:00Z,-9999.9,9,329.5,1,1
2026-02-02T10:00:00Z,301.1,0,301.1,0,1
2026-02-02T11:00:00Z,305.1,0,305.1,0,1
2026-02-02T12:00:00Z,307.1,0,307.1,0,1
2026-02-02T13:00:00Z,306.6,0,306.6,0,1
2026-02-02T14:00:00Z,300.0,0,300.0,0,1
2026-02-02T15:00:00Z,-9999.9,9,300.0,1,1
2026-02-02T16:00:00Z,300.6,0,300.6,0,1
2026-02-02T17:00:00Z,307.5,0,307.5,0,1
2026-02-02T18:00:00Z,302.1,0,302.1,0,1
2026-02-02T19:00:00Z,302.2,0,302.2,0,1
2026-02-02T20:00:00Z,305.5,0,305.5,0,1
2026-02-02T21:00:00Z,-9999.9,9,305.5,1,1
2026-02-02T22:00:00Z,302.2,0,302.2,0,1
2026-02-02T23:00:00Z,300.0,0,300.0,0,1
2026-02-03T00:00:00Z,296.0,0,296.0,0,1
2026-02-03T01:00:00Z,293.9,0,293.9,0,1
2026-02-03T02:00:00Z,288.4,0,288.4,0,1
2026-02-03T03:00:00Z,-9999.9,9,288.4,1,1
2026-02-03T04:00:00Z,283.5,0,283.5,0,1
2026-02-03T05:00:00Z,283.7,0,283.7,0,1
2026-02-03T06:00:00Z,283.8,0,283.8,0,1
2026-02-03T07:00:00Z,289.3,0,289.3,0,1
2026-02-03T08:00:00Z,292.5,0,292.5,0,1
2026-02-03T09:00:00Z,-9999.9,9,292.5,1,1
2026-02-03T10:00:00Z,291.0,0,291.0,0,1
2026-02-03T11:00:00Z,297.7,0,297.7,0,1
2026-02-03T12:00:00Z,290.8,0,290.8,0,1
2026-02-03T13:00:00Z,291.1,0,291.1,0,1
2026-02-03T14:00:00Z,294.1,0,294.1,0,1
2026-02-03T15:00:00Z,-9999.9,9,294.1,1,1
2026-02-03T16:00:00Z,309.9,0,309.9,0,1
2026-02-03T17:00:00Z,311.3,0,311.3,0,1
2026-02-03T18:00:00Z,320.5,0,320.5,0,1
2026-02-03T19:00:00Z,310.8,1,310.8,0,1
2026-02-03T20:00:00Z,312.0,0,312.0,0,1
2026-02-03T21:00:00Z,-9999.9,9,312.0,1,1
2026-02-03T22:00:00Z,311.9,0,311.9,0,1
2026-02-03T23:00:00Z,307.9,0,307.9,0,1
2026-02-04T00:00:00Z,301.8,0,301.8,0,1
2026-02-04T01:00:00Z,301.3,0,301.3,0,1
2026-02-04T02:00:00Z,301.6,0,301.6,0,1
2026-02-04T03:00:00Z,-9999.9,9,301.6,1,1
2026-02-04T04:00:00Z,306.7,0,306.7,0,1
2026-02-04T05:00:00Z,320.4,0,320.4,0,1
2026-02-04T06:00:00Z,312.9,0,312.9,0,1
2026-02-04T07:00:00Z,320.6,0,320.6,0,1
2026-02-04T08:00:00Z,337.6,0,337.6,0,1
2026-02-04T09:00:00Z,-9999.9,9,337.6,1,1
2026-02-04T10:00:00Z,343.1,1,343.1,0,1
2026-02-04T11:00:00Z,338.2,0,338.2,0,1
2026-02-04T12:00:00Z,332.3,1,332.3,0,1
2026-02-04T13:00:00Z,332.6,0,332.6,0,1
2026-02-04T14:00:00Z,376.5,0,376.5,0,1
2026-02-04T15:00:00Z,-9999.9,9,376.5,1,1
2026-02-04T16:00:00Z,431.2,0,431.2,0,1
2026-02-04T17:00:00Z,436.2,0,436.2,0,1
2026-02-04T18:00:00Z,420.1,0,420.1,0,1
2026-02-04T19:00:00Z,447.7,0,447.7,0,1
2026-02-04T20:00:00Z,440.0,0,440.0,0,1
2026-02-04T21:00:00Z,-9999.9,9,440.0,1,1
2026-02-04T22:00:00Z,455.1,0,455.1,0,1
2026-02-04T23:00:00Z,473.2,0,473.2,0,1
2026-02-05T00:00:00Z,462.5,0,462.5,0,1
2026-02-05T01:00:00Z,483.7,0,483.7,0,1
2026-02-05T02:00:00Z,489.4,0,489.4,0,1
2026-02-05T03:00:00Z,-9999.9,9,489.4,1,1
2026-02-05T04:00:00Z,502.8,0,502.8,0,1
2026-02-05T05:00:00Z,507.0,0,507.0,0,1
2026-02-05T06:00:00Z,514.4,0,514.4,0,1
2026-02-05T07:00:00Z,505.2,0,505.2,0,1
2026-02-05T08:00:00Z,547.2,0,547.2,0,1
2026-02-05T09:00:00Z,-9999.9,9,547.2,1,1
2026-02-05T10:00:00Z,532.7,1,532.7,0,1
2026-02-05T11:00:00Z,541.9,0,541.9,0,1
2026-02-05T12:00:00Z,556.3,0,556.3,0,1
2026-02-05T13:00:00Z,572.6,0,572.6,0,1
2026-02-05T14:00:00Z,571.2,1,571.2,0,1
2026-02-05T15:00:00Z,-9999.9,9,571.2,1,1
2026-02-05T16:00:00Z,572.9,1,572.9,0,1
2026-02-05T17:00:00Z,574.3,1,574.3,0,1
2026-02-05T18:00:00Z,571.5,1,571.5,0,1
2026-02-05T19:00:00Z,602.7,1,602.7,0,1
2026-02-05T20:00:00Z,604.1,0,604.1,0,1
2026-02-05T21:00:00Z,-9999.9,9,604.1,1,1
2026-02-05T22:00:00Z,596.1,1,596.1,0,1
2026-02-05T23:00:00Z,589.9,0,589.9,0,1
2026-02-06T00:00:00Z,594.0,1,594.0,0,1
2026-02-06T01:00:00Z,600.9,0,600.9,0,1
2026-02-06T02:00:00Z,604.8,1,604.8,0,1
2026-02-06T03:00:00Z,-9999.9,9,604.8,1,1
2026-02-06T04:00:00Z,577.9,1,577.9,0,1
2026-02-06T05:00:00Z,576.5,1,576.5,0,1
2026-02-06T06:00:00Z,571.0,0,571.0,0,1
2026-02-06T07:00:00Z,573.6,1,573.6,0,1
2026-02-06T08:00:00Z,570.0,1,570.0,0,1
2026-02-06T09:00:00Z,-9999.9,9,570.0,1,1
2026-02-06T10:00:00Z,580.3,1,580.3,0,1
2026-02-06T11:00:00Z,576.5,0,576.5,0,1
2026-02-06T12:00:00Z,556.8,0,556.8,0,1
2026-02-06T13:00:00Z,562.9,0,562.9,0,1
2026-02-06T14:00:00Z,554.6,0,554.6,0,1
2026-02-06T15:00:00Z,-9999.9,9,554.6,1,1
2026-02-06T16:00:00Z,585.1,0,585.1,0,1
2026-02-06T17:00:00Z,540.9,1,540.9,0,1
2026-02-06T18:00:00Z,536.6,1,536.6,0,1
2026-02-06T19:00:00Z,545.7,1,545.7,0,1
2026-02-06T20:00:00Z,526.9,0,526.9,0,1
2026-02-06T21:00:00Z,531.6,1,531.6,0,1
2026-02-06T22:00:00Z,519.8,0,519.8,0,1
2026-02-06T23:00:00Z,514.2,0,514.2,0,1
2026-02-07T00:00:00Z,533.3,0,533.3,0,1
2026-02-07T01:00:00Z,523.9,0,523.9,0,1
2026-02-07T02:00:00Z,510.4,0,510.4,0,1
2026-02-07T03:00:00Z,-9999.9,9,510.4,1,1
2026-02-07T04:00:00Z,502.3,1,502.3,0,1
2026-02-07T05:00:00Z,-9999.9,9,502.3,1,1
2026-02-07T06:00:00Z,-9999.9,9,502.3,1,1
2026-02-07T07:00:00Z,514.6,0,514.6,0,1
2026-02-07T08:00:00Z,515.2,0,515.2,0,1
2026-02-07T09:00:00Z,-9999.9,9,515.2,1,1
2026-02-07T10:00:00Z,469.9,1,469.9,0,1
2026-02-07T11:00:00Z,467.1,1,467.1,0,1
2026-02-07T12:00:00Z,469.8,0,469.8,0,1
2026-02-07T13:00:00Z,473.5,0,473.5,0,1
2026-02-07T14:00:00Z,456.6,1,456.6,0,1
2026-02-07T15:00:00Z,-9999.9,9,456.6,1,1
2026-02-07T16:00:00Z,462.0,0,462.0,0,1
2026-02-07T17:00:00Z,456.5,1,456.5,0,1
2026-02-07T18:00:00Z,451.7,0,451.7,0,1
2026-02-07T19:00:00Z,455.4,0,455.4,0,1
2026-02-07T20:00:00Z,454.6,0,454.6,0,1
2026-02-07T21:00:00Z,462.9,0,462.9,0,1
2026-02-07T22:00:00Z,451.1,0,451.1,0,1
2026-02-07T23:00:00Z,445.1,0,445.1,0,1
2026-02-08T00:00:00Z,441.4,0,441.4,0,1
2026-02-08T01:00:00Z,-9999.9,9,441.4,1,1
2026-02-08T02:00:00Z,469.3,0,469.3,0,1
2026-02-08T03:00:00Z,-9999.9,9,469.3,1,1
2026-02-08T04:00:00Z,458.5,0,458.5,0,1
2026-02-08T05:00:00Z,456.8,0,456.8,0,1
2026-02-08T06:00:00Z,471.9,0,471.9,0,1
2026-02-08T07:00:00Z,422.9,1,422.9,0,1
2026-02-08T08:00:00Z,445.9,1,445.9,0,1
2026-02-08T09:00:00Z,-9999.9,9,445.9,1,1
2026-02-08T10:00:00Z,446.7,0,446.7,0,1
2026-02-08T11:00:00Z,463.5,0,463.5,0,1
2026-02-08T12:00:00Z,458.0,0,458.0,0,1
2026-02-08T13:00:00Z,439.4,0,439.4,0,1
2026-02-08T14:00:00Z,436.7,1,436.7,0,1
2026-02-08T15:00:00Z,-9999.9,9,436.7,1,1
2026-02-08T16:00:00Z,433.1,0,433.1,0,1
2026-02-08T17:00:00Z,446.0,0,446.0,0,1
2026-02-08T18:00:00Z,436.4,0,436.4,0,1
2026-02-08T19:00:00Z,422.2,0,422.2,0,1
2026-02-08T20:00:00Z,433.4,0,433.4,0,1
2026-02-08T21:00:00Z,443.1,0,443.1,0,1
2026-02-08T22:00:00Z,425.5,1,425.5,0,1
2026-02-08T23:00:00Z,402.5,0,402.5,0,1
2026-02-09T00:00:00Z,409.7,1,409.7,0,1
2026-02-09T01:00:00Z,409.6,1,409.6,0,1
2026-02-09T02:00:00Z,408.2,1,408.2,0,1
2026-02-09T03:00:00Z,-9999.9,9,408.2,1,1
2026-02-09T04:00:00Z,422.8,0,422.8,0,1
2026-02-09T05:00:00Z,405.8,1,405.8,0,1
2026-02-09T06:00:00Z,412.6,1,412.6,0,1
2026-02-09T07:00:00Z,422.3,0,422.3,0,1
2026-02-09T08:00:00Z,430.0,1,430.0,0,1
2026-02-09T09:00:00Z,-9999.9,9,430.0,1,1
2026-02-09T10:00:00Z,-9999.9,3,430.0,1,1
2026-02-09T11:00:00Z,416.9,1,416.9,0,1
2026-02-09T12:00:00Z,416.6,0,416.6,0,1
2026-02-09T13:00:00Z,423.9,0,423.9,0,1
2026-02-09T14:00:00Z,410.7,1,410.7,0,1
2026-02-09T15:00:00Z,-9999.9,9,410.7,1,1
2026-02-09T16:00:00Z,406.4,0,406.4,0,1
2026-02-09T17:00:00Z,389.8,1,389.8,0,1
2026-02-09T18:00:00Z,383.8,0,383.8,0,1
2026-02-09T19:00:00Z,386.7,1,386.7,0,1
2026-02-09T20:00:00Z,382.8,0,382.8,0,1
2026-02-09T21:00:00Z,-9999.9,9,382.8,1,1
2026-02-09T22:00:00Z,401.5,0,401.5,0,1
2026-02-09T23:00:00Z,411.9,0,411.9,0,1
2026-02-10T00:00:00Z,415.5,0,415.5,0,1
2026-02-10T01:00:00Z,416.1,0,416.1,0,1
2026-02-10T02:00:00Z,416.9,0,416.9,0,1
2026-02-10T03:00:00Z,-9999.9,9,416.9,1,1
2026-02-10T04:00:00Z,406.2,0,406.2,0,1
2026-02-10T05:00:00Z,421.9,0,421.9,0,1
2026-02-10T06:00:00Z,408.6,1,408.6,0,1
2026-02-10T07:00:00Z,427.4,0,427.4,0,1
2026-02-10T08:00:00Z,432.9,0,432.9,0,1
2026-02-10T09:00:00Z,-9999.9,9,432.9,1,1
2026-02-10T10:00:00Z,427.5,1,427.5,0,1
2026-02-10T11:00:00Z,453.6,0,453.6,0,1
2026-02-10T12:00:00Z,449.8,0,449.8,0,1
2026-02-10T13:00:00Z,449.8,0,449.8,0,1
2026-02-10T14:00:00Z,446.7,0,446.7,0,1
2026-02-10T15:00:00Z,-9999.9,9,446.7,1,1
2026-02-10T16:00:00Z,451.6,0,451.6,0,1
2026-02-10T17:00:00Z,461.7,0,461.7,0,1
2026-02-10T18:00:00Z,478.2,1,478.2,0,1
2026-02-10T19:00:00Z,477.6,0,477.6,0,1
2026-02-10T20:00:00Z,476.5,0,476.5,0,1
2026-02-10T21:00:00Z,-9999.9,9,476.5,1,1
2026-02-10T22:00:00Z,454.3,1,454.3,0,1
2026-02-10T23:00:00Z,447.1,0,447.1,0,1
2026-02-11T00:00:00Z,449.6,0,449.6,0,1
2026-02-11T01:00:00Z,459.2,1,459.2,0,1
2026-02-11T02:00:00Z,454.9,0,454.9,0,1
2026-02-11T03:00:00Z,-9999.9,9,454.9,1,1
2026-02-11T04:00:00Z,455.3,0,455.3,0,1
2026-02-11T05:00:00Z,465.3,0,465.3,0,1
2026-02-11T06:00:00Z,485.5,0,485.5,0,1
2026-02-11T07:00:00Z,481.8,0,481.8,0,1
2026-02-11T08:00:00Z,469.8,0,469.8,0,1
2026-02-11T09:00:00Z,-9999.9,9,469.8,1,1
2026-02-11T10:00:00Z,470.6,0,470.6,0,1
2026-02-11T11:00:00Z,481.4,0,481.4,0,1
2026-02-11T12:00:00Z,454.8,1,454.8,0,1
2026-02-11T13:00:00Z,451.4,0,451.4,0,1
2026-02-11T14:00:00Z,456.8,1,456.8,0,1
2026-02-11T15:00:00Z,-9999.9,9,456.8,1,1
2026-02-11T16:00:00Z,471.3,0,471.3,0,1
2026-02-11T17:00:00Z,439.0,0,439.0,0,1
2026-02-11T18:00:00Z,449.5,0,449.5,0,1
2026-02-11T19:00:00Z,454.0,0,454.0,0,1
2026-02-11T20:00:00Z,433.8,1,433.8,0,1
2026-02-11T21:00:00Z,-9999.9,9,433.8,1,1
2026-02-11T22:00:00Z,425.3,0,425.3,0,1
2026-02-11T23:00:00Z,424.3,0,424.3,0,1
2026-02-12T00:00:00Z,424.2,0,424.2,0,1
2026-02-12T01:00:00Z,406.5,1,406.5,0,1
2026-02-12T02:00:00Z,403.9,1,403.9,0,1
2026-02-12T03:00:00Z,-9999.9,9,403.9,1,1
2026-02-12T04:00:00Z,401.4,1,401.4,0,1
2026-02-12T05:00:00Z,409.9,0,409.9,0,1
2026-02-12T06:00:00Z,406.4,1,406.4,0,1
2026-02-12T07:00:00Z,418.0,0,418.0,0,1
2026-02-12T08:00:00Z,-9999.9,3,418.0,1,1
2026-02-12T09:00:00Z,-9999.9,9,418.0,1,1
2026-02-12T10:00:00Z,390.7,1,390.7,0,1
2026-02-12T11:00:00Z,379.0,0,379.0,0,1
2026-02-12T12:00:00Z,374.1,0,374.1,0,1
2026-02-12T13:00:00Z,373.3,0,373.3,0,1
2026-02-12T14:00:00Z,382.0,0,382.0,0,1
2026-02-12T15:00:00Z,-9999.9,9,382.0,1,1
2026-02-12T16:00:00Z,389.5,0,389.5,0,1
2026-02-12T17:00:00Z,386.0,0,386.0,0,1
2026-02-12T18:00:00Z,399.8,0,399.8,0,1
2026-02-12T19:00:00Z,396.3,0,396.3,0,1
2026-02-12T20:00:00Z,396.3,0,396.3,0,1
2026-02-12T21:00:00Z,380.3,0,380.3,0,1
2026-02-12T22:00:00Z,389.4,0,389.4,0,1
2026-02-12T23:00:00Z,393.0,0,393.0,0,1
2026-02-13T00:00:00Z,388.1,0,388.1,0,1
2026-02-13T01:00:00Z,399.6,0,399.6,0,1
2026-02-13T02:00:00Z,398.1,0,398.1,0,1
2026-02-13T03:00:00Z,-9999.9,9,398.1,1,1
2026-02-13T04:00:00Z,379.2,1,379.2,0,1
2026-02-13T05:00:00Z,366.0,0,366.0,0,1
2026-02-13T06:00:00Z,358.4,0,358.4,0,1
2026-02-13T07:00:00Z,371.9,0,371.9,0,1
2026-02-13T08:00:00Z,386.2,0,386.2,0,1
2026-02-13T09:00:00Z,-9999.9,9,386.2,1,1
2026-02-13T10:00:00Z,421.1,0,421.1,0,1
2026-02-13T11:00:00Z,405.5,0,405.5,0,1
2026-02-13T12:00:00Z,390.3,0,390.3,0,1
2026-02-13T13:00:00Z,396.7,0,396.7,0,1
2026-02-13T14:00:00Z,419.4,0,419.4,0,1
2026-02-13T15:00:00Z,-9999.9,9,419.4,1,1
2026-02-13T16:00:00Z,434.3,0,434.3,0,1
2026-02-13T17:00:00Z,424.9,0,424.9,0,1
2026-02-13T18:00:00Z,419.8,0,419.8,0,1
2026-02-13T19:00:00Z,420.1,0,420.1,0,1
2026-02-13T20:00:00Z,415.8,0,415.8,0,1
2026-02-13T21:00:00Z,418.5,0,418.5,0,1
2026-02-13T22:00:00Z,463.6,0,463.6,0,1
2026-02-13T23:00:00Z,435.9,0,435.9,0,1
2026-02-14T00:00:00Z,462.6,0,462.6,0,1
2026-02-14T01:00:00Z,488.8,1,488.8,0,1
2026-02-14T02:00:00Z,479.2,0,479.2,0,1
2026-02-14T03:00:00Z,-9999.9,9,479.2,1,1
2026-02-14T04:00:00Z,453.7,0,453.7,0,1
2026-02-14T05:00:00Z,440.4,0,440.4,0,1
2026-02-14T06:00:00Z,442.3,0,442.3,0,1
2026-02-14T07:00:00Z,435.8,1,435.8,0,1
2026-02-14T08:00:00Z,431.0,0,431.0,0,1
2026-02-14T09:00:00Z,-9999.9,9,431.0,1,1
2026-02-14T10:00:00Z,418.3,0,418.3,0,1
2026-02-14T11:00:00Z,408.6,0,408.6,0,1
2026-02-14T12:00:00Z,406.9,0,406.9,0,1
2026-02-14T13:00:00Z,385.7,1,385.7,0,1
2026-02-14T14:00:00Z,380.7,0,380.7,0,1
2026-02-14T15:00:00Z,-9999.9,9,380.7,1,1
2026-02-14T16:00:00Z,425.6,0,425.6,0,1
2026-02-14T17:00:00Z,439.7,0,439.7,0,1
2026-02-14T18:00:00Z,450.5,1,450.5,0,1
2026-02-14T19:00:00Z,472.6,0,472.6,0,1
2026-02-14T20:00:00Z,478.5,0,478.5,0,1
2026-02-14T21:00:00Z,-9999.9,9,478.5,1,1
2026-02-14T22:00:00Z,495.6,0,495.6,0,1
2026-02-14T23:00:00Z,518.8,1,518.8,0,1
2026-02-15T00:00:00Z,545.0,1,545.0,0,1
2026-02-15T01:00:00Z,560.8,0,560.8,0,1
2026-02-15T02:00:00Z,580.2,0,580.2,0,1
2026-02-15T03:00:00Z,-9999.9,9,580.2,1,1
2026-02-15T04:00:00Z,597.5,1,597.5,0,1
2026-02-15T05:00:00Z,594.1,1,594.1,0,1
2026-02-15T06:00:00Z,595.3,0,595.3,0,1
2026-02-15T07:00:00Z,591.0,0,591.0,0,1
2026-02-15T08:00:00Z,603.6,0,603.6,0,1
2026-02-15T09:00:00Z,-9999.9,9,603.6,1,1
2026-02-15T10:00:00Z,628.9,0,628.9,0,1
2026-02-15T11:00:00Z,667.4,0,667.4,0,1
2026-02-15T12:00:00Z,638.5,0,638.5,0,1
2026-02-15T13:00:00Z,670.0,0,670.0,0,1
2026-02-15T14:00:00Z,654.1,0,654.1,0,1
2026-02-15T15:00:00Z,-9999.9,9,654.1,1,1
2026-02-15T16:00:00Z,623.6,0,623.6,0,1
2026-02-15T17:00:00Z,642.5,0,642.5,0,1
2026-02-15T18:00:00Z,631.8,0,631.8,0,1
2026-02-15T19:00:00Z,648.3,0,648.3,0,1
2026-02-15T20:00:00Z,638.2,0,638.2,0,1
2026-02-15T21:00:00Z,-9999.9,9,638.2,1,1
2026-02-15T22:00:00Z,600.8,0,600.8,0,1
2026-02-15T23:00:00Z,630.3,0,630.3,0,1
2026-02-16T00:00:00Z,639.6,0,639.6,0,1
2026-02-16T01:00:00Z,619.3,0,619.3,0,1
2026-02-16T02:00:00Z,611.8,0,611.8,0,1
2026-02-16T03:00:00Z,-9999.9,9,611.8,1,1
2026-02-16T04:00:00Z,602.6,0,602.6,0,1
2026-02-16T05:00:00Z,594.3,0,594.3,0,1
2026-02-16T06:00:00Z,601.9,0,601.9,0,1
2026-02-16T07:00:00Z,574.8,0,574.8,0,1
2026-02-16T08:00:00Z,566.8,0,566.8,0,1
2026-02-16T09:00:00Z,-9999.9,9,566.8,1,1
2026-02-16T10:00:00Z,598.0,0,598.0,0,1
2026-02-16T11:00:00Z,616.5,0,616.5,0,1
2026-02-16T12:00:00Z,621.2,0,621.2,0,1
2026-02-16T13:00:00Z,640.8,0,640.8,0,1
2026-02-16T14:00:00Z,628.8,1,628.8,0,1
2026-02-16T15:00:00Z,-9999.9,9,628.8,1,1
2026-02-16T16:00:00Z,660.8,0,660.8,0,1
2026-02-16T17:00:00Z,683.0,0,683.0,0,1
2026-02-16T18:00:00Z,658.9,0,658.9,0,1
2026-02-16T19:00:00Z,667.8,0,667.8,0,1
2026-02-16T20:00:00Z,662.1,0,662.1,0,1
2026-02-16T21:00:00Z,652.7,0,652.7,0,1
2026-02-16T22:00:00Z,660.2,0,660.2,0,1
2026-02-16T23:00:00Z,645.6,1,645.6,0,1
2026-02-17T00:00:00Z,639.4,0,639.4,0,1
2026-02-17T01:00:00Z,661.6,0,661.6,0,1
2026-02-17T02:00:00Z,654.0,0,654.0,0,1
2026-02-17T03:00:00Z,-9999.9,9,654.0,1,1
2026-02-17T04:00:00Z,644.7,0,644.7,0,1
2026-02-17T05:00:00Z,622.8,0,622.8,0,1
2026-02-17T06:00:00Z,616.8,0,616.8,0,1
2026-02-17T07:00:00Z,607.3,0,607.3,0,1
2026-02-17T08:00:00Z,587.5,1,587.5,0,1
2026-02-17T09:00:00Z,594.2,1,594.2,0,1
2026-02-17T10:00:00Z,575.5,0,575.5,0,1
2026-02-17T11:00:00Z,570.5,0,570.5,0,1
2026-02-17T12:00:00Z,572.4,0,572.4,0,1
2026-02-17T13:00:00Z,577.7,0,577.7,0,1
2026-02-17T14:00:00Z,588.6,0,588.6,0,1
2026-02-17T15:00:00Z,-9999.9,9,588.6,1,1
2026-02-17T16:00:00Z,571.2,0,571.2,0,1
2026-02-17T17:00:00Z,559.2,0,559.2,0,1
2026-02-17T18:00:00Z,554.2,0,554.2,0,1
2026-02-17T19:00:00Z,558.7,0,558.7,0,1
2026-02-17T20:00:00Z,541.4,1,541.4,0,1
2026-02-17T21:00:00Z,533.5,0,533.5,0,1
2026-02-17T22:00:00Z,551.2,0,551.2,0,1
2026-02-17T23:00:00Z,536.3,0,536.3,0,1
2026-02-18T00:00:00Z,549.3,0,549.3,0,1
2026-02-18T01:00:00Z,537.2,1,537.2,0,1
2026-02-18T02:00:00Z,540.0,0,540.0,0,1
2026-02-18T03:00:00Z,-9999.9,9,540.0,1,1
2026-02-18T04:00:00Z,545.4,0,545.4,0,1
2026-02-18T05:00:00Z,534.4,1,534.4,0,1
2026-02-18T06:00:00Z,533.6,0,533.6,0,1
2026-02-18T07:00:00Z,533.0,0,533.0,0,1
2026-02-18T08:00:00Z,530.0,1,530.0,0,1
2026-02-18T09:00:00Z,-9999.9,9,530.0,1,1
2026-02-18T10:00:00Z,520.5,0,520.5,0,1
2026-02-18T11:00:00Z,523.2,0,523.2,0,1
2026-02-18T12:00:00Z,504.4,0,504.4,0,1
2026-02-18T13:00:00Z,501.1,1,501.1,0,1
2026-02-18T14:00:00Z,494.9,0,494.9,0,1
2026-02-18T15:00:00Z,-9999.9,9,494.9,1,1
2026-02-18T16:00:00Z,477.0,1,477.0,0,1
2026-02-18T17:00:00Z,473.1,0,473.1,0,1
2026-02-18T18:00:00Z,462.8,0,462.8,0,1
2026-02-18T19:00:00Z,458.0,0,458.0,0,1
2026-02-18T20:00:00Z,452.2,0,452.2,0,1
2026-02-18T21:00:00Z,-9999.9,9,452.2,1,1
2026-02-18T22:00:00Z,470.0,0,470.0,0,1
2026-02-18T23:00:00Z,456.7,0,456.7,0,1
2026-02-19T00:00:00Z,472.4,0,472.4,0,1
2026-02-19T01:00:00Z,-9999.9,9,472.4,1,1
2026-02-19T02:00:00Z,473.3,0,473.3,0,1
2026-02-19T03:00:00Z,-9999.9,9,473.3,1,1
2026-02-19T04:00:00Z,472.0,1,472.0,0,1
2026-02-19T05:00:00Z,467.7,0,467.7,0,1
2026-02-19T06:00:00Z,472.4,1,472.4,0,1
2026-02-19T07:00:00Z,469.4,1,469.4,0,1
2026-02-19T08:00:00Z,466.8,0,466.8,0,1
2026-02-19T09:00:00Z,471.4,0,471.4,0,1
2026-02-19T10:00:00Z,477.6,0,477.6,0,1
2026-02-19T11:00:00Z,483.4,0,483.4,0,1
2026-02-19T12:00:00Z,490.4,0,490.4,0,1
2026-02-19T13:00:00Z,491.6,1,491.6,0,1
2026-02-19T14:00:00Z,523.6,0,523.6,0,1
2026-02-19T15:00:00Z,-9999.9,9,523.6,1,1
2026-02-19T16:00:00Z,523.3,0,523.3,0,1
2026-02-19T17:00:00Z,497.9,0,497.9,0,1
2026-02-19T18:00:00Z,499.9,0,499.9,0,1
2026-02-19T19:00:00Z,502.1,0,502.1,0,1
2026-02-19T20:00:00Z,-9999.9,9,502.1,1,1
2026-02-19T21:00:00Z,-9999.9,9,502.1,1,1
2026-02-19T22:00:00Z,499.4,0,499.4,0,1
2026-02-19T23:00:00Z,497.5,0,497.5,0,1
2026-02-20T00:00:00Z,489.7,1,489.7,0,1
2026-02-20T01:00:00Z,476.9,0,476.9,0,1
2026-02-20T02:00:00Z,476.8,0,476.8,0,1
2026-02-20T03:00:00Z,-9999.9,9,476.8,1,1
2026-02-20T04:00:00Z,476.0,0,476.0,0,1
2026-02-20T05:00:00Z,481.8,0,481.8,0,1
2026-02-20T06:00:00Z,477.4,1,477.4,0,1
2026-02-20T07:00:00Z,477.7,1,477.7,0,1
2026-02-20T08:00:00Z,485.4,0,485.4,0,1
2026-02-20T09:00:00Z,493.3,0,493.3,0,1
2026-02-20T10:00:00Z,466.4,1,466.4,0,1
2026-02-20T11:00:00Z,471.0,0,471.0,0,1
2026-02-20T12:00:00Z,455.9,0,455.9,0,1
2026-02-20T13:00:00Z,457.0,0,457.0,0,1
2026-02-20T14:00:00Z,465.6,0,465.6,0,1
2026-02-20T15:00:00Z,-9999.9,9,465.6,1,1
2026-02-20T16:00:00Z,476.8,0,476.8,0,1
2026-02-20T17:00:00Z,479.0,0,479.0,0,1
2026-02-20T18:00:00Z,475.0,0,475.0,0,1
2026-02-20T19:00:00Z,469.1,0,469.1,0,1
2026-02-20T20:00:00Z,464.0,0,464.0,0,1
2026-02-20T21:00:00Z,-9999.9,9,464.0,1,1
2026-02-20T22:00:00Z,470.9,0,470.9,0,1
2026-02-20T23:00:00Z,487.5,0,487.5,0,1
2026-02-21T00:00:00Z,505.8,0,505.8,0,1
2026-02-21T01:00:00Z,492.6,0,492.6,0,1
2026-02-21T02:00:00Z,494.3,0,494.3,0,1
2026-02-21T03:00:00Z,-9999.9,9,494.3,1,1
2026-02-21T04:00:00Z,538.1,0,538.1,0,1
2026-02-21T05:00:00Z,525.9,0,525.9,0,1
2026-02-21T06:00:00Z,505.2,0,505.2,0,1
2026-02-21T07:00:00Z,498.9,0,498.9,0,1
2026-02-21T08:00:00Z,507.5,0,507.5,0,1
2026-02-21T09:00:00Z,-9999.9,9,507.5,1,1
2026-02-21T10:00:00Z,503.9,0,503.9,0,1
2026-02-21T11:00:00Z,490.5,0,490.5,0,1
2026-02-21T12:00:00Z,464.3,0,464.3,0,1
2026-02-21T13:00:00Z,470.3,0,470.3,0,1
2026-02-21T14:00:00Z,469.6,0,469.6,0,1
2026-02-21T15:00:00Z,-9999.9,9,469.6,1,1
2026-02-21T16:00:00Z,484.2,0,484.2,0,1
2026-02-21T17:00:00Z,497.2,0,497.2,0,1
2026-02-21T18:00:00Z,487.7,0,487.7,0,1
2026-02-21T19:00:00Z,497.4,0,497.4,0,1
2026-02-21T20:00:00Z,512.8,0,512.8,0,1
2026-02-21T21:00:00Z,536.0,0,536.0,0,1
2026-02-21T22:00:00Z,539.8,0,539.8,0,1
2026-02-21T23:00:00Z,548.2,0,548.2,0,1
2026-02-22T00:00:00Z,567.6,0,567.6,0,1
2026-02-22T01:00:00Z,553.5,0,553.5,0,1
2026-02-22T02:00:00Z,561.6,0,561.6,0,1
2026-02-22T03:00:00Z,-9999.9,9,561.6,1,1
2026-02-22T04:00:00Z,549.6,0,549.6,0,1
2026-02-22T05:00:00Z,538.3,1,538.3,0,1
2026-02-22T06:00:00Z,527.0,0,527.0,0,1
2026-02-22T07:00:00Z,534.9,1,534.9,0,1
2026-02-22T08:00:00Z,592.1,0,592.1,0,1
2026-02-22T09:00:00Z,636.8,1,636.8,0,1
2026-02-22T10:00:00Z,640.6,0,640.6,0,1
2026-02-22T11:00:00Z,650.6,0,650.6,0,1
2026-02-22T12:00:00Z,623.7,0,623.7,0,1
2026-02-22T13:00:00Z,626.6,0,626.6,0,1
2026-02-22T14:00:00Z,615.2,1,615.2,0,1
2026-02-22T15:00:00Z,-9999.9,9,615.2,1,1
2026-02-22T16:00:00Z,627.0,1,627.0,0,1
2026-02-22T17:00:00Z,651.6,0,651.6,0,1
2026-02-22T18:00:00Z,638.5,0,638.5,0,1
2026-02-22T19:00:00Z,642.3,0,642.3,0,1
2026-02-22T20:00:00Z,642.3,0,642.3,0,1
2026-02-22T21:00:00Z,662.8,0,662.8,0,1
2026-02-22T22:00:00Z,642.1,0,642.1,0,1
2026-02-22T23:00:00Z,640.9,0,640.9,0,1
2026-02-23T00:00:00Z,634.1,0,634.1,0,1
2026-02-23T01:00:00Z,640.9,1,640.9,0,1
2026-02-23T02:00:00Z,678.2,0,678.2,0,1
2026-02-23T03:00:00Z,-9999.9,9,678.2,1,1
2026-02-23T04:00:00Z,681.6,1,681.6,0,1
2026-02-23T05:00:00Z,688.2,0,688.2,0,1
2026-02-23T06:00:00Z,690.6,0,690.6,0,1
2026-02-23T07:00:00Z,702.1,0,702.1,0,1
2026-02-23T08:00:00Z,682.4,0,682.4,0,1
2026-02-23T09:00:00Z,687.8,0,687.8,0,1
2026-02-23T10:00:00Z,688.3,0,688.3,0,1
2026-02-23T11:00:00Z,687.7,0,687.7,0,1
2026-02-23T12:00:00Z,680.0,0,680.0,0,1
2026-02-23T13:00:00Z,683.2,0,683.2,0,1
2026-02-23T14:00:00Z,681.4,0,681.4,0,1
2026-02-23T15:00:00Z,-9999.9,9,681.4,1,1
2026-02-23T16:00:00Z,682.3,0,682.3,0,1
2026-02-23T17:00:00Z,650.4,0,650.4,0,1
2026-02-23T18:00:00Z,659.2,0,659.2,0,1
2026-02-23T19:00:00Z,650.7,0,650.7,0,1
2026-02-23T20:00:00Z,648.6,0,648.6,0,1
2026-02-23T21:00:00Z,649.8,0,649.8,0,1
2026-02-23T22:00:00Z,621.4,0,621.4,0,1
2026-02-23T23:00:00Z,619.2,0,619.2,0,1
2026-02-24T00:00:00Z,627.0,0,627.0,0,1
2026-02-24T01:00:00Z,603.3,0,603.3,0,1
2026-02-24T02:00:00Z,613.6,0,613.6,0,1
2026-02-24T03:00:00Z,-9999.9,9,613.6,1,1
2026-02-24T04:00:00Z,597.8,0,597.8,0,1
2026-02-24T05:00:00Z,607.3,0,607.3,0,1
2026-02-24T06:00:00Z,610.1,0,610.1,0,1
2026-02-24T07:00:00Z,611.6,1,611.6,0,1
2026-02-24T08:00:00Z,600.8,1,600.8,0,1
2026-02-24T09:00:00Z,592.3,1,592.3,0,1
2026-02-24T10:00:00Z,599.7,1,599.7,0,1
2026-02-24T11:00:00Z,588.0,0,588.0,0,1
2026-02-24T12:00:00Z,592.7,1,592.7,0,1
2026-02-24T13:00:00Z,589.0,0,589.0,0,1
2026-02-24T14:00:00Z,584.2,0,584.2,0,1
2026-02-24T15:00:00Z,-9999.9,9,584.2,1,1
2026-02-24T16:00:00Z,587.5,0,587.5,0,1
2026-02-24T17:00:00Z,583.0,0,583.0,0,1
2026-02-24T18:00:00Z,576.0,0,576.0,0,1
2026-02-24T19:00:00Z,566.5,0,566.5,0,1
2026-02-24T20:00:00Z,543.0,0,543.0,0,1
2026-02-24T21:00:00Z,-9999.9,9,543.0,1,1
2026-02-24T22:00:00Z,541.7,0,541.7,0,1
2026-02-24T23:00:00Z,548.5,0,548.5,0,1
2026-02-25T00:00:00Z,537.1,0,537.1,0,1
2026-02-25T01:00:00Z,536.9,1,536.9,0,1
2026-02-25T02:00:00Z,526.5,0,526.5,0,1
2026-02-25T03:00:00Z,-9999.9,9,526.5,1,1
2026-02-25T04:00:00Z,538.6,0,538.6,0,1
2026-02-25T05:00:00Z,537.5,0,537.5,0,1
2026-02-25T06:00:00Z,562.0,0,562.0,0,1
2026-02-25T07:00:00Z,564.7,0,564.7,0,1
2026-02-25T08:00:00Z,549.5,0,549.5,0,1
2026-02-25T09:00:00Z,548.7,0,548.7,0,1
2026-02-25T10:00:00Z,560.2,0,560.2,0,1
2026-02-25T11:00:00Z,545.2,0,545.2,0,1
2026-02-25T12:00:00Z,557.2,0,557.2,0,1
2026-02-25T13:00:00Z,553.4,1,553.4,0,1
2026-02-25T14:00:00Z,555.5,0,555.5,0,1
2026-02-25T15:00:00Z,-9999.9,9,555.5,1,1
2026-02-25T16:00:00Z,562.8,0,562.8,0,1
2026-02-25T17:00:00Z,557.3,0,557.3,0,1
2026-02-25T18:00:00Z,550.2,0,550.2,0,1
2026-02-25T19:00:00Z,537.9,0,537.9,0,1
2026-02-25T20:00:00Z,545.0,0,545.0,0,1
2026-02-25T21:00:00Z,-9999.9,9,545.0,1,1
2026-02-25T22:00:00Z,516.4,0,516.4,0,1
2026-02-25T23:00:00Z,526.0,0,526.0,0,1
2026-02-26T00:00:00Z,529.8,0,529.8,0,1
2026-02-26T01:00:00Z,533.4,1,533.4,0,1
2026-02-26T02:00:00Z,531.0,0,531.0,0,1
2026-02-26T03:00:00Z,-9999.9,9,531.0,1,1
2026-02-26T04:00:00Z,545.1,0,545.1,0,1
2026-02-26T05:00:00Z,554.5,0,554.5,0,1
2026-02-26T06:00:00Z,554.1,0,554.1,0,1
2026-02-26T07:00:00Z,544.6,0,544.6,0,1
2026-02-26T08:00:00Z,535.7,1,535.7,0,1
2026-02-26T09:00:00Z,535.5,0,535.5,0,1
2026-02-26T10:00:00Z,527.8,0,527.8,0,1
2026-02-26T11:00:00Z,519.5,0,519.5,0,1
2026-02-26T12:00:00Z,516.2,0,516.2,0,1
2026-02-26T13:00:00Z,524.2,1,524.2,0,1
2026-02-26T14:00:00Z,540.9,0,540.9,0,1
2026-02-26T15:00:00Z,-9999.9,9,540.9,1,1
2026-02-26T16:00:00Z,535.1,0,535.1,0,1
2026-02-26T17:00:00Z,513.7,0,513.7,0,1
2026-02-26T18:00:00Z,522.6,0,522.6,0,1
2026-02-26T19:00:00Z,521.5,0,521.5,0,1
2026-02-26T20:00:00Z,508.3,0,508.3,0,1
2026-02-26T21:00:00Z,527.4,0,527.4,0,1
2026-02-26T22:00:00Z,501.3,0,501.3,0,1
2026-02-26T23:00:00Z,490.1,0,490.1,0,1
2026-02-27T00:00:00Z,480.8,1,480.8,0,1
2026-02-27T01:00:00Z,474.8,1,474.8,0,1
2026-02-27T02:00:00Z,472.8,1,472.8,0,1
2026-02-27T03:00:00Z,-9999.9,9,472.8,1,1
2026-02-27T04:00:00Z,460.0,0,460.0,0,1
2026-02-27T05:00:00Z,452.6,1,452.6,0,1
2026-02-27T06:00:00Z,-9999.9,3,452.6,1,1
2026-02-27T07:00:00Z,459.9,1,459.9,0,1
2026-02-27T08:00:00Z,472.5,0,472.5,0,1
2026-02-27T09:00:00Z,462.9,1,462.9,0,1
2026-02-27T10:00:00Z,449.6,1,449.6,0,1
2026-02-27T11:00:00Z,454.7,0,454.7,0,1
2026-02-27T12:00:00Z,480.8,0,480.8,0,1
2026-02-27T13:00:00Z,479.5,0,479.5,0,1
2026-02-27T14:00:00Z,447.9,1,447.9,0,1
2026-02-27T15:00:00Z,-9999.9,9,447.9,1,1
2026-02-27T16:00:00Z,450.7,1,450.7,0,1
2026-02-27T17:00:00Z,436.5,1,436.5,0,1
2026-02-27T18:00:00Z,434.1,0,434.1,0,1
2026-02-27T19:00:00Z,442.1,0,442.1,0,1
2026-02-27T20:00:00Z,432.9,0,432.9,0,1
2026-02-27T21:00:00Z,-9999.9,9,432.9,1,1
2026-02-27T22:00:00Z,429.3,1,429.3,0,1
2026-02-27T23:00:00Z,434.0,0,434.0,0,1
2026-02-28T00:00:00Z,446.6,0,446.6,0,1
2026-02-28T01:00:00Z,438.3,0,438.3,0,1
2026-02-28T02:00:00Z,440.9,0,440.9,0,1
2026-02-28T03:00:00Z,-9999.9,9,440.9,1,1
2026-02-28T04:00:00Z,419.2,0,419.2,0,1
2026-02-28T05:00:00Z,421.8,0,421.8,0,1
2026-02-28T06:00:00Z,424.4,1,424.4,0,1
2026-02-28T07:00:00Z,437.1,0,437.1,0,1
2026-02-28T08:00:00Z,435.0,0,435.0,0,1
2026-02-28T09:00:00Z,429.1,0,429.1,0,1
2026-02-28T10:00:00Z,396.7,0,396.7,0,1
2026-02-28T11:00:00Z,404.2,0,404.2,0,1
2026-02-28T12:00:00Z,403.6,0,403.6,0,1
2026-02-28T13:00:00Z,397.3,0,397.3,0,1
2026-02-28T14:00:00Z,401.0,0,401.0,0,1
2026-02-28T15:00:00Z,-9999.9,9,401.0,1,1
2026-02-28T16:00:00Z,420.0,0,420.0,0,1
2026-02-28T17:00:00Z,411.1,0,411.1,0,1
2026-02-28T18:00:00Z,409.6,0,409.6,0,1
2026-02-28T19:00:00Z,395.1,0,395.1,0,1
2026-02-28T20:00:00Z,382.4,0,382.4,0,1
2026-02-28T21:00:00Z,382.3,0,382.3,0,1
2026-02-28T22:00:00Z,390.3,0,390.3,0,1
2026-02-28T23:00:00Z,393.3,0,393.3,0,1
2026-03-01T00:00:00Z,394.2,0,394.2,0,1
2026-03-01T01:00:00Z,392.9,0,392.9,0,1
2026-03-01T02:00:00Z,395.4,0,395.4,0,1
2026-03-01T03:00:00Z,-9999.9,9,395.4,1,1
2026-03-01T04:00:00Z,377.9,0,377.9,0,1
2026-03-01T05:00:00Z,389.5,0,389.5,0,1
2026-03-01T06:00:00Z,379.8,0,379.8,0,1
2026-03-01T07:00:00Z,381.9,0,381.9,0,1
2026-03-01T08:00:00Z,393.1,0,393.1,0,1
2026-03-01T09:00:00Z,-9999.9,9,393.1,1,1
2026-03-01T10:00:00Z,401.9,0,401.9,0,1
2026-03-01T11:00:00Z,405.1,0,405.1,0,1
2026-03-01T12:00:00Z,401.8,0,401.8,0,1
2026-03-01T13:00:00Z,400.7,0,400.7,0,1
2026-03-01T14:00:00Z,353.8,0,353.8,0,1
2026-03-01T15:00:00Z,-9999.9,9,353.8,1,1
2026-03-01T16:00:00Z,355.7,0,355.7,0,1
2026-03-01T17:00:00Z,359.6,0,359.6,0,1
2026-03-01T18:00:00Z,360.8,0,360.8,0,1
2026-03-01T19:00:00Z,360.8,0,360.8,0,1
2026-03-01T20:00:00Z,365.2,0,365.2,0,1
2026-03-01T21:00:00Z,360.6,0,360.6,0,1
2026-03-01T22:00:00Z,358.0,0,358.0,0,1
2026-03-01T23:00:00Z,350.9,0,350.9,0,1
2026-03-02T00:00:00Z,355.4,0,355.4,0,1
2026-03-02T01:00:00Z,-9999.9,9,355.4,1,1
2026-03-02T02:00:00Z,342.6,0,342.6,0,1
2026-03-02T03:00:00Z,-9999.9,9,342.6,1,1
2026-03-02T04:00:00Z,346.1,0,346.1,0,1
2026-03-02T05:00:00Z,342.2,0,342.2,0,1
2026-03-02T06:00:00Z,341.7,0,341.7,0,1
2026-03-02T07:00:00Z,342.4,0,342.4,0,1
2026-03-02T08:00:00Z,341.0,0,341.0,0,1
2026-03-02T09:00:00Z,339.0,0,339.0,0,1
2026-03-02T10:00:00Z,335.7,0,335.7,0,1
2026-03-02T11:00:00Z,340.5,0,340.5,0,1
2026-03-02T12:00:00Z,-9999.9,3,340.5,1,1
2026-03-02T13:00:00Z,331.8,0,331.8,0,1
2026-03-02T14:00:00Z,327.2,0,327.2,0,1
2026-03-02T15:00:00Z,-9999.9,9,327.2,1,1
2026-03-02T16:00:00Z,326.6,0,326.6,0,1
2026-03-02T17:00:00Z,323.9,0,323.9,0,1
2026-03-02T18:00:00Z,316.4,0,316.4,0,1
2026-03-02T19:00:00Z,320.4,0,320.4,0,1
2026-03-02T20:00:00Z,311.1,0,311.1,0,1
2026-03-02T21:00:00Z,315.7,0,315.7,0,1
2026-03-02T22:00:00Z,314.2,0,314.2,0,1
2026-03-02T23:00:00Z,338.3,0,338.3,0,1
2026-03-03T00:00:00Z,352.6,0,352.6,0,1
2026-03-03T01:00:00Z,356.9,0,356.9,0,1
2026-03-03T02:00:00Z,362.9,0,362.9,0,1
2026-03-03T03:00:00Z,-9999.9,9,362.9,1,1
2026-03-03T04:00:00Z,371.8,0,371.8,0,1
2026-03-03T05:00:00Z,378.1,0,378.1,0,1
2026-03-03T06:00:00Z,382.6,0,382.6,0,1
2026-03-03T07:00:00Z,390.5,0,390.5,0,1
2026-03-03T08:00:00Z,386.7,0,386.7,0,1
2026-03-03T09:00:00Z,-9999.9,9,386.7,1,1
2026-03-03T10:00:00Z,372.4,1,372.4,0,1
2026-03-03T11:00:00Z,386.8,0,386.8,0,1
2026-03-03T12:00:00Z,396.8,1,396.8,0,1
2026-03-03T13:00:00Z,391.6,0,391.6,0,1
2026-03-03T14:00:00Z,413.7,0,413.7,0,1
2026-03-03T15:00:00Z,-9999.9,9,413.7,1,1
2026-03-03T16:00:00Z,415.0,0,415.0,0,1
2026-03-03T17:00:00Z,405.7,0,405.7,0,1
2026-03-03T18:00:00Z,404.9,0,404.9,0,1
2026-03-03T19:00:00Z,416.0,0,416.0,0,1
2026-03-03T20:00:00Z,418.8,0,418.8,0,1
2026-03-03T21:00:00Z,422.4,0,422.4,0,1
2026-03-03T22:00:00Z,417.1,0,417.1,0,1
2026-03-03T23:00:00Z,424.2,0,424.2,0,1
2026-03-04T00:00:00Z,426.1,0,426.1,0,1
2026-03-04T01:00:00Z,411.5,0,411.5,0,1
2026-03-04T02:00:00Z,427.1,0,427.1,0,1
2026-03-04T03:00:00Z,-9999.9,9,427.1,1,1
2026-03-04T04:00:00Z,432.1,0,432.1,0,1
2026-03-04T05:00:00Z,421.1,0,421.1,0,1
2026-03-04T06:00:00Z,416.5,0,416.5,0,1
2026-03-04T07:00:00Z,426.5,0,426.5,0,1
2026-03-04T08:00:00Z,436.7,0,436.7,0,1
2026-03-04T09:00:00Z,421.2,0,421.2,0,1
2026-03-04T10:00:00Z,413.0,0,413.0,0,1
2026-03-04T11:00:00Z,407.8,0,407.8,0,1
2026-03-04T12:00:00Z,-9999.9,3,407.8,1,1
2026-03-04T13:00:00Z,423.4,0,423.4,0,1
2026-03-04T14:00:00Z,401.0,0,401.0,0,1
2026-03-04T15:00:00Z,-9999.9,9,401.0,1,1
2026-03-04T16:00:00Z,419.2,0,419.2,0,1
2026-03-04T17:00:00Z,413.7,1,413.7,0,1
2026-03-04T18:00:00Z,412.3,0,412.3,0,1
2026-03-04T19:00:00Z,418.6,0,418.6,0,1
2026-03-04T20:00:00Z,411.4,0,411.4,0,1
2026-03-04T21:00:00Z,423.6,0,423.6,0,1
2026-03-04T22:00:00Z,419.3,0,419.3,0,1
2026-03-04T23:00:00Z,421.9,0,421.9,0,1
2026-03-05T00:00:00Z,418.3,0,418.3,0,1
2026-03-05T01:00:00Z,411.8,0,411.8,0,1
2026-03-05T02:00:00Z,404.5,0,404.5,0,1
2026-03-05T03:00:00Z,-9999.9,9,404.5,1,1
2026-03-05T04:00:00Z,404.1,0,404.1,0,1
2026-03-05T05:00:00Z,410.9,0,410.9,0,1
2026-03-05T06:00:00Z,404.8,0,404.8,0,1
2026-03-05T07:00:00Z,402.9,0,402.9,0,1
2026-03-05T08:00:00Z,389.9,0,389.9,0,1
2026-03-05T09:00:00Z,-9999.9,9,389.9,1,1
2026-03-05T10:00:00Z,395.9,0,395.9,0,1
2026-03-05T11:00:00Z,389.1,0,389.1,0,1
2026-03-05T12:00:00Z,385.0,0,385.0,0,1
2026-03-05T13:00:00Z,383.2,0,383.2,0,1
2026-03-05T14:00:00Z,380.7,0,380.7,0,1
2026-03-05T15:00:00Z,-9999.9,9,380.7,1,1
2026-03-05T16:00:00Z,365.6,0,365.6,0,1
2026-03-05T17:00:00Z,368.1,0,368.1,0,1
2026-03-05T18:00:00Z,366.9,0,366.9,0,1
2026-03-05T19:00:00Z,360.2,0,360.2,0,1
2026-03-05T20:00:00Z,362.6,0,362.6,0,1
2026-03-05T21:00:00Z,360.2,0,360.2,0,1
2026-03-05T22:00:00Z,361.7,0,361.7,0,1
2026-03-05T23:00:00Z,359.6,0,359.6,0,1
2026-03-06T00:00:00Z,360.2,0,360.2,0,1
2026-03-06T01:00:00Z,351.9,0,351.9,0,1
2026-03-06T02:00:00Z,349.1,0,349.1,0,1
2026-03-06T03:00:00Z,-9999.9,9,349.1,1,1
2026-03-06T04:00:00Z,346.4,1,346.4,0,1
2026-03-06T05:00:00Z,365.1,0,365.1,0,1
2026-03-06T06:00:00Z,372.5,0,372.5,0,1
2026-03-06T07:00:00Z,373.1,0,373.1,0,1
2026-03-06T08:00:00Z,366.2,0,366.2,0,1
2026-03-06T09:00:00Z,364.1,0,364.1,0,1
2026-03-06T10:00:00Z,358.8,0,358.8,0,1
2026-03-06T11:00:00Z,356.1,0,356.1,0,1
2026-03-06T12:00:00Z,355.4,0,355.4,0,1
2026-03-06T13:00:00Z,346.7,0,346.7,0,1
2026-03-06T14:00:00Z,343.3,0,343.3,0,1
2026-03-06T15:00:00Z,-9999.9,9,343.3,1,1
2026-03-06T16:00:00Z,342.3,0,342.3,0,1
2026-03-06T17:00:00Z,340.6,0,340.6,0,1
2026-03-06T18:00:00Z,336.9,0,336.9,0,1
2026-03-06T19:00:00Z,338.3,0,338.3,0,1
2026-03-06T20:00:00Z,350.9,0,350.9,0,1
2026-03-06T21:00:00Z,-9999.9,9,350.9,1,1
2026-03-06T22:00:00Z,361.6,0,361.6,0,1
2026-03-06T23:00:00Z,385.8,0,385.8,0,1
2026-03-07T00:00:00Z,404.0,0,404.0,0,1
2026-03-07T01:00:00Z,413.3,1,413.3,0,1
2026-03-07T02:00:00Z,430.3,0,430.3,0,1
2026-03-07T03:00:00Z,-9999.9,9,430.3,1,1
2026-03-07T04:00:00Z,432.8,0,432.8,0,1
2026-03-07T05:00:00Z,424.8,0,424.8,0,1
2026-03-07T06:00:00Z,439.9,1,439.9,0,1
2026-03-07T07:00:00Z,441.6,0,441.6,0,1
2026-03-07T08:00:00Z,443.0,0,443.0,0,1
2026-03-07T09:00:00Z,-9999.9,9,443.0,1,1
2026-03-07T10:00:00Z,-9999.9,3,443.0,1,1
2026-03-07T11:00:00Z,439.2,0,439.2,0,1
2026-03-07T12:00:00Z,460.8,0,460.8,0,1
2026-03-07T13:00:00Z,464.6,0,464.6,0,1
2026-03-07T14:00:00Z,471.9,1,471.9,0,1
2026-03-07T15:00:00Z,-9999.9,9,471.9,1,1
2026-03-07T16:00:00Z,536.1,0,536.1,0,1
2026-03-07T17:00:00Z,576.0,0,576.0,0,1
2026-03-07T18:00:00Z,590.6,0,590.6,0,1
2026-03-07T19:00:00Z,629.8,0,629.8,0,1
2026-03-07T20:00:00Z,643.9,0,643.9,0,1
2026-03-07T21:00:00Z,637.7,0,637.7,0,1
2026-03-07T22:00:00Z,606.6,0,606.6,0,1
2026-03-07T23:00:00Z,613.0,0,613.0,0,1
2026-03-08T00:00:00Z,617.9,1,617.9,0,1
2026-03-08T01:00:00Z,592.0,0,592.0,0,1
2026-03-08T02:00:00Z,581.9,0,581.9,0,1
2026-03-08T03:00:00Z,-9999.9,9,581.9,1,1
2026-03-08T04:00:00Z,558.1,0,558.1,0,1
2026-03-08T05:00:00Z,557.5,0,557.5,0,1
2026-03-08T06:00:00Z,553.8,1,553.8,0,1
2026-03-08T07:00:00Z,550.0,1,550.0,0,1
2026-03-08T08:00:00Z,557.1,0,557.1,0,1
2026-03-08T09:00:00Z,-9999.9,9,557.1,1,1
2026-03-08T10:00:00Z,539.6,0,539.6,0,1
2026-03-08T11:00:00Z,536.5,0,536.5,0,1
2026-03-08T12:00:00Z,534.2,0,534.2,0,1
2026-03-08T13:00:00Z,535.5,0,535.5,0,1
2026-03-08T14:00:00Z,494.6,0,494.6,0,1
2026-03-08T15:00:00Z,-9999.9,9,494.6,1,1
2026-03-08T16:00:00Z,484.8,0,484.8,0,1
2026-03-08T17:00:00Z,476.2,1,476.2,0,1
2026-03-08T18:00:00Z,494.3,1,494.3,0,1
2026-03-08T19:00:00Z,501.4,1,501.4,0,1
2026-03-08T20:00:00Z,496.6,0,496.6,0,1
2026-03-08T21:00:00Z,521.6,0,521.6,0,1
2026-03-08T22:00:00Z,496.7,1,496.7,0,1
2026-03-08T23:00:00Z,488.0,0,488.0,0,1
2026-03-09T00:00:00Z,483.9,0,483.9,0,1
2026-03-09T01:00:00Z,484.7,0,484.7,0,1
2026-03-09T02:00:00Z,497.1,0,497.1,0,1
2026-03-09T03:00:00Z,-9999.9,9,497.1,1,1
2026-03-09T04:00:00Z,503.7,0,503.7,0,1
2026-03-09T05:00:00Z,491.5,0,491.5,0,1
2026-03-09T06:00:00Z,482.1,0,482.1,0,1
2026-03-09T07:00:00Z,487.3,0,487.3,0,1
2026-03-09T08:00:00Z,487.9,0,487.9,0,1
2026-03-09T09:00:00Z,483.2,0,483.2,0,1
2026-03-09T10:00:00Z,472.0,0,472.0,0,1
2026-03-09T11:00:00Z,470.1,0,470.1,0,1
2026-03-09T12:00:00Z,466.9,0,466.9,0,1
2026-03-09T13:00:00Z,458.5,0,458.5,0,1
2026-03-09T14:00:00Z,458.4,0,458.4,0,1
2026-03-09T15:00:00Z,-9999.9,9,458.4,1,1
2026-03-09T16:00:00Z,435.6,0,435.6,0,1
2026-03-09T17:00:00Z,444.9,0,444.9,0,1
2026-03-09T18:00:00Z,449.2,0,449.2,0,1
2026-03-09T19:00:00Z,450.9,0,450.9,0,1
2026-03-09T20:00:00Z,442.3,0,442.3,0,1
2026-03-09T21:00:00Z,-9999.9,9,442.3,1,1
2026-03-09T22:00:00Z,432.8,6,432.8,0,1
2026-03-09T23:00:00Z,-9999.9,9,432.8,1,1
2026-03-10T00:00:00Z,-9999.9,9,432.8,1,1
2026-03-10T01:00:00Z,435.0,0,435.0,0,1
2026-03-10T02:00:00Z,434.2,0,434.2,0,1
2026-03-10T03:00:00Z,-9999.9,9,434.2,1,1
2026-03-10T04:00:00Z,429.2,0,429.2,0,1
2026-03-10T05:00:00Z,426.8,0,426.8,0,1
2026-03-10T06:00:00Z,411.3,0,411.3,0,1
2026-03-10T07:00:00Z,423.5,0,423.5,0,1
2026-03-10T08:00:00Z,427.1,0,427.1,0,1
2026-03-10T09:00:00Z,-9999.9,9,427.1,1,1
2026-03-10T10:00:00Z,422.1,1,422.1,0,1
2026-03-10T11:00:00Z,431.8,0,431.8,0,1
2026-03-10T12:00:00Z,429.7,0,429.7,0,1
2026-03-10T13:00:00Z,438.3,0,438.3,0,1
2026-03-10T14:00:00Z,444.8,0,444.8,0,1
2026-03-10T15:00:00Z,-9999.9,9,444.8,1,1
2026-03-10T16:00:00Z,450.8,0,450.8,0,1
2026-03-10T17:00:00Z,445.8,0,445.8,0,1
2026-03-10T18:00:00Z,458.4,0,458.4,0,1
2026-03-10T19:00:00Z,477.9,1,477.9,0,1
2026-03-10T20:00:00Z,492.6,0,492.6,0,1
2026-03-10T21:00:00Z,-9999.9,1,492.6,1,1
2026-03-10T22:00:00Z,495.6,1,495.6,0,1
2026-03-10T23:00:00Z,503.6,1,503.6,0,1
2026-03-11T00:00:00Z,521.0,0,521.0,0,1
2026-03-11T01:00:00Z,521.0,1,521.0,0,1
2026-03-11T02:00:00Z,531.4,0,531.4,0,1
2026-03-11T03:00:00Z,-9999.9,9,531.4,1,1
2026-03-11T04:00:00Z,514.9,1,514.9,0,1
2026-03-11T05:00:00Z,516.2,0,516.2,0,1
2026-03-11T06:00:00Z,528.6,1,528.6,0,1
2026-03-11T07:00:00Z,507.7,1,507.7,0,1
2026-03-11T08:00:00Z,505.4,0,505.4,0,1
2026-03-11T09:00:00Z,-9999.9,0,505.4,1,1
2026-03-11T10:00:00Z,448.8,0,448.8,0,1
2026-03-11T11:00:00Z,440.8,0,440.8,0,1
2026-03-11T12:00:00Z,439.0,0,439.0,0,1
2026-03-11T13:00:00Z,429.7,0,429.7,0,1
2026-03-11T14:00:00Z,423.7,0,423.7,0,1
2026-03-11T15:00:00Z,-9999.9,9,423.7,1,1
2026-03-11T16:00:00Z,429.2,1,429.2,0,1
2026-03-11T17:00:00Z,446.1,0,446.1,0,1
2026-03-11T18:00:00Z,440.6,1,440.6,0,1
2026-03-11T19:00:00Z,439.4,0,439.4,0,1
2026-03-11T20:00:00Z,439.7,0,439.7,0,1
2026-03-11T21:00:00Z,-9999.9,0,439.7,1,1
2026-03-11T22:00:00Z,451.5,0,451.5,0,1
2026-03-11T23:00:00Z,446.9,0,446.9,0,1
2026-03-12T00:00:00Z,447.3,0,447.3,0,1
2026-03-12T01:00:00Z,447.3,0,447.3,0,1
2026-03-12T02:00:00Z,424.3,0,424.3,0,1
2026-03-12T03:00:00Z,-9999.9,9,424.3,1,1
2026-03-12T04:00:00Z,431.6,0,431.6,0,1
2026-03-12T05:00:00Z,446.1,0,446.1,0,1
2026-03-12T06:00:00Z,428.6,0,428.6,0,1
2026-03-12T07:00:00Z,438.4,0,438.4,0,1
2026-03-12T08:00:00Z,444.7,0,444.7,0,1
2026-03-12T09:00:00Z,-9999.9,9,444.7,1,1
2026-03-12T10:00:00Z,431.4,1,431.4,0,1
2026-03-12T11:00:00Z,423.7,0,423.7,0,1
2026-03-12T12:00:00Z,438.2,0,438.2,0,1
2026-03-12T13:00:00Z,446.9,0,446.9,0,1
2026-03-12T14:00:00Z,433.1,0,433.1,0,1
2026-03-12T15:00:00Z,-9999.9,9,433.1,1,1
2026-03-12T16:00:00Z,409.4,0,409.4,0,1
2026-03-12T17:00:00Z,431.3,0,431.3,0,1
2026-03-12T18:00:00Z,405.6,0,405.6,0,1
2026-03-12T19:00:00Z,426.6,0,426.6,0,1
2026-03-12T20:00:00Z,431.1,0,431.1,0,1
2026-03-12T21:00:00Z,-9999.9,9,431.1,1,1
2026-03-12T22:00:00Z,429.2,0,429.2,0,1
2026-03-12T23:00:00Z,393.4,0,393.4,0,1
2026-03-13T00:00:00Z,405.8,0,405.8,0,1
2026-03-13T01:00:00Z,401.6,0,401.6,0,1
2026-03-13T02:00:00Z,407.3,1,407.3,0,1
2026-03-13T03:00:00Z,-9999.9,9,407.3,1,1
2026-03-13T04:00:00Z,399.4,0,399.4,0,1
2026-03-13T05:00:00Z,400.6,0,400.6,0,1
2026-03-13T06:00:00Z,401.8,0,401.8,0,1
2026-03-13T07:00:00Z,405.8,0,405.8,0,1
2026-03-13T08:00:00Z,432.8,0,432.8,0,1
2026-03-13T09:00:00Z,-9999.9,9,432.8,1,1
2026-03-13T10:00:00Z,454.6,0,454.6,0,1
2026-03-13T11:00:00Z,467.5,1,467.5,0,1
2026-03-13T12:00:00Z,513.9,0,513.9,0,1
2026-03-13T13:00:00Z,554.7,0,554.7,0,1
2026-03-13T14:00:00Z,574.6,0,574.6,0,1
2026-03-13T15:00:00Z,-9999.9,9,574.6,1,1
2026-03-13T16:00:00Z,582.1,0,582.1,0,1
2026-03-13T17:00:00Z,595.5,0,595.5,0,1
2026-03-13T18:00:00Z,625.1,0,625.1,0,1
2026-03-13T19:00:00Z,643.5,0,643.5,0,1
2026-03-13T20:00:00Z,658.7,0,658.7,0,1
2026-03-13T21:00:00Z,-9999.9,1,658.7,1,1
2026-03-13T22:00:00Z,670.5,0,670.5,0,1
2026-03-13T23:00:00Z,666.2,1,666.2,0,1
2026-03-14T00:00:00Z,654.1,0,654.1,0,1
2026-03-14T01:00:00Z,647.8,0,647.8,0,1
2026-03-14T02:00:00Z,648.6,0,648.6,0,1
2026-03-14T03:00:00Z,-9999.9,9,648.6,1,1
2026-03-14T04:00:00Z,607.2,1,607.2,0,1
2026-03-14T05:00:00Z,666.3,0,666.3,0,1
2026-03-14T06:00:00Z,661.9,0,661.9,0,1
2026-03-14T07:00:00Z,656.1,0,656.1,0,1
2026-03-14T08:00:00Z,677.3,1,677.3,0,1
2026-03-14T09:00:00Z,-9999.9,9,677.3,1,1
2026-03-14T10:00:00Z,697.5,0,697.5,0,1
2026-03-14T11:00:00Z,674.9,0,674.9,0,1
2026-03-14T12:00:00Z,688.2,1,688.2,0,1
2026-03-14T13:00:00Z,682.5,0,682.5,0,1
2026-03-14T14:00:00Z,677.6,0,677.6,0,1
2026-03-14T15:00:00Z,-9999.9,9,677.6,1,1
2026-03-14T16:00:00Z,672.3,0,672.3,0,1
2026-03-14T17:00:00Z,667.3,0,667.3,0,1
2026-03-14T18:00:00Z,660.7,0,660.7,0,1
2026-03-14T19:00:00Z,668.2,1,668.2,0,1
2026-03-14T20:00:00Z,664.9,1,664.9,0,1
2026-03-14T21:00:00Z,-9999.9,0,664.9,1,1
2026-03-14T22:00:00Z,668.5,0,668.5,0,1
2026-03-14T23:00:00Z,681.1,0,681.1,0,1
2026-03-15T00:00:00Z,669.7,0,669.7,0,1
2026-03-15T01:00:00Z,659.7,0,659.7,0,1
2026-03-15T02:00:00Z,666.4,0,666.4,0,1
2026-03-15T03:00:00Z,-9999.9,9,666.4,1,1
2026-03-15T04:00:00Z,661.0,0,661.0,0,1
2026-03-15T05:00:00Z,655.1,0,655.1,0,1
2026-03-15T06:00:00Z,654.4,0,654.4,0,1
2026-03-15T07:00:00Z,654.4,0,654.4,0,1
2026-03-15T08:00:00Z,645.8,0,645.8,0,1
2026-03-15T09:00:00Z,-9999.9,9,645.8,1,1
2026-03-15T10:00:00Z,668.3,0,668.3,0,1
2026-03-15T11:00:00Z,655.8,0,655.8,0,1
2026-03-15T12:00:00Z,-9999.9,3,655.8,1,1
2026-03-15T13:00:00Z,635.7,0,635.7,0,1
2026-03-15T14:00:00Z,621.3,1,621.3,0,1
2026-03-15T15:00:00Z,632.4,0,632.4,0,1
2026-03-15T16:00:00Z,601.0,1,601.0,0,1
2026-03-15T17:00:00Z,633.0,0,633.0,0,1
2026-03-15T18:00:00Z,613.6,0,613.6,0,1
2026-03-15T19:00:00Z,600.1,0,600.1,0,1
2026-03-15T20:00:00Z,604.4,0,604.4,0,1
2026-03-15T21:00:00Z,-9999.9,0,604.4,1,1
2026-03-15T22:00:00Z,611.6,0,611.6,0,1
2026-03-15T23:00:00Z,607.7,0,607.7,0,1
2026-03-16T00:00:00Z,599.2,0,599.2,0,1
2026-03-16T01:00:00Z,587.5,1,587.5,0,1
2026-03-16T02:00:00Z,578.7,0,578.7,0,1
2026-03-16T03:00:00Z,-9999.9,9,578.7,1,1
2026-03-16T04:00:00Z,587.4,0,587.4,0,1
2026-03-16T05:00:00Z,551.1,1,551.1,0,1
2026-03-16T06:00:00Z,563.9,0,563.9,0,1
2026-03-16T07:00:00Z,563.1,0,563.1,0,1
2026-03-16T08:00:00Z,575.0,0,575.0,0,1
2026-03-16T09:00:00Z,-9999.9,0,575.0,1,1
2026-03-16T10:00:00Z,546.3,0,546.3,0,1
2026-03-16T11:00:00Z,550.0,0,550.0,0,1
2026-03-16T12:00:00Z,534.4,1,534.4,0,1
2026-03-16T13:00:00Z,534.0,1,534.0,0,1
2026-03-16T14:00:00Z,524.9,0,524.9,0,1
2026-03-16T15:00:00Z,520.0,0,520.0,0,1
2026-03-16T16:00:00Z,530.4,0,530.4,0,1
2026-03-16T17:00:00Z,512.3,0,512.3,0,1
2026-03-16T18:00:00Z,509.7,0,509.7,0,1
2026-03-16T19:00:00Z,512.4,0,512.4,0,1
2026-03-16T20:00:00Z,491.5,1,491.5,0,1
2026-03-16T21:00:00Z,-9999.9,0,491.5,1,1
2026-03-16T22:00:00Z,503.3,0,503.3,0,1
2026-03-16T23:00:00Z,489.1,1,489.1,0,1
2026-03-17T00:00:00Z,484.5,0,484.5,0,1
2026-03-17T01:00:00Z,497.3,0,497.3,0,1
2026-03-17T02:00:00Z,501.1,1,501.1,0,1
2026-03-17T03:00:00Z,-9999.9,9,501.1,1,1
2026-03-17T04:00:00Z,496.4,0,496.4,0,1
2026-03-17T05:00:00Z,488.9,0,488.9,0,1
2026-03-17T06:00:00Z,495.5,0,495.5,0,1
2026-03-17T07:00:00Z,479.4,0,479.4,0,1
2026-03-17T08:00:00Z,473.7,0,473.7,0,1
2026-03-17T09:00:00Z,-9999.9,9,473.7,1,1
2026-03-17T10:00:00Z,462.5,0,462.5,0,1
2026-03-17T11:00:00Z,470.7,0,470.7,0,1
2026-03-17T12:00:00Z,-9999.9,3,470.7,1,1
2026-03-17T13:00:00Z,450.8,0,450.8,0,1
2026-03-17T14:00:00Z,440.6,0,440.6,0,1
2026-03-17T15:00:00Z,440.7,0,440.7,0,1
2026-03-17T16:00:00Z,439.4,0,439.4,0,1
2026-03-17T17:00:00Z,421.4,1,421.4,0,1
2026-03-17T18:00:00Z,453.2,0,453.2,0,1
2026-03-17T19:00:00Z,446.2,0,446.2,0,1
2026-03-17T20:00:00Z,447.6,0,447.6,0,1
2026-03-17T21:00:00Z,-9999.9,0,447.6,1,1
2026-03-17T22:00:00Z,448.5,0,448.5,0,1
2026-03-17T23:00:00Z,443.3,0,443.3,0,1
2026-03-18T00:00:00Z,434.4,0,434.4,0,1
2026-03-18T01:00:00Z,433.3,0,433.3,0,1
2026-03-18T02:00:00Z,423.2,0,423.2,0,1
2026-03-18T03:00:00Z,-9999.9,9,423.2,1,1
2026-03-18T04:00:00Z,415.6,0,415.6,0,1
2026-03-18T05:00:00Z,420.6,0,420.6,0,1
2026-03-18T06:00:00Z,414.9,0,414.9,0,1
2026-03-18T07:00:00Z,404.2,0,404.2,0,1
2026-03-18T08:00:00Z,410.8,0,410.8,0,1
2026-03-18T09:00:00Z,-9999.9,9,410.8,1,1
2026-03-18T10:00:00Z,397.6,0,397.6,0,1
2026-03-18T11:00:00Z,392.9,0,392.9,0,1
2026-03-18T12:00:00Z,406.9,0,406.9,0,1
2026-03-18T13:00:00Z,395.5,0,395.5,0,1
2026-03-18T14:00:00Z,391.5,0,391.5,0,1
2026-03-18T15:00:00Z,-9999.9,9,391.5,1,1
2026-03-18T16:00:00Z,416.6,0,416.6,0,1
2026-03-18T17:00:00Z,408.2,0,408.2,0,1
2026-03-18T18:00:00Z,406.0,0,406.0,0,1
2026-03-18T19:00:00Z,404.3,0,404.3,0,1
2026-03-18T20:00:00Z,392.0,0,392.0,0,1
2026-03-18T21:00:00Z,-9999.9,0,392.0,1,1
2026-03-18T22:00:00Z,390.5,0,390.5,0,1
2026-03-18T23:00:00Z,385.1,0,385.1,0,1
2026-03-19T00:00:00Z,373.8,0,373.8,0,1
2026-03-19T01:00:00Z,364.8,0,364.8,0,1
2026-03-19T02:00:00Z,384.8,0,384.8,0,1
2026-03-19T03:00:00Z,-9999.9,9,384.8,1,1
2026-03-19T04:00:00Z,391.8,0,391.8,0,1
2026-03-19T05:00:00Z,395.5,0,395.5,0,1
2026-03-19T06:00:00Z,368.9,0,368.9,0,1
2026-03-19T07:00:00Z,357.7,0,357.7,0,1
2026-03-19T08:00:00Z,360.3,0,360.3,0,1
2026-03-19T09:00:00Z,-9999.9,0,360.3,1,1
2026-03-19T10:00:00Z,358.1,0,358.1,0,1
2026-03-19T11:00:00Z,356.4,0,356.4,0,1
2026-03-19T12:00:00Z,353.7,0,353.7,0,1
2026-03-19T13:00:00Z,352.7,0,352.7,0,1
2026-03-19T14:00:00Z,343.6,0,343.6,0,1
2026-03-19T15:00:00Z,341.2,0,341.2,0,1
2026-03-19T16:00:00Z,335.7,0,335.7,0,1
2026-03-19T17:00:00Z,335.6,0,335.6,0,1
2026-03-19T18:00:00Z,331.8,0,331.8,0,1
2026-03-19T19:00:00Z,361.1,0,361.1,0,1
2026-03-19T20:00:00Z,354.0,0,354.0,0,1
2026-03-19T21:00:00Z,-9999.9,0,354.0,1,1
2026-03-19T22:00:00Z,344.7,0,344.7,0,1
2026-03-19T23:00:00Z,333.9,0,333.9,0,1
2026-03-20T00:00:00Z,331.5,0,331.5,0,1
2026-03-20T01:00:00Z,369.1,0,369.1,0,1
2026-03-20T02:00:00Z,371.7,0,371.7,0,1
2026-03-20T03:00:00Z,-9999.9,9,371.7,1,1
2026-03-20T04:00:00Z,431.3,0,431.3,0,1
2026-03-20T05:00:00Z,436.0,0,436.0,0,1
2026-03-20T06:00:00Z,434.7,0,434.7,0,1
2026-03-20T07:00:00Z,435.4,0,435.4,0,1
2026-03-20T08:00:00Z,435.3,0,435.3,0,1
2026-03-20T09:00:00Z,-9999.9,9,435.3,1,1
2026-03-20T10:00:00Z,448.2,0,448.2,0,1
2026-03-20T11:00:00Z,461.7,0,461.7,0,1
2026-03-20T12:00:00Z,458.4,1,458.4,0,1
2026-03-20T13:00:00Z,493.0,0,493.0,0,1
2026-03-20T14:00:00Z,463.8,0,463.8,0,1
2026-03-20T15:00:00Z,-9999.9,9,463.8,1,1
2026-03-20T16:00:00Z,471.3,0,471.3,0,1
2026-03-20T17:00:00Z,467.6,0,467.6,0,1
2026-03-20T18:00:00Z,465.9,0,465.9,0,1
2026-03-20T19:00:00Z,462.9,0,462.9,0,1
2026-03-20T20:00:00Z,506.3,0,506.3,0,1
2026-03-20T21:00:00Z,-9999.9,9,506.3,1,1
2026-03-20T22:00:00Z,493.7,0,493.7,0,1
2026-03-20T23:00:00Z,509.2,0,509.2,0,1
2026-03-21T00:00:00Z,485.8,1,485.8,0,1
2026-03-21T01:00:00Z,510.8,0,510.8,0,1
2026-03-21T02:00:00Z,510.3,0,510.3,0,1
2026-03-21T03:00:00Z,-9999.9,9,510.3,1,1
2026-03-21T04:00:00Z,486.6,0,486.6,0,1
2026-03-21T05:00:00Z,474.1,1,474.1,0,1
2026-03-21T06:00:00Z,489.5,0,489.5,0,1
2026-03-21T07:00:00Z,469.1,0,469.1,0,1
2026-03-21T08:00:00Z,474.1,0,474.1,0,1
2026-03-21T09:00:00Z,-9999.9,0,474.1,1,1
2026-03-21T10:00:00Z,471.6,0,471.6,0,1
2026-03-21T11:00:00Z,483.9,0,483.9,0,1
2026-03-21T12:00:00Z,496.1,1,496.1,0,1
2026-03-21T13:00:00Z,514.7,0,514.7,0,1
2026-03-21T14:00:00Z,483.6,0,483.6,0,1
2026-03-21T15:00:00Z,501.8,0,501.8,0,1
2026-03-21T16:00:00Z,501.7,0,501.7,0,1
2026-03-21T17:00:00Z,486.8,0,486.8,0,1
2026-03-21T18:00:00Z,459.0,1,459.0,0,1
2026-03-21T19:00:00Z,492.8,0,492.8,0,1
2026-03-21T20:00:00Z,515.5,0,515.5,0,1
2026-03-21T21:00:00Z,-9999.9,9,515.5,1,1
2026-03-21T22:00:00Z,500.8,0,500.8,0,1
2026-03-21T23:00:00Z,504.2,0,504.2,0,1
2026-03-22T00:00:00Z,522.4,1,522.4,0,1
2026-03-22T01:00:00Z,528.8,0,528.8,0,1
2026-03-22T02:00:00Z,538.1,0,538.1,0,1
2026-03-22T03:00:00Z,-9999.9,9,538.1,1,1
2026-03-22T04:00:00Z,579.1,0,579.1,0,1
2026-03-22T05:00:00Z,544.0,0,544.0,0,1
2026-03-22T06:00:00Z,549.8,0,549.8,0,1
2026-03-22T07:00:00Z,559.2,0,559.2,0,1
2026-03-22T08:00:00Z,575.0,0,575.0,0,1
2026-03-22T09:00:00Z,-9999.9,9,575.0,1,1
2026-03-22T10:00:00Z,616.0,1,616.0,0,1
2026-03-22T11:00:00Z,611.1,0,611.1,0,1
2026-03-22T12:00:00Z,614.8,0,614.8,0,1
2026-03-22T13:00:00Z,603.7,1,603.7,0,1
2026-03-22T14:00:00Z,589.2,1,589.2,0,1
2026-03-22T15:00:00Z,-9999.9,9,589.2,1,1
2026-03-22T16:00:00Z,593.0,0,593.0,0,1
2026-03-22T17:00:00Z,596.2,0,596.2,0,1
2026-03-22T18:00:00Z,593.3,0,593.3,0,1
2026-03-22T19:00:00Z,618.8,0,618.8,0,1
2026-03-22T20:00:00Z,663.8,0,663.8,0,1
2026-03-22T21:00:00Z,-9999.9,1,663.8,1,1
2026-03-22T22:00:00Z,666.8,0,666.8,0,1
2026-03-22T23:00:00Z,675.4,0,675.4,0,1
2026-03-23T00:00:00Z,661.3,0,661.3,0,1
2026-03-23T01:00:00Z,665.0,0,665.0,0,1
2026-03-23T02:00:00Z,660.1,0,660.1,0,1
2026-03-23T03:00:00Z,-9999.9,9,660.1,1,1
2026-03-23T04:00:00Z,670.7,0,670.7,0,1
2026-03-23T05:00:00Z,666.9,0,666.9,0,1
2026-03-23T06:00:00Z,681.7,0,681.7,0,1
2026-03-23T07:00:00Z,675.9,0,675.9,0,1
2026-03-23T08:00:00Z,672.0,1,672.0,0,1
2026-03-23T09:00:00Z,-9999.9,0,672.0,1,1
2026-03-23T10:00:00Z,677.0,0,677.0,0,1
2026-03-23T11:00:00Z,640.2,0,640.2,0,1
2026-03-23T12:00:00Z,639.7,0,639.7,0,1
2026-03-23T13:00:00Z,642.5,0,642.5,0,1
2026-03-23T14:00:00Z,620.0,0,620.0,0,1
2026-03-23T15:00:00Z,-9999.9,9,620.0,1,1
2026-03-23T16:00:00Z,655.5,0,655.5,0,1
2026-03-23T17:00:00Z,643.7,0,643.7,0,1
2026-03-23T18:00:00Z,642.0,0,642.0,0,1
2026-03-23T19:00:00Z,628.4,1,628.4,0,1
2026-03-23T20:00:00Z,635.9,0,635.9,0,1
2026-03-23T21:00:00Z,-9999.9,0,635.9,1,1
2026-03-23T22:00:00Z,634.5,0,634.5,0,1
2026-03-23T23:00:00Z,618.7,0,618.7,0,1
2026-03-24T00:00:00Z,624.8,0,624.8,0,1
2026-03-24T01:00:00Z,633.5,0,633.5,0,1
2026-03-24T02:00:00Z,620.6,0,620.6,0,1
2026-03-24T03:00:00Z,-9999.9,9,620.6,1,1
2026-03-24T04:00:00Z,612.0,1,612.0,0,1
2026-03-24T05:00:00Z,599.8,0,599.8,0,1
2026-03-24T06:00:00Z,601.3,0,601.3,0,1
2026-03-24T07:00:00Z,584.6,0,584.6,0,1
2026-03-24T08:00:00Z,573.5,1,573.5,0,1
2026-03-24T09:00:00Z,-9999.9,9,573.5,1,1
2026-03-24T10:00:00Z,591.1,0,591.1,0,1
2026-03-24T11:00:00Z,-9999.9,3,591.1,1,1
2026-03-24T12:00:00Z,590.0,0,590.0,0,1
2026-03-24T13:00:00Z,591.9,0,591.9,0,1
2026-03-24T14:00:00Z,585.4,0,585.4,0,1
2026-03-24T15:00:00Z,574.0,0,574.0,0,1
2026-03-24T16:00:00Z,571.5,0,571.5,0,1
2026-03-24T17:00:00Z,571.5,0,571.5,0,1
2026-03-24T18:00:00Z,558.4,0,558.4,0,1
2026-03-24T19:00:00Z,555.6,0,555.6,0,1
2026-03-24T20:00:00Z,539.7,0,539.7,0,1
2026-03-24T21:00:00Z,-9999.9,0,539.7,1,1
2026-03-24T22:00:00Z,530.9,1,530.9,0,1
2026-03-24T23:00:00Z,549.4,0,549.4,0,1
2026-03-25T00:00:00Z,557.7,0,557.7,0,1
2026-03-25T01:00:00Z,-9999.9,0,557.7,1,1
2026-03-25T02:00:00Z,523.9,0,523.9,0,1
2026-03-25T03:00:00Z,-9999.9,9,523.9,1,1
2026-03-25T04:00:00Z,528.4,0,528.4,0,1
2026-03-25T05:00:00Z,-9999.9,9,528.4,1,1
2026-03-25T06:00:00Z,-9999.9,9,528.4,1,1
2026-03-25T07:00:00Z,586.6,0,586.6,0,1
2026-03-25T08:00:00Z,585.1,0,585.1,0,1
2026-03-25T09:00:00Z,-9999.9,9,585.1,1,1
2026-03-25T10:00:00Z,577.6,0,577.6,0,1
2026-03-25T11:00:00Z,577.8,0,577.8,0,1
2026-03-25T12:00:00Z,549.9,0,549.9,0,1
2026-03-25T13:00:00Z,595.8,0,595.8,0,1
2026-03-25T14:00:00Z,570.5,0,570.5,0,1
2026-03-25T15:00:00Z,531.7,0,531.7,0,1
2026-03-25T16:00:00Z,531.1,0,531.1,0,1
2026-03-25T17:00:00Z,528.6,0,528.6,0,1
2026-03-25T18:00:00Z,487.3,0,487.3,0,1
2026-03-25T19:00:00Z,497.2,1,497.2,0,1
2026-03-25T20:00:00Z,478.3,0,478.3,0,1
2026-03-25T21:00:00Z,454.1,0,454.1,0,1
2026-03-25T22:00:00Z,453.6,0,453.6,0,1
2026-03-25T23:00:00Z,465.3,0,465.3,0,1
2026-03-26T00:00:00Z,469.2,0,469.2,0,1
2026-03-26T01:00:00Z,470.8,0,470.8,0,1
2026-03-26T02:00:00Z,480.0,0,480.0,0,1
2026-03-26T03:00:00Z,-9999.9,9,480.0,1,1
2026-03-26T04:00:00Z,459.6,0,459.6,0,1
2026-03-26T05:00:00Z,-9999.9,9,459.6,1,1
2026-03-26T06:00:00Z,443.4,0,443.4,0,1
2026-03-26T07:00:00Z,435.3,1,435.3,0,1
2026-03-26T08:00:00Z,437.5,0,437.5,0,1
2026-03-26T09:00:00Z,-9999.9,9,437.5,1,1
2026-03-26T10:00:00Z,467.7,0,467.7,0,1
2026-03-26T11:00:00Z,-9999.9,9,467.7,1,1
2026-03-26T12:00:00Z,465.1,0,465.1,0,1
2026-03-26T13:00:00Z,-9999.9,9,465.1,1,1
2026-03-26T14:00:00Z,438.6,0,438.6,0,1
2026-03-26T15:00:00Z,449.6,1,449.6,0,1
2026-03-26T16:00:00Z,461.7,6,461.7,0,1
2026-03-26T17:00:00Z,474.5,0,474.5,0,1
2026-03-26T18:00:00Z,493.1,0,493.1,0,1
2026-03-26T19:00:00Z,492.7,1,492.7,0,1
2026-03-26T20:00:00Z,481.5,1,481.5,0,1
2026-03-26T21:00:00Z,488.6,0,488.6,0,1
2026-03-26T22:00:00Z,456.0,0,456.0,0,1
2026-03-26T23:00:00Z,462.0,0,462.0,0,1
2026-03-27T00:00:00Z,458.9,0,458.9,0,1
2026-03-27T01:00:00Z,472.1,0,472.1,0,1
2026-03-27T02:00:00Z,472.7,0,472.7,0,1
2026-03-27T03:00:00Z,-9999.9,9,472.7,1,1
2026-03-27T04:00:00Z,426.3,0,426.3,0,1
2026-03-27T05:00:00Z,433.5,1,433.5,0,1
2026-03-27T06:00:00Z,448.5,1,448.5,0,1
2026-03-27T07:00:00Z,441.5,0,441.5,0,1
2026-03-27T08:00:00Z,428.7,0,428.7,0,1
2026-03-27T09:00:00Z,-9999.9,9,428.7,1,1
2026-03-27T10:00:00Z,-9999.9,9,428.7,1,1
2026-03-27T11:00:00Z,406.6,0,406.6,0,1
2026-03-27T12:00:00Z,420.9,0,420.9,0,1
2026-03-27T13:00:00Z,408.1,0,408.1,0,1
2026-03-27T14:00:00Z,-9999.9,9,408.1,1,1
2026-03-27T15:00:00Z,396.4,0,396.4,0,1
2026-03-27T16:00:00Z,406.2,0,406.2,0,1
2026-03-27T17:00:00Z,387.9,0,387.9,0,1
2026-03-27T18:00:00Z,390.1,0,390.1,0,1
2026-03-27T19:00:00Z,-9999.9,9,390.1,1,1
2026-03-27T20:00:00Z,403.9,0,403.9,0,1
2026-03-27T21:00:00Z,407.7,0,407.7,0,1
2026-03-27T22:00:00Z,386.6,0,386.6,0,1
2026-03-27T23:00:00Z,388.4,0,388.4,0,1
2026-03-28T00:00:00Z,388.1,0,388.1,0,1
2026-03-28T01:00:00Z,375.2,0,375.2,0,1
2026-03-28T02:00:00Z,378.8,0,378.8,0,1
2026-03-28T03:00:00Z,-9999.9,9,378.8,1,1
2026-03-28T04:00:00Z,382.3,0,382.3,0,1
2026-03-28T05:00:00Z,374.8,0,374.8,0,1
2026-03-28T06:00:00Z,383.5,0,383.5,0,1
2026-03-28T07:00:00Z,383.0,0,383.0,0,1
2026-03-28T08:00:00Z,376.5,0,376.5,0,1
2026-03-28T09:00:00Z,-9999.9,9,376.5,1,1
2026-03-28T10:00:00Z,-9999.9,9,376.5,1,1
2026-03-28T11:00:00Z,388.8,0,388.8,0,1
2026-03-28T12:00:00Z,-9999.9,9,388.8,1,1
2026-03-28T13:00:00Z,368.8,0,368.8,0,1
2026-03-28T14:00:00Z,352.6,0,352.6,0,1
2026-03-28T15:00:00Z,351.0,0,351.0,0,1
2026-03-28T16:00:00Z,348.8,0,348.8,0,1
2026-03-28T17:00:00Z,-9999.9,9,348.8,1,1
2026-03-28T18:00:00Z,372.4,0,372.4,0,1
2026-03-28T19:00:00Z,368.4,0,368.4,0,1
2026-03-28T20:00:00Z,365.1,0,365.1,0,1
2026-03-28T21:00:00Z,364.3,0,364.3,0,1
2026-03-28T22:00:00Z,356.2,0,356.2,0,1
2026-03-28T23:00:00Z,352.3,0,352.3,0,1
2026-03-29T00:00:00Z,354.5,0,354.5,0,1
2026-03-29T01:00:00Z,346.2,0,346.2,0,1
2026-03-29T02:00:00Z,358.7,0,358.7,0,1
2026-03-29T03:00:00Z,-9999.9,9,358.7,1,1
2026-03-29T04:00:00Z,338.2,0,338.2,0,1
2026-03-29T05:00:00Z,342.0,0,342.0,0,1
2026-03-29T06:00:00Z,340.6,0,340.6,0,1
2026-03-29T07:00:00Z,338.9,0,338.9,0,1
2026-03-29T08:00:00Z,350.5,0,350.5,0,1
2026-03-29T09:00:00Z,347.4,0,347.4,0,1
2026-03-29T10:00:00Z,-9999.9,9,347.4,1,1
2026-03-29T11:00:00Z,379.2,0,379.2,0,1
2026-03-29T12:00:00Z,368.3,0,368.3,0,1
2026-03-29T13:00:00Z,366.4,0,366.4,0,1
2026-03-29T14:00:00Z,392.8,0,392.8,0,1
2026-03-29T15:00:00Z,-9999.9,9,392.8,1,1
2026-03-29T16:00:00Z,-9999.9,9,392.8,1,1
2026-03-29T17:00:00Z,414.5,0,414.5,0,1
2026-03-29T18:00:00Z,423.8,1,423.8,0,1
2026-03-29T19:00:00Z,423.4,1,423.4,0,1
2026-03-29T20:00:00Z,419.3,0,419.3,0,1
2026-03-29T21:00:00Z,427.6,1,427.6,0,1
2026-03-29T22:00:00Z,432.8,0,432.8,0,1
2026-03-29T23:00:00Z,445.7,0,445.7,0,1
2026-03-30T00:00:00Z,443.5,1,443.5,0,1
2026-03-30T01:00:00Z,451.1,0,451.1,0,1
2026-03-30T02:00:00Z,455.7,0,455.7,0,1
2026-03-30T03:00:00Z,-9999.9,9,455.7,1,1
2026-03-30T04:00:00Z,470.5,0,470.5,0,1
2026-03-30T05:00:00Z,491.6,0,491.6,0,1
2026-03-30T06:00:00Z,454.8,0,454.8,0,1
2026-03-30T07:00:00Z,439.8,1,439.8,0,1
2026-03-30T08:00:00Z,463.9,0,463.9,0,1
2026-03-30T09:00:00Z,450.9,0,450.9,0,1
2026-03-30T10:00:00Z,-9999.9,9,450.9,1,1
2026-03-30T11:00:00Z,447.7,0,447.7,0,1
2026-03-30T12:00:00Z,457.1,0,457.1,0,1
2026-03-30T13:00:00Z,427.5,1,427.5,0,1
2026-03-30T14:00:00Z,436.4,0,436.4,0,1
2026-03-30T15:00:00Z,-9999.9,9,436.4,1,1
2026-03-30T16:00:00Z,457.2,6,457.2,0,1
2026-03-30T17:00:00Z,446.0,0,446.0,0,1
2026-03-30T18:00:00Z,-9999.9,9,446.0,1,1
2026-03-30T19:00:00Z,426.9,1,426.9,0,1
2026-03-30T20:00:00Z,444.6,0,444.6,0,1
2026-03-30T21:00:00Z,429.6,1,429.6,0,1
2026-03-30T22:00:00Z,453.2,0,453.2,0,1
2026-03-30T23:00:00Z,454.6,0,454.6,0,1
2026-03-31T00:00:00Z,451.7,0,451.7,0,1
2026-03-31T01:00:00Z,451.9,0,451.9,0,1
2026-03-31T02:00:00Z,441.5,0,441.5,0,1
2026-03-31T03:00:00Z,-9999.9,9,441.5,1,1
2026-03-31T04:00:00Z,435.1,0,435.1,0,1
2026-03-31T05:00:00Z,436.8,0,436.8,0,1
2026-03-31T06:00:00Z,421.6,0,421.6,0,1
2026-03-31T07:00:00Z,435.4,0,435.4,0,1
2026-03-31T08:00:00Z,433.9,0,433.9,0,1
2026-03-31T09:00:00Z,437.9,0,437.9,0,1
2026-03-31T10:00:00Z,-9999.9,9,437.9,1,1
2026-03-31T11:00:00Z,416.9,1,416.9,0,1
2026-03-31T12:00:00Z,406.8,0,406.8,0,1
2026-03-31T13:00:00Z,405.2,0,405.2,0,1
2026-03-31T14:00:00Z,409.2,0,409.2,0,1
2026-03-31T15:00:00Z,-9999.9,9,409.2,1,1
2026-03-31T16:00:00Z,-9999.9,9,409.2,1,1
2026-03-31T17:00:00Z,411.4,0,411.4,0,1
2026-03-31T18:00:00Z,404.9,0,404.9,0,1
2026-03-31T19:00:00Z,395.4,0,395.4,0,1
2026-03-31T20:00:00Z,414.7,0,414.7,0,1
2026-03-31T21:00:00Z,-9999.9,9,414.7,1,1
2026-03-31T22:00:00Z,396.2,0,396.2,0,1
2026-03-31T23:00:00Z,399.7,0,399.7,0,1
2026-04-01T00:00:00Z,389.3,0,389.3,0,1
2026-04-01T01:00:00Z,377.4,0,377.4,0,1
2026-04-01T02:00:00Z,390.3,0,390.3,0,1
2026-04-01T03:00:00Z,-9999.9,9,390.3,1,1
2026-04-01T04:00:00Z,369.9,0,369.9,0,1
2026-04-01T05:00:00Z,369.4,0,369.4,0,1
2026-04-01T06:00:00Z,385.1,0,385.1,0,1
2026-04-01T07:00:00Z,366.0,0,366.0,0,1
2026-04-01T08:00:00Z,375.7,0,375.7,0,1
2026-04-01T09:00:00Z,381.1,0,381.1,0,1
2026-04-01T10:00:00Z,-9999.9,9,381.1,1,1
2026-04-01T11:00:00Z,449.3,0,449.3,0,1
2026-04-01T12:00:00Z,466.6,0,466.6,0,1
2026-04-01T13:00:00Z,427.1,1,427.1,0,1
2026-04-01T14:00:00Z,438.1,0,438.1,0,1
2026-04-01T15:00:00Z,-9999.9,9,438.1,1,1
2026-04-01T16:00:00Z,-9999.9,9,438.1,1,1
2026-04-01T17:00:00Z,433.7,0,433.7,0,1
2026-04-01T18:00:00Z,414.1,1,414.1,0,1
2026-04-01T19:00:00Z,410.2,0,410.2,0,1
2026-04-01T20:00:00Z,404.2,0,404.2,0,1
2026-04-01T21:00:00Z,410.8,0,410.8,0,1
2026-04-01T22:00:00Z,420.4,0,420.4,0,1
2026-04-01T23:00:00Z,426.4,0,426.4,0,1
2026-04-02T00:00:00Z,420.8,0,420.8,0,1
2026-04-02T01:00:00Z,435.5,0,435.5,0,1
2026-04-02T02:00:00Z,451.8,0,451.8,0,1
2026-04-02T03:00:00Z,-9999.9,9,451.8,1,1
2026-04-02T04:00:00Z,495.2,0,495.2,0,1
2026-04-02T05:00:00Z,528.2,0,528.2,0,1
2026-04-02T06:00:00Z,532.3,1,532.3,0,1
2026-04-02T07:00:00Z,576.1,0,576.1,0,1
2026-04-02T08:00:00Z,600.8,1,600.8,0,1
2026-04-02T09:00:00Z,-9999.9,9,600.8,1,1
2026-04-02T10:00:00Z,-9999.9,9,600.8,1,1
2026-04-02T11:00:00Z,574.0,0,574.0,0,1
2026-04-02T12:00:00Z,606.9,0,606.9,0,1
2026-04-02T13:00:00Z,612.3,0,612.3,0,1
2026-04-02T14:00:00Z,625.0,0,625.0,0,1
2026-04-02T15:00:00Z,-9999.9,9,625.0,1,1
2026-04-02T16:00:00Z,-9999.9,9,625.0,1,1
2026-04-02T17:00:00Z,681.1,0,681.1,0,1
2026-04-02T18:00:00Z,684.4,0,684.4,0,1
2026-04-02T19:00:00Z,684.6,1,684.6,0,1
2026-04-02T20:00:00Z,678.0,0,678.0,0,1
2026-04-02T21:00:00Z,-9999.9,9,678.0,1,1
2026-04-02T22:00:00Z,659.5,0,659.5,0,1
2026-04-02T23:00:00Z,655.9,0,655.9,0,1
2026-04-03T00:00:00Z,667.6,1,667.6,0,1
2026-04-03T01:00:00Z,645.2,0,645.2,0,1
2026-04-03T02:00:00Z,658.5,0,658.5,0,1
2026-04-03T03:00:00Z,-9999.9,9,658.5,1,1
2026-04-03T04:00:00Z,639.0,0,639.0,0,1
2026-04-03T05:00:00Z,649.1,0,649.1,0,1
2026-04-03T06:00:00Z,662.5,0,662.5,0,1
2026-04-03T07:00:00Z,647.8,0,647.8,0,1
2026-04-03T08:00:00Z,-9999.9,9,647.8,1,1
2026-04-03T09:00:00Z,-9999.9,9,647.8,1,1
2026-04-03T10:00:00Z,665.2,0,665.2,0,1
2026-04-03T11:00:00Z,-9999.9,9,665.2,1,1
2026-04-03T12:00:00Z,623.3,0,623.3,0,1
2026-04-03T13:00:00Z,612.2,1,612.2,0,1
2026-04-03T14:00:00Z,-9999.9,9,612.2,1,1
2026-04-03T15:00:00Z,787.8,0,787.8,0,1
2026-04-03T16:00:00Z,771.3,1,771.3,0,1
2026-04-03T17:00:00Z,772.4,0,772.4,0,1
2026-04-03T18:00:00Z,695.3,0,695.3,0,1
2026-04-03T19:00:00Z,718.1,0,718.1,0,1
2026-04-03T20:00:00Z,716.1,0,716.1,0,1
2026-04-03T21:00:00Z,666.8,0,666.8,0,1
2026-04-03T22:00:00Z,686.4,0,686.4,0,1
2026-04-03T23:00:00Z,675.5,0,675.5,0,1
2026-04-04T00:00:00Z,648.0,0,648.0,0,1
2026-04-04T01:00:00Z,651.6,0,651.6,0,1
2026-04-04T02:00:00Z,634.1,0,634.1,0,1
2026-04-04T03:00:00Z,-9999.9,9,634.1,1,1
2026-04-04T04:00:00Z,652.0,0,652.0,0,1
2026-04-04T05:00:00Z,647.0,0,647.0,0,1
2026-04-04T06:00:00Z,622.7,0,622.7,0,1
2026-04-04T07:00:00Z,621.4,1,621.4,0,1
2026-04-04T08:00:00Z,628.8,0,628.8,0,1
2026-04-04T09:00:00Z,629.9,0,629.9,0,1
2026-04-04T10:00:00Z,616.2,0,616.2,0,1
2026-04-04T11:00:00Z,-9999.9,9,616.2,1,1
2026-04-04T12:00:00Z,-9999.9,9,616.2,1,1
2026-04-04T13:00:00Z,600.7,0,600.7,0,1
2026-04-04T14:00:00Z,631.9,0,631.9,0,1
2026-04-04T15:00:00Z,595.4,0,595.4,0,1
2026-04-04T16:00:00Z,-9999.9,9,595.4,1,1
2026-04-04T17:00:00Z,592.9,0,592.9,0,1
2026-04-04T18:00:00Z,592.2,0,592.2,0,1
2026-04-04T19:00:00Z,584.2,0,584.2,0,1
2026-04-04T20:00:00Z,584.7,0,584.7,0,1
2026-04-04T21:00:00Z,576.4,0,576.4,0,1
2026-04-04T22:00:00Z,577.4,0,577.4,0,1
2026-04-04T23:00:00Z,582.8,0,582.8,0,1
2026-04-05T00:00:00Z,584.8,0,584.8,0,1
2026-04-05T01:00:00Z,576.0,0,576.0,0,1
2026-04-05T02:00:00Z,553.9,1,553.9,0,1
2026-04-05T03:00:00Z,-9999.9,9,553.9,1,1
2026-04-05T04:00:00Z,539.5,1,539.5,0,1
2026-04-05T05:00:00Z,-9999.9,9,539.5,1,1
2026-04-05T06:00:00Z,560.6,0,560.6,0,1
2026-04-05T07:00:00Z,550.6,1,550.6,0,1
2026-04-05T08:00:00Z,563.5,0,563.5,0,1
2026-04-05T09:00:00Z,-9999.9,9,563.5,1,1
2026-04-05T10:00:00Z,541.0,0,541.0,0,1
2026-04-05T11:00:00Z,509.8,0,509.8,0,1
2026-04-05T12:00:00Z,520.7,0,520.7,0,1
2026-04-05T13:00:00Z,530.9,0,530.9,0,1
2026-04-05T14:00:00Z,554.5,0,554.5,0,1
2026-04-05T15:00:00Z,-9999.9,9,554.5,1,1
2026-04-05T16:00:00Z,525.8,0,525.8,0,1
2026-04-05T17:00:00Z,528.3,0,528.3,0,1
2026-04-05T18:00:00Z,557.3,0,557.3,0,1
2026-04-05T19:00:00Z,-9999.9,9,557.3,1,1
2026-04-05T20:00:00Z,553.8,0,553.8,0,1
2026-04-05T21:00:00Z,-9999.9,9,553.8,1,1
2026-04-05T22:00:00Z,534.9,0,534.9,0,1
2026-04-05T23:00:00Z,520.8,0,520.8,0,1
2026-04-06T00:00:00Z,543.8,0,543.8,0,1
2026-04-06T01:00:00Z,527.5,0,527.5,0,1
2026-04-06T02:00:00Z,525.6,0,525.6,0,1
2026-04-06T03:00:00Z,-9999.9,9,525.6,1,1
2026-04-06T04:00:00Z,549.1,0,549.1,0,1
2026-04-06T05:00:00Z,538.2,0,538.2,0,1
2026-04-06T06:00:00Z,518.8,0,518.8,0,1
2026-04-06T07:00:00Z,539.2,0,539.2,0,1
2026-04-06T08:00:00Z,520.0,0,520.0,0,1
2026-04-06T09:00:00Z,-9999.9,9,520.0,1,1
2026-04-06T10:00:00Z,513.5,0,513.5,0,1
2026-04-06T11:00:00Z,544.4,1,544.4,0,1
2026-04-06T12:00:00Z,521.2,0,521.2,0,1
2026-04-06T13:00:00Z,546.8,0,546.8,0,1
2026-04-06T14:00:00Z,545.8,0,545.8,0,1
2026-04-06T15:00:00Z,-9999.9,9,545.8,1,1
2026-04-06T16:00:00Z,515.0,0,515.0,0,1
2026-04-06T17:00:00Z,526.1,0,526.1,0,1
2026-04-06T18:00:00Z,549.2,0,549.2,0,1
2026-04-06T19:00:00Z,535.2,0,535.2,0,1
2026-04-06T20:00:00Z,514.8,0,514.8,0,1
2026-04-06T21:00:00Z,508.0,1,508.0,0,1
2026-04-06T22:00:00Z,502.3,0,502.3,0,1
2026-04-06T23:00:00Z,512.4,0,512.4,0,1
2026-04-07T00:00:00Z,489.1,0,489.1,0,1
2026-04-07T01:00:00Z,488.6,0,488.6,0,1
2026-04-07T02:00:00Z,496.9,0,496.9,0,1
2026-04-07T03:00:00Z,-9999.9,9,496.9,1,1
2026-04-07T04:00:00Z,475.4,0,475.4,0,1
2026-04-07T05:00:00Z,493.4,0,493.4,0,1
2026-04-07T06:00:00Z,-9999.9,9,493.4,1,1
2026-04-07T07:00:00Z,481.5,0,481.5,0,1
2026-04-07T08:00:00Z,469.3,0,469.3,0,1
2026-04-07T09:00:00Z,457.5,0,457.5,0,1
2026-04-07T10:00:00Z,-9999.9,9,457.5,1,1
2026-04-07T11:00:00Z,453.1,0,453.1,0,1
2026-04-07T12:00:00Z,-9999.9,9,453.1,1,1
2026-04-07T13:00:00Z,-9999.9,9,453.1,1,1
2026-04-07T14:00:00Z,-9999.9,9,453.1,1,1
2026-04-07T15:00:00Z,431.1,0,431.1,0,1
2026-04-07T16:00:00Z,435.1,0,435.1,0,1
2026-04-07T17:00:00Z,419.7,0,419.7,0,1
2026-04-07T18:00:00Z,402.7,0,402.7,0,1
2026-04-07T19:00:00Z,418.3,1,418.3,0,1
2026-04-07T20:00:00Z,428.2,0,428.2,0,1
2026-04-07T21:00:00Z,-9999.9,9,428.2,1,1
2026-04-07T22:00:00Z,397.7,1,397.7,0,1
2026-04-07T23:00:00Z,405.0,0,405.0,0,1
2026-04-08T00:00:00Z,383.0,1,383.0,0,1
2026-04-08T01:00:00Z,389.8,1,389.8,0,1
2026-04-08T02:00:00Z,399.3,1,399.3,0,1
2026-04-08T03:00:00Z,-9999.9,9,399.3,1,1
2026-04-08T04:00:00Z,386.0,0,386.0,0,1
2026-04-08T05:00:00Z,384.6,0,384.6,0,1
2026-04-08T06:00:00Z,-9999.9,9,384.6,1,1
2026-04-08T07:00:00Z,397.3,1,397.3,0,1
2026-04-08T08:00:00Z,416.8,0,416.8,0,1
2026-04-08T09:00:00Z,-9999.9,9,416.8,1,1
2026-04-08T10:00:00Z,-9999.9,9,416.8,1,1
2026-04-08T11:00:00Z,404.1,0,404.1,0,1
2026-04-08T12:00:00Z,-9999.9,9,404.1,1,1
2026-04-08T13:00:00Z,401.8,0,401.8,0,1
2026-04-08T14:00:00Z,-9999.9,9,401.8,1,1
2026-04-08T15:00:00Z,390.2,0,390.2,0,1
2026-04-08T16:00:00Z,391.3,0,391.3,0,1
2026-04-08T17:00:00Z,-9999.9,9,391.3,1,1
2026-04-08T18:00:00Z,388.6,0,388.6,0,1
2026-04-08T19:00:00Z,384.7,1,384.7,0,1
2026-04-08T20:00:00Z,378.5,0,378.5,0,1
2026-04-08T21:00:00Z,-9999.9,9,378.5,1,1
2026-04-08T22:00:00Z,372.0,0,372.0,0,1
2026-04-08T23:00:00Z,375.2,1,375.2,0,1
2026-04-09T00:00:00Z,378.8,1,378.8,0,1
2026-04-09T01:00:00Z,372.6,0,372.6,0,1
2026-04-09T02:00:00Z,381.8,0,381.8,0,1
2026-04-09T03:00:00Z,-9999.9,9,381.8,1,1
2026-04-09T04:00:00Z,388.5,0,388.5,0,1
2026-04-09T05:00:00Z,383.2,0,383.2,0,1
2026-04-09T06:00:00Z,380.9,0,380.9,0,1
2026-04-09T07:00:00Z,376.9,0,376.9,0,1
2026-04-09T08:00:00Z,373.4,0,373.4,0,1
2026-04-09T09:00:00Z,-9999.9,9,373.4,1,1
2026-04-09T10:00:00Z,-9999.9,9,373.4,1,1
2026-04-09T11:00:00Z,396.7,0,396.7,0,1
2026-04-09T12:00:00Z,376.6,0,376.6,0,1
2026-04-09T13:00:00Z,378.4,0,378.4,0,1
2026-04-09T14:00:00Z,364.6,0,364.6,0,1
2026-04-09T15:00:00Z,-9999.9,9,364.6,1,1
2026-04-09T16:00:00Z,362.5,0,362.5,0,1
2026-04-09T17:00:00Z,365.9,0,365.9,0,1
2026-04-09T18:00:00Z,-9999.9,9,365.9,1,1
2026-04-09T19:00:00Z,357.3,1,357.3,0,1
2026-04-09T20:00:00Z,357.9,0,357.9,0,1
2026-04-09T21:00:00Z,-9999.9,9,357.9,1,1
2026-04-09T22:00:00Z,370.1,0,370.1,0,1
2026-04-09T23:00:00Z,377.0,0,377.0,0,1
2026-04-10T00:00:00Z,362.8,1,362.8,0,1
2026-04-10T01:00:00Z,374.2,0,374.2,0,1
2026-04-10T02:00:00Z,405.0,0,405.0,0,1
2026-04-10T03:00:00Z,-9999.9,9,405.0,1,1
2026-04-10T04:00:00Z,402.5,0,402.5,0,1
2026-04-10T05:00:00Z,404.7,0,404.7,0,1
2026-04-10T06:00:00Z,412.3,0,412.3,0,1
2026-04-10T07:00:00Z,437.5,0,437.5,0,1
2026-04-10T08:00:00Z,424.5,0,424.5,0,1
2026-04-10T09:00:00Z,448.2,0,448.2,0,1
2026-04-10T10:00:00Z,-9999.9,9,448.2,1,1
2026-04-10T11:00:00Z,484.2,0,484.2,0,1
2026-04-10T12:00:00Z,471.9,1,471.9,0,1
2026-04-10T13:00:00Z,488.3,0,488.3,0,1
2026-04-10T14:00:00Z,547.0,0,547.0,0,1
2026-04-10T15:00:00Z,-9999.9,9,547.0,1,1
2026-04-10T16:00:00Z,-9999.9,9,547.0,1,1
2026-04-10T17:00:00Z,582.6,0,582.6,0,1
2026-04-10T18:00:00Z,599.9,1,599.9,0,1
2026-04-10T19:00:00Z,593.6,0,593.6,0,1
2026-04-10T20:00:00Z,622.4,0,622.4,0,1
2026-04-10T21:00:00Z,559.5,0,559.5,0,1
2026-04-10T22:00:00Z,582.2,1,582.2,0,1
2026-04-10T23:00:00Z,576.8,0,576.8,0,1
2026-04-11T00:00:00Z,-9999.9,9,576.8,1,1
2026-04-11T01:00:00Z,584.9,0,584.9,0,1
2026-04-11T02:00:00Z,576.3,1,576.3,0,1
2026-04-11T03:00:00Z,-9999.9,9,576.3,1,1
2026-04-11T04:00:00Z,571.6,0,571.6,0,1
2026-04-11T05:00:00Z,499.5,0,499.5,0,1
2026-04-11T06:00:00Z,533.6,0,533.6,0,1
2026-04-11T07:00:00Z,536.4,1,536.4,0,1
2026-04-11T08:00:00Z,529.7,0,529.7,0,1
2026-04-11T09:00:00Z,494.9,0,494.9,0,1
2026-04-11T10:00:00Z,-9999.9,9,494.9,1,1
2026-04-11T11:00:00Z,534.5,0,534.5,0,1
2026-04-11T12:00:00Z,582.4,0,582.4,0,1
2026-04-11T13:00:00Z,562.6,0,562.6,0,1
2026-04-11T14:00:00Z,566.9,0,566.9,0,1
2026-04-11T15:00:00Z,-9999.9,9,566.9,1,1
2026-04-11T16:00:00Z,-9999.9,9,566.9,1,1
2026-04-11T17:00:00Z,558.2,0,558.2,0,1
2026-04-11T18:00:00Z,605.9,0,605.9,0,1
2026-04-11T19:00:00Z,563.9,0,563.9,0,1
2026-04-11T20:00:00Z,568.3,0,568.3,0,1
2026-04-11T21:00:00Z,556.7,0,556.7,0,1
2026-04-11T22:00:00Z,544.1,1,544.1,0,1
2026-04-11T23:00:00Z,568.5,0,568.5,0,1
2026-04-12T00:00:00Z,553.5,0,553.5,0,1
2026-04-12T01:00:00Z,541.6,1,541.6,0,1
2026-04-12T02:00:00Z,570.9,0,570.9,0,1
2026-04-12T03:00:00Z,-9999.9,9,570.9,1,1
2026-04-12T04:00:00Z,530.3,0,530.3,0,1
2026-04-12T05:00:00Z,531.7,0,531.7,0,1
2026-04-12T06:00:00Z,512.2,0,512.2,0,1
2026-04-12T07:00:00Z,534.1,0,534.1,0,1
2026-04-12T08:00:00Z,514.4,0,514.4,0,1
2026-04-12T09:00:00Z,-9999.9,9,514.4,1,1
2026-04-12T10:00:00Z,491.9,0,491.9,0,1
2026-04-12T11:00:00Z,-9999.9,9,491.9,1,1
2026-04-12T12:00:00Z,494.4,1,494.4,0,1
2026-04-12T13:00:00Z,486.8,0,486.8,0,1
2026-04-12T14:00:00Z,-9999.9,9,486.8,1,1
2026-04-12T15:00:00Z,499.1,1,499.1,0,1
2026-04-12T16:00:00Z,493.4,0,493.4,0,1
2026-04-12T17:00:00Z,498.9,0,498.9,0,1
2026-04-12T18:00:00Z,491.8,0,491.8,0,1
2026-04-12T19:00:00Z,468.8,0,468.8,0,1
2026-04-12T20:00:00Z,457.4,0,457.4,0,1
2026-04-12T21:00:00Z,-9999.9,9,457.4,1,1
2026-04-12T22:00:00Z,479.1,0,479.1,0,1
2026-04-12T23:00:00Z,474.0,0,474.0,0,1
2026-04-13T00:00:00Z,451.9,0,451.9,0,1
2026-04-13T01:00:00Z,478.5,0,478.5,0,1
2026-04-13T02:00:00Z,450.7,0,450.7,0,1
2026-04-13T03:00:00Z,-9999.9,9,450.7,1,1
2026-04-13T04:00:00Z,432.1,1,432.1,0,1
2026-04-13T05:00:00Z,-9999.9,9,432.1,1,1
2026-04-13T06:00:00Z,-9999.9,9,432.1,1,1
2026-04-13T07:00:00Z,434.7,0,434.7,0,1
2026-04-13T08:00:00Z,429.1,0,429.1,0,1
2026-04-13T09:00:00Z,430.3,1,430.3,0,1
2026-04-13T10:00:00Z,-9999.9,9,430.3,1,1
2026-04-13T11:00:00Z,413.7,0,413.7,0,1
2026-04-13T12:00:00Z,456.6,0,456.6,0,1
2026-04-13T13:00:00Z,459.9,0,459.9,0,1
2026-04-13T14:00:00Z,-9999.9,9,459.9,1,1
2026-04-13T15:00:00Z,-9999.9,9,459.9,1,1
2026-04-13T16:00:00Z,434.9,1,434.9,0,1
2026-04-13T17:00:00Z,414.1,0,414.1,0,1
2026-04-13T18:00:00Z,402.9,0,402.9,0,1
2026-04-13T19:00:00Z,413.9,0,413.9,0,1
2026-04-13T20:00:00Z,401.6,0,401.6,0,1
2026-04-13T21:00:00Z,399.1,0,399.1,0,1
2026-04-13T22:00:00Z,400.6,1,400.6,0,1
2026-04-13T23:00:00Z,390.3,0,390.3,0,1
2026-04-14T00:00:00Z,393.8,1,393.8,0,1
2026-04-14T01:00:00Z,397.2,1,397.2,0,1
2026-04-14T02:00:00Z,396.7,0,396.7,0,1
2026-04-14T03:00:00Z,-9999.9,9,396.7,1,1
2026-04-14T04:00:00Z,395.6,0,395.6,0,1
2026-04-14T05:00:00Z,-9999.9,9,395.6,1,1
2026-04-14T06:00:00Z,-9999.9,9,395.6,1,1
2026-04-14T07:00:00Z,-9999.9,3,395.6,1,1
2026-04-14T08:00:00Z,371.6,0,371.6,0,1
2026-04-14T09:00:00Z,373.3,0,373.3,0,1
2026-04-14T10:00:00Z,-9999.9,9,373.3,1,1
2026-04-14T11:00:00Z,380.9,0,380.9,0,1
2026-04-14T12:00:00Z,359.0,0,359.0,0,1
2026-04-14T13:00:00Z,379.3,0,379.3,0,1
2026-04-14T14:00:00Z,361.9,0,361.9,0,1
2026-04-14T15:00:00Z,-9999.9,9,361.9,1,1
2026-04-14T16:00:00Z,-9999.9,9,361.9,1,1
2026-04-14T17:00:00Z,363.1,0,363.1,0,1
2026-04-14T18:00:00Z,361.0,0,361.0,0,1
2026-04-14T19:00:00Z,356.0,0,356.0,0,1
2026-04-14T20:00:00Z,363.8,0,363.8,0,1
2026-04-14T21:00:00Z,-9999.9,9,363.8,1,1
2026-04-14T22:00:00Z,372.8,0,372.8,0,1
2026-04-14T23:00:00Z,357.4,0,357.4,0,1
2026-04-15T00:00:00Z,360.5,0,360.5,0,1
2026-04-15T01:00:00Z,372.6,0,372.6,0,1
2026-04-15T02:00:00Z,368.6,0,368.6,0,1
2026-04-15T03:00:00Z,-9999.9,9,368.6,1,1
2026-04-15T04:00:00Z,368.1,0,368.1,0,1
2026-04-15T05:00:00Z,-9999.9,9,368.1,1,1
2026-04-15T06:00:00Z,-9999.9,9,368.1,1,1
2026-04-15T07:00:00Z,346.6,0,346.6,0,1
2026-04-15T08:00:00Z,347.9,0,347.9,0,1
2026-04-15T09:00:00Z,344.9,0,344.9,0,1
2026-04-15T10:00:00Z,-9999.9,9,344.9,1,1
2026-04-15T11:00:00Z,342.9,0,342.9,0,1
2026-04-15T12:00:00Z,343.2,0,343.2,0,1
2026-04-15T13:00:00Z,348.1,0,348.1,0,1
2026-04-15T14:00:00Z,-9999.9,9,348.1,1,1
2026-04-15T15:00:00Z,-9999.9,9,348.1,1,1
2026-04-15T16:00:00Z,-9999.9,9,348.1,1,1
2026-04-15T17:00:00Z,-9999.9,9,348.1,1,1
2026-04-15T18:00:00Z,340.9,1,340.9,0,1
2026-04-15T19:00:00Z,339.2,0,339.2,0,1
2026-04-15T20:00:00Z,350.0,0,350.0,0,1
2026-04-15T21:00:00Z,-9999.9,9,350.0,1,1
2026-04-15T22:00:00Z,328.9,0,328.9,0,1
2026-04-15T23:00:00Z,335.9,0,335.9,0,1
2026-04-16T00:00:00Z,336.8,0,336.8,0,1
2026-04-16T01:00:00Z,332.3,0,332.3,0,1
2026-04-16T02:00:00Z,334.5,1,334.5,0,1
2026-04-16T03:00:00Z,-9999.9,9,334.5,1,1
2026-04-16T04:00:00Z,317.8,0,317.8,0,1
2026-04-16T05:00:00Z,311.9,0,311.9,0,1
2026-04-16T06:00:00Z,327.8,0,327.8,0,1
2026-04-16T07:00:00Z,332.9,0,332.9,0,1
2026-04-16T08:00:00Z,329.7,0,329.7,0,1
2026-04-16T09:00:00Z,-9999.9,9,329.7,1,1
2026-04-16T10:00:00Z,-9999.9,9,329.7,1,1
2026-04-16T11:00:00Z,313.6,0,313.6,0,1
2026-04-16T12:00:00Z,306.1,0,306.1,0,1
2026-04-16T13:00:00Z,331.3,1,331.3,0,1
2026-04-16T14:00:00Z,302.5,0,302.5,0,1
2026-04-16T15:00:00Z,-9999.9,9,302.5,1,1
2026-04-16T16:00:00Z,-9999.9,9,302.5,1,1
2026-04-16T17:00:00Z,324.6,0,324.6,0,1
2026-04-16T18:00:00Z,331.0,0,331.0,0,1
2026-04-16T19:00:00Z,331.5,1,331.5,0,1
2026-04-16T20:00:00Z,331.7,0,331.7,0,1
2026-04-16T21:00:00Z,323.5,0,323.5,0,1
2026-04-16T22:00:00Z,318.9,0,318.9,0,1
2026-04-16T23:00:00Z,317.5,0,317.5,0,1
2026-04-17T00:00:00Z,304.6,0,304.6,0,1
2026-04-17T01:00:00Z,300.6,0,300.6,0,1
2026-04-17T02:00:00Z,295.5,0,295.5,0,1
2026-04-17T03:00:00Z,-9999.9,9,295.5,1,1
2026-04-17T04:00:00Z,297.4,0,297.4,0,1
2026-04-17T05:00:00Z,309.9,0,309.9,0,1
2026-04-17T06:00:00Z,296.7,0,296.7,0,1
2026-04-17T07:00:00Z,293.0,0,293.0,0,1
2026-04-17T08:00:00Z,309.4,0,309.4,0,1
2026-04-17T09:00:00Z,-9999.9,9,309.4,1,1
2026-04-17T10:00:00Z,-9999.9,9,309.4,1,1
2026-04-17T11:00:00Z,307.6,0,307.6,0,1
2026-04-17T12:00:00Z,333.2,0,333.2,0,1
2026-04-17T13:00:00Z,340.2,0,340.2,0,1
2026-04-17T14:00:00Z,344.8,0,344.8,0,1
2026-04-17T15:00:00Z,-9999.9,9,344.8,1,1
2026-04-17T16:00:00Z,-9999.9,9,344.8,1,1
2026-04-17T17:00:00Z,-9999.9,9,344.8,1,1
2026-04-17T18:00:00Z,344.0,0,344.0,0,1
2026-04-17T19:00:00Z,335.3,0,335.3,0,1
2026-04-17T20:00:00Z,327.7,0,327.7,0,1
2026-04-17T21:00:00Z,-9999.9,9,327.7,1,1
2026-04-17T22:00:00Z,347.2,0,347.2,0,1
2026-04-17T23:00:00Z,370.0,0,370.0,0,1
2026-04-18T00:00:00Z,-9999.9,9,370.0,1,1
2026-04-18T01:00:00Z,396.4,1,396.4,0,1
2026-04-18T02:00:00Z,395.0,0,395.0,0,1
2026-04-18T03:00:00Z,-9999.9,9,395.0,1,1
2026-04-18T04:00:00Z,467.4,0,467.4,0,1
2026-04-18T05:00:00Z,501.3,0,501.3,0,1
2026-04-18T06:00:00Z,-9999.9,9,501.3,1,1
2026-04-18T07:00:00Z,-9999.9,9,501.3,1,1
2026-04-18T08:00:00Z,-9999.9,9,501.3,1,1
2026-04-18T09:00:00Z,-9999.9,9,501.3,1,1
2026-04-18T10:00:00Z,492.6,1,492.6,0,1
2026-04-18T11:00:00Z,503.8,1,503.8,0,1
2026-04-18T12:00:00Z,472.3,0,472.3,0,1
2026-04-18T13:00:00Z,-9999.9,9,472.3,1,1
2026-04-18T14:00:00Z,487.9,0,487.9,0,1
2026-04-18T15:00:00Z,486.9,1,486.9,0,1
2026-04-18T16:00:00Z,509.8,0,509.8,0,1
2026-04-18T17:00:00Z,544.5,0,544.5,0,1
2026-04-18T18:00:00Z,562.6,0,562.6,0,1
2026-04-18T19:00:00Z,565.5,0,565.5,0,1
2026-04-18T20:00:00Z,509.0,0,509.0,0,1
2026-04-18T21:00:00Z,483.8,0,483.8,0,1
2026-04-18T22:00:00Z,455.7,0,455.7,0,1
2026-04-18T23:00:00Z,454.7,0,454.7,0,1
2026-04-19T00:00:00Z,-9999.9,9,454.7,1,1
2026-04-19T01:00:00Z,490.4,0,490.4,0,1
2026-04-19T02:00:00Z,469.5,0,469.5,0,1
2026-04-19T03:00:00Z,-9999.9,9,469.5,1,1
2026-04-19T04:00:00Z,477.5,0,477.5,0,1
2026-04-19T05:00:00Z,491.1,0,491.1,0,1
2026-04-19T06:00:00Z,486.3,0,486.3,0,1
2026-04-19T07:00:00Z,509.8,0,509.8,0,1
2026-04-19T08:00:00Z,508.1,0,508.1,0,1
2026-04-19T09:00:00Z,496.6,1,496.6,0,1
2026-04-19T10:00:00Z,-9999.9,9,496.6,1,1
2026-04-19T11:00:00Z,490.0,0,490.0,0,1
2026-04-19T12:00:00Z,511.4,0,511.4,0,1
2026-04-19T13:00:00Z,-9999.9,9,511.4,1,1
2026-04-19T14:00:00Z,-9999.9,9,511.4,1,1
2026-04-19T15:00:00Z,-9999.9,9,511.4,1,1
2026-04-19T16:00:00Z,-9999.9,9,511.4,1,1
2026-04-19T17:00:00Z,496.9,0,496.9,0,1
2026-04-19T18:00:00Z,515.7,0,515.7,0,1
2026-04-19T19:00:00Z,490.2,0,490.2,0,1
2026-04-19T20:00:00Z,474.5,0,474.5,0,1
2026-04-19T21:00:00Z,463.5,0,463.5,0,1
2026-04-19T22:00:00Z,449.3,0,449.3,0,1
2026-04-19T23:00:00Z,447.9,0,447.9,0,1
2026-04-20T00:00:00Z,421.7,0,421.7,0,1
2026-04-20T01:00:00Z,415.0,0,415.0,0,1
2026-04-20T02:00:00Z,416.2,0,416.2,0,1
2026-04-20T03:00:00Z,-9999.9,9,416.2,1,1
2026-04-20T04:00:00Z,416.1,0,416.1,0,1
2026-04-20T05:00:00Z,419.8,0,419.8,0,1
2026-04-20T06:00:00Z,431.4,0,431.4,0,1
2026-04-20T07:00:00Z,419.4,0,419.4,0,1
2026-04-20T08:00:00Z,482.5,0,482.5,0,1
2026-04-20T09:00:00Z,-9999.9,9,482.5,1,1
2026-04-20T10:00:00Z,506.9,1,506.9,0,1
2026-04-20T11:00:00Z,493.6,1,493.6,0,1
2026-04-20T12:00:00Z,494.1,0,494.1,0,1
2026-04-20T13:00:00Z,531.8,1,531.8,0,1
2026-04-20T14:00:00Z,546.1,0,546.1,0,1
2026-04-20T15:00:00Z,-9999.9,9,546.1,1,1
2026-04-20T16:00:00Z,553.9,0,553.9,0,1
2026-04-20T17:00:00Z,559.9,0,559.9,0,1
2026-04-20T18:00:00Z,518.5,0,518.5,0,1
2026-04-20T19:00:00Z,502.5,0,502.5,0,1
2026-04-20T20:00:00Z,516.7,0,516.7,0,1
2026-04-20T21:00:00Z,498.3,1,498.3,0,1
2026-04-20T22:00:00Z,547.1,0,547.1,0,1
2026-04-20T23:00:00Z,478.0,1,478.0,0,1
2026-04-21T00:00:00Z,446.4,0,446.4,0,1
2026-04-21T01:00:00Z,480.3,0,480.3,0,1
2026-04-21T02:00:00Z,472.6,0,472.6,0,1
2026-04-21T03:00:00Z,-9999.9,9,472.6,1,1
2026-04-21T04:00:00Z,512.6,0,512.6,0,1
2026-04-21T05:00:00Z,513.8,0,513.8,0,1
2026-04-21T06:00:00Z,515.4,0,515.4,0,1
2026-04-21T07:00:00Z,531.3,0,531.3,0,1
2026-04-21T08:00:00Z,523.0,0,523.0,0,1
2026-04-21T09:00:00Z,-9999.9,9,523.0,1,1
2026-04-21T10:00:00Z,-9999.9,9,523.0,1,1
2026-04-21T11:00:00Z,530.8,0,530.8,0,1
2026-04-21T12:00:00Z,524.5,0,524.5,0,1
2026-04-21T13:00:00Z,530.5,0,530.5,0,1
2026-04-21T14:00:00Z,-9999.9,9,530.5,1,1
2026-04-21T15:00:00Z,519.7,0,519.7,0,1
2026-04-21T16:00:00Z,546.6,0,546.6,0,1
2026-04-21T17:00:00Z,526.5,0,526.5,0,1
2026-04-21T18:00:00Z,535.4,0,535.4,0,1
2026-04-21T19:00:00Z,512.5,0,512.5,0,1
2026-04-21T20:00:00Z,511.7,1,511.7,0,1
2026-04-21T21:00:00Z,494.0,0,494.0,0,1
2026-04-21T22:00:00Z,508.7,0,508.7,0,1
2026-04-21T23:00:00Z,511.8,0,511.8,0,1
2026-04-22T00:00:00Z,516.3,0,516.3,0,1
2026-04-22T01:00:00Z,512.8,0,512.8,0,1
2026-04-22T02:00:00Z,504.1,0,504.1,0,1
2026-04-22T03:00:00Z,513.1,0,513.1,0,1
2026-04-22T04:00:00Z,503.5,0,503.5,0,1
2026-04-22T05:00:00Z,508.7,0,508.7,0,1
2026-04-22T06:00:00Z,510.2,0,510.2,0,1
2026-04-22T07:00:00Z,494.3,1,494.3,0,1
2026-04-22T08:00:00Z,498.8,0,498.8,0,1
2026-04-22T09:00:00Z,-9999.9,9,498.8,1,1
2026-04-22T10:00:00Z,-9999.9,9,498.8,1,1
2026-04-22T11:00:00Z,500.2,0,500.2,0,1
2026-04-22T12:00:00Z,483.4,1,483.4,0,1
2026-04-22T13:00:00Z,499.5,0,499.5,0,1
2026-04-22T14:00:00Z,502.4,1,502.4,0,1
2026-04-22T15:00:00Z,-9999.9,9,502.4,1,1
2026-04-22T16:00:00Z,-9999.9,9,502.4,1,1
2026-04-22T17:00:00Z,-9999.9,9,502.4,1,1
2026-04-22T18:00:00Z,468.9,0,468.9,0,1
2026-04-22T19:00:00Z,467.6,1,467.6,0,1
2026-04-22T20:00:00Z,472.8,0,472.8,0,1
2026-04-22T21:00:00Z,463.9,0,463.9,0,1
2026-04-22T22:00:00Z,454.4,0,454.4,0,1
2026-04-22T23:00:00Z,471.1,0,471.1,0,1
2026-04-23T00:00:00Z,455.9,1,455.9,0,1
2026-04-23T01:00:00Z,459.0,0,459.0,0,1
2026-04-23T02:00:00Z,462.9,0,462.9,0,1
2026-04-23T03:00:00Z,470.5,0,470.5,0,1
2026-04-23T04:00:00Z,448.9,0,448.9,0,1
2026-04-23T05:00:00Z,449.7,0,449.7,0,1
2026-04-23T06:00:00Z,448.1,0,448.1,0,1
2026-04-23T07:00:00Z,445.3,0,445.3,0,1
2026-04-23T08:00:00Z,450.1,0,450.1,0,1
2026-04-23T09:00:00Z,-9999.9,9,450.1,1,1
2026-04-23T10:00:00Z,-9999.9,9,450.1,1,1
2026-04-23T11:00:00Z,441.4,0,441.4,0,1
2026-04-23T12:00:00Z,435.5,0,435.5,0,1
2026-04-23T13:00:00Z,440.6,0,440.6,0,1
2026-04-23T14:00:00Z,-9999.9,9,440.6,1,1
2026-04-23T15:00:00Z,-9999.9,9,440.6,1,1
2026-04-23T16:00:00Z,437.5,0,437.5,0,1
2026-04-23T17:00:00Z,447.5,1,447.5,0,1
2026-04-23T18:00:00Z,-9999.9,9,447.5,1,1
2026-04-23T19:00:00Z,440.0,1,440.0,0,1
2026-04-23T20:00:00Z,431.0,0,431.0,0,1
2026-04-23T21:00:00Z,422.3,1,422.3,0,1
2026-04-23T22:00:00Z,422.7,1,422.7,0,1
2026-04-23T23:00:00Z,421.5,1,421.5,0,1
2026-04-24T00:00:00Z,405.3,0,405.3,0,1
2026-04-24T01:00:00Z,406.2,1,406.2,0,1
2026-04-24T02:00:00Z,393.0,0,393.0,0,1
2026-04-24T03:00:00Z,400.4,0,400.4,0,1
2026-04-24T04:00:00Z,-9999.9,9,400.4,1,1
2026-04-24T05:00:00Z,379.6,0,379.6,0,1
2026-04-24T06:00:00Z,404.5,0,404.5,0,1
2026-04-24T07:00:00Z,393.1,0,393.1,0,1
2026-04-24T08:00:00Z,394.9,0,394.9,0,1
2026-04-24T09:00:00Z,-9999.9,9,394.9,1,1
2026-04-24T10:00:00Z,386.2,0,386.2,0,1
2026-04-24T11:00:00Z,385.5,0,385.5,0,1
2026-04-24T12:00:00Z,386.2,0,386.2,0,1
2026-04-24T13:00:00Z,376.6,0,376.6,0,1
2026-04-24T14:00:00Z,368.1,0,368.1,0,1
2026-04-24T15:00:00Z,-9999.9,9,368.1,1,1
2026-04-24T16:00:00Z,-9999.9,9,368.1,1,1
2026-04-24T17:00:00Z,-9999.9,9,368.1,1,1
2026-04-24T18:00:00Z,-9999.9,9,368.1,1,1
2026-04-24T19:00:00Z,390.6,0,390.6,0,1
2026-04-24T20:00:00Z,388.6,0,388.6,0,1
2026-04-24T21:00:00Z,391.8,0,391.8,0,1
2026-04-24T22:00:00Z,386.9,0,386.9,0,1
2026-04-24T23:00:00Z,410.7,0,410.7,0,1
2026-04-25T00:00:00Z,416.3,0,416.3,0,1
2026-04-25T01:00:00Z,416.4,0,416.4,0,1
2026-04-25T02:00:00Z,431.9,0,431.9,0,1
2026-04-25T03:00:00Z,438.1,0,438.1,0,1
2026-04-25T04:00:00Z,424.4,0,424.4,0,1
2026-04-25T05:00:00Z,-9999.9,9,424.4,1,1
2026-04-25T06:00:00Z,431.6,0,431.6,0,1
2026-04-25T07:00:00Z,428.2,0,428.2,0,1
2026-04-25T08:00:00Z,418.5,0,418.5,0,1
2026-04-25T09:00:00Z,-9999.9,9,418.5,1,1
2026-04-25T10:00:00Z,399.3,0,399.3,0,1
2026-04-25T11:00:00Z,399.7,0,399.7,0,1
2026-04-25T12:00:00Z,-9999.9,9,399.7,1,1
2026-04-25T13:00:00Z,382.4,0,382.4,0,1
2026-04-25T14:00:00Z,362.0,1,362.0,0,1
2026-04-25T15:00:00Z,368.3,0,368.3,0,1
2026-04-25T16:00:00Z,372.3,0,372.3,0,1
2026-04-25T17:00:00Z,-9999.9,9,372.3,1,1
2026-04-25T18:00:00Z,383.6,0,383.6,0,1
2026-04-25T19:00:00Z,406.5,0,406.5,0,1
2026-04-25T20:00:00Z,418.6,0,418.6,0,1
2026-04-25T21:00:00Z,-9999.9,9,418.6,1,1
2026-04-25T22:00:00Z,433.5,0,433.5,0,1
2026-04-25T23:00:00Z,412.4,0,412.4,0,1
2026-04-26T00:00:00Z,-9999.9,9,412.4,1,1
2026-04-26T01:00:00Z,421.8,0,421.8,0,1
2026-04-26T02:00:00Z,456.7,0,456.7,0,1
2026-04-26T03:00:00Z,444.0,0,444.0,0,1
2026-04-26T04:00:00Z,459.9,1,459.9,0,1
2026-04-26T05:00:00Z,-9999.9,9,459.9,1,1
2026-04-26T06:00:00Z,481.1,0,481.1,0,1
2026-04-26T07:00:00Z,482.2,0,482.2,0,1
2026-04-26T08:00:00Z,465.8,0,465.8,0,1
2026-04-26T09:00:00Z,-9999.9,9,465.8,1,1
2026-04-26T10:00:00Z,458.2,0,458.2,0,1
2026-04-26T11:00:00Z,455.7,1,455.7,0,1
2026-04-26T12:00:00Z,460.8,0,460.8,0,1
2026-04-26T13:00:00Z,448.0,0,448.0,0,1
2026-04-26T14:00:00Z,440.6,0,440.6,0,1
2026-04-26T15:00:00Z,-9999.9,9,440.6,1,1
2026-04-26T16:00:00Z,-9999.9,9,440.6,1,1
2026-04-26T17:00:00Z,-9999.9,9,440.6,1,1
2026-04-26T18:00:00Z,465.1,0,465.1,0,1
2026-04-26T19:00:00Z,467.3,0,467.3,0,1
2026-04-26T20:00:00Z,468.0,0,468.0,0,1
2026-04-26T21:00:00Z,464.6,0,464.6,0,1
2026-04-26T22:00:00Z,462.6,0,462.6,0,1
2026-04-26T23:00:00Z,454.9,0,454.9,0,1
2026-04-27T00:00:00Z,449.8,0,449.8,0,1
2026-04-27T01:00:00Z,454.0,0,454.0,0,1
2026-04-27T02:00:00Z,452.1,0,452.1,0,1
2026-04-27T03:00:00Z,440.3,0,440.3,0,1
2026-04-27T04:00:00Z,435.2,0,435.2,0,1
2026-04-27T05:00:00Z,-9999.9,9,435.2,1,1
2026-04-27T06:00:00Z,454.4,0,454.4,0,1
2026-04-27T07:00:00Z,463.7,0,463.7,0,1
2026-04-27T08:00:00Z,445.8,0,445.8,0,1
2026-04-27T09:00:00Z,-9999.9,9,445.8,1,1
2026-04-27T10:00:00Z,446.4,0,446.4,0,1
2026-04-27T11:00:00Z,445.4,0,445.4,0,1
2026-04-27T12:00:00Z,449.6,0,449.6,0,1
2026-04-27T13:00:00Z,444.9,0,444.9,0,1
2026-04-27T14:00:00Z,441.4,0,441.4,0,1
2026-04-27T15:00:00Z,-9999.9,9,441.4,1,1
2026-04-27T16:00:00Z,-9999.9,9,441.4,1,1
2026-04-27T17:00:00Z,-9999.9,9,441.4,1,1
2026-04-27T18:00:00Z,-9999.9,9,441.4,1,1
2026-04-27T19:00:00Z,444.7,0,444.7,0,1
2026-04-27T20:00:00Z,434.4,0,434.4,0,1
2026-04-27T21:00:00Z,426.0,0,426.0,0,1
2026-04-27T22:00:00Z,428.9,0,428.9,0,1
2026-04-27T23:00:00Z,418.3,0,418.3,0,1
2026-04-28T00:00:00Z,411.0,0,411.0,0,1
2026-04-28T01:00:00Z,407.7,0,407.7,0,1
2026-04-28T02:00:00Z,391.3,0,391.3,0,1
2026-04-28T03:00:00Z,384.4,0,384.4,0,1
2026-04-28T04:00:00Z,381.5,0,381.5,0,1
2026-04-28T05:00:00Z,-9999.9,9,381.5,1,1
2026-04-28T06:00:00Z,-9999.9,9,381.5,1,1
2026-04-28T07:00:00Z,379.8,0,379.8,0,1
2026-04-28T08:00:00Z,373.7,0,373.7,0,1
2026-04-28T09:00:00Z,-9999.9,9,373.7,1,1
2026-04-28T10:00:00Z,-9999.9,9,373.7,1,1
2026-04-28T11:00:00Z,-9999.9,9,373.7,1,1
2026-04-28T12:00:00Z,362.5,0,362.5,0,1
2026-04-28T13:00:00Z,-9999.9,9,362.5,1,1
2026-04-28T14:00:00Z,363.4,0,363.4,0,1
2026-04-28T15:00:00Z,361.1,0,361.1,0,1
2026-04-28T16:00:00Z,366.0,6,366.0,0,1
2026-04-28T17:00:00Z,357.1,0,357.1,0,1
2026-04-28T18:00:00Z,-9999.9,9,357.1,1,1
2026-04-28T19:00:00Z,351.8,0,351.8,0,1
2026-04-28T20:00:00Z,361.2,0,361.2,0,1
2026-04-28T21:00:00Z,-9999.9,9,361.2,1,1
2026-04-28T22:00:00Z,355.5,0,355.5,0,1
2026-04-28T23:00:00Z,346.6,0,346.6,0,1
2026-04-29T00:00:00Z,342.9,0,342.9,0,1
2026-04-29T01:00:00Z,339.6,0,339.6,0,1
2026-04-29T02:00:00Z,343.9,0,343.9,0,1
2026-04-29T03:00:00Z,336.3,0,336.3,0,1
2026-04-29T04:00:00Z,332.3,0,332.3,0,1
2026-04-29T05:00:00Z,333.2,0,333.2,0,1
2026-04-29T06:00:00Z,328.8,0,328.8,0,1
2026-04-29T07:00:00Z,333.6,0,333.6,0,1
2026-04-29T08:00:00Z,323.1,0,323.1,0,1
2026-04-29T09:00:00Z,316.6,0,316.6,0,1
2026-04-29T10:00:00Z,318.7,0,318.7,0,1
2026-04-29T11:00:00Z,319.1,0,319.1,0,1
2026-04-29T12:00:00Z,314.1,0,314.1,0,1
2026-04-29T13:00:00Z,-9999.9,9,314.1,1,1
2026-04-29T14:00:00Z,311.1,0,311.1,0,1
2026-04-29T15:00:00Z,-9999.9,9,311.1,1,1
2026-04-29T16:00:00Z,-9999.9,9,311.1,1,1
2026-04-29T17:00:00Z,-9999.9,9,311.1,1,1
2026-04-29T18:00:00Z,318.5,0,318.5,0,1
2026-04-29T19:00:00Z,316.6,0,316.6,0,1
2026-04-29T20:00:00Z,328.8,0,328.8,0,1
2026-04-29T21:00:00Z,-9999.9,9,328.8,1,1
2026-04-29T22:00:00Z,322.4,0,322.4,0,1
2026-04-29T23:00:00Z,348.4,0,348.4,0,1
2026-04-30T00:00:00Z,352.8,0,352.8,0,1
2026-04-30T01:00:00Z,365.2,0,365.2,0,1
2026-04-30T02:00:00Z,353.0,0,353.0,0,1
2026-04-30T03:00:00Z,355.9,0,355.9,0,1
2026-04-30T04:00:00Z,360.2,0,360.2,0,1
2026-04-30T05:00:00Z,375.1,0,375.1,0,1
2026-04-30T06:00:00Z,368.9,0,368.9,0,1
2026-04-30T07:00:00Z,377.5,0,377.5,0,1
2026-04-30T08:00:00Z,373.2,0,373.2,0,1
2026-04-30T09:00:00Z,-9999.9,9,373.2,1,1
2026-04-30T10:00:00Z,-9999.9,9,373.2,1,1
2026-04-30T11:00:00Z,365.6,0,365.6,0,1
2026-04-30T12:00:00Z,358.0,0,358.0,0,1
2026-04-30T13:00:00Z,361.5,0,361.5,0,1
2026-04-30T14:00:00Z,379.0,0,379.0,0,1
2026-04-30T15:00:00Z,-9999.9,9,379.0,1,1
2026-04-30T16:00:00Z,-9999.9,9,379.0,1,1
2026-04-30T17:00:00Z,-9999.9,9,379.0,1,1
2026-04-30T18:00:00Z,459.2,1,459.2,0,1
2026-04-30T19:00:00Z,472.8,0,472.8,0,1
2026-04-30T20:00:00Z,483.3,0,483.3,0,1
2026-04-30T21:00:00Z,-9999.9,9,483.3,1,1
2026-04-30T22:00:00Z,496.8,1,496.8,0,1
2026-04-30T23:00:00Z,468.3,1,468.3,0,1
2026-05-01T00:00:00Z,483.1,0,483.1,0,1
2026-05-01T01:00:00Z,502.7,0,502.7,0,1
2026-05-01T02:00:00Z,483.6,0,483.6,0,1
2026-05-01T03:00:00Z,479.6,0,479.6,0,1
2026-05-01T04:00:00Z,469.9,0,469.9,0,1
2026-05-01T05:00:00Z,494.6,0,494.6,0,1
2026-05-01T06:00:00Z,503.2,0,503.2,0,1
2026-05-01T07:00:00Z,470.0,0,470.0,0,1
2026-05-01T08:00:00Z,477.0,0,477.0,0,1
2026-05-01T09:00:00Z,477.9,0,477.9,0,1
2026-05-01T10:00:00Z,-9999.9,9,477.9,1,1
2026-05-01T11:00:00Z,458.9,0,458.9,0,1
2026-05-01T12:00:00Z,471.9,0,471.9,0,1
2026-05-01T13:00:00Z,-9999.9,9,471.9,1,1
2026-05-01T14:00:00Z,448.8,0,448.8,0,1
2026-05-01T15:00:00Z,-9999.9,9,448.8,1,1
2026-05-01T16:00:00Z,-9999.9,9,448.8,1,1
2026-05-01T17:00:00Z,457.9,0,457.9,0,1
2026-05-01T18:00:00Z,474.8,0,474.8,0,1
2026-05-01T19:00:00Z,439.5,0,439.5,0,1
2026-05-01T20:00:00Z,442.2,0,442.2,0,1
2026-05-01T21:00:00Z,-9999.9,9,442.2,1,1
2026-05-01T22:00:00Z,473.2,0,473.2,0,1
2026-05-01T23:00:00Z,435.5,0,435.5,0,1
2026-05-02T00:00:00Z,-9999.9,9,435.5,1,1
2026-05-02T01:00:00Z,431.9,0,431.9,0,1
2026-05-02T02:00:00Z,440.3,1,440.3,0,1
2026-05-02T03:00:00Z,444.2,0,444.2,0,1
2026-05-02T04:00:00Z,455.8,0,455.8,0,1
2026-05-02T05:00:00Z,-9999.9,9,455.8,1,1
2026-05-02T06:00:00Z,426.2,0,426.2,0,1
2026-05-02T07:00:00Z,445.2,0,445.2,0,1
2026-05-02T08:00:00Z,422.4,1,422.4,0,1
2026-05-02T09:00:00Z,421.9,1,421.9,0,1
2026-05-02T10:00:00Z,-9999.9,9,421.9,1,1
2026-05-02T11:00:00Z,420.9,0,420.9,0,1
2026-05-02T12:00:00Z,428.7,0,428.7,0,1
2026-05-02T13:00:00Z,440.5,0,440.5,0,1
2026-05-02T14:00:00Z,434.4,0,434.4,0,1
2026-05-02T15:00:00Z,-9999.9,9,434.4,1,1
2026-05-02T16:00:00Z,-9999.9,9,434.4,1,1
2026-05-02T17:00:00Z,-9999.9,9,434.4,1,1
2026-05-02T18:00:00Z,-9999.9,3,434.4,1,1
2026-05-02T19:00:00Z,442.5,0,442.5,0,1
2026-05-02T20:00:00Z,413.8,0,413.8,0,1
2026-05-02T21:00:00Z,-9999.9,9,413.8,1,1
2026-05-02T22:00:00Z,410.0,0,410.0,0,1
2026-05-02T23:00:00Z,434.2,0,434.2,0,1
2026-05-03T00:00:00Z,426.0,0,426.0,0,1
2026-05-03T01:00:00Z,418.3,0,418.3,0,1
2026-05-03T02:00:00Z,422.0,0,422.0,0,1
2026-05-03T03:00:00Z,410.0,0,410.0,0,1
2026-05-03T04:00:00Z,437.6,0,437.6,0,1
2026-05-03T05:00:00Z,426.6,0,426.6,0,1
2026-05-03T06:00:00Z,425.6,0,425.6,0,1
2026-05-03T07:00:00Z,421.8,0,421.8,0,1
2026-05-03T08:00:00Z,424.6,0,424.6,0,1
2026-05-03T09:00:00Z,416.2,0,416.2,0,1
2026-05-03T10:00:00Z,-9999.9,9,416.2,1,1
2026-05-03T11:00:00Z,418.9,0,418.9,0,1
2026-05-03T12:00:00Z,437.7,0,437.7,0,1
2026-05-03T13:00:00Z,430.5,0,430.5,0,1
2026-05-03T14:00:00Z,420.8,0,420.8,0,1
2026-05-03T15:00:00Z,-9999.9,9,420.8,1,1
2026-05-03T16:00:00Z,405.3,0,405.3,0,1
2026-05-03T17:00:00Z,408.7,0,408.7,0,1
2026-05-03T18:00:00Z,-9999.9,9,408.7,1,1
2026-05-03T19:00:00Z,400.1,0,400.1,0,1
2026-05-03T20:00:00Z,391.0,0,391.0,0,1
2026-05-03T21:00:00Z,-9999.9,9,391.0,1,1
2026-05-03T22:00:00Z,396.7,0,396.7,0,1
2026-05-03T23:00:00Z,416.5,0,416.5,0,1
2026-05-04T00:00:00Z,401.4,0,401.4,0,1
2026-05-04T01:00:00Z,403.5,0,403.5,0,1
2026-05-04T02:00:00Z,384.2,1,384.2,0,1
2026-05-04T03:00:00Z,406.1,0,406.1,0,1
2026-05-04T04:00:00Z,413.5,0,413.5,0,1
2026-05-04T05:00:00Z,398.6,0,398.6,0,1
2026-05-04T06:00:00Z,-9999.9,9,398.6,1,1
2026-05-04T07:00:00Z,366.2,0,366.2,0,1
2026-05-04T08:00:00Z,393.7,0,393.7,0,1
2026-05-04T09:00:00Z,-9999.9,9,393.7,1,1
2026-05-04T10:00:00Z,-9999.9,9,393.7,1,1
2026-05-04T11:00:00Z,397.0,0,397.0,0,1
2026-05-04T12:00:00Z,420.7,0,420.7,0,1
2026-05-04T13:00:00Z,424.6,0,424.6,0,1
2026-05-04T14:00:00Z,431.1,0,431.1,0,1
2026-05-04T15:00:00Z,-9999.9,9,431.1,1,1
2026-05-04T16:00:00Z,-9999.9,9,431.1,1,1
2026-05-04T17:00:00Z,-9999.9,9,431.1,1,1
2026-05-04T18:00:00Z,418.5,0,418.5,0,1
2026-05-04T19:00:00Z,419.5,0,419.5,0,1
2026-05-04T20:00:00Z,430.5,0,430.5,0,1
2026-05-04T21:00:00Z,-9999.9,9,430.5,1,1
2026-05-04T22:00:00Z,411.5,0,411.5,0,1
2026-05-04T23:00:00Z,438.1,0,438.1,0,1
2026-05-05T00:00:00Z,431.8,0,431.8,0,1
2026-05-05T01:00:00Z,440.1,0,440.1,0,1
2026-05-05T02:00:00Z,456.6,0,456.6,0,1
2026-05-05T03:00:00Z,440.9,1,440.9,0,1
2026-05-05T04:00:00Z,441.1,1,441.1,0,1
2026-05-05T05:00:00Z,428.0,0,428.0,0,1
2026-05-05T06:00:00Z,422.6,0,422.6,0,1
2026-05-05T07:00:00Z,412.1,0,412.1,0,1
2026-05-05T08:00:00Z,404.1,0,404.1,0,1
2026-05-05T09:00:00Z,-9999.9,9,404.1,1,1
2026-05-05T10:00:00Z,-9999.9,9,404.1,1,1
2026-05-05T11:00:00Z,392.5,0,392.5,0,1
2026-05-05T12:00:00Z,406.2,0,406.2,0,1
2026-05-05T13:00:00Z,398.0,0,398.0,0,1
2026-05-05T14:00:00Z,-9999.9,9,398.0,1,1
2026-05-05T15:00:00Z,-9999.9,9,398.0,1,1
2026-05-05T16:00:00Z,380.6,0,380.6,0,1
2026-05-05T17:00:00Z,378.8,0,378.8,0,1
2026-05-05T18:00:00Z,-9999.9,9,378.8,1,1
2026-05-05T19:00:00Z,375.7,0,375.7,0,1
2026-05-05T20:00:00Z,373.0,0,373.0,0,1
2026-05-05T21:00:00Z,-9999.9,9,373.0,1,1
2026-05-05T22:00:00Z,348.8,0,348.8,0,1
2026-05-05T23:00:00Z,353.6,0,353.6,0,1
2026-05-06T00:00:00Z,362.2,0,362.2,0,1
2026-05-06T01:00:00Z,363.7,0,363.7,0,1
2026-05-06T02:00:00Z,365.6,0,365.6,0,1
2026-05-06T03:00:00Z,362.7,0,362.7,0,1
2026-05-06T04:00:00Z,358.8,0,358.8,0,1
2026-05-06T05:00:00Z,358.5,0,358.5,0,1
2026-05-06T06:00:00Z,362.3,0,362.3,0,1
2026-05-06T07:00:00Z,370.3,0,370.3,0,1
2026-05-06T08:00:00Z,373.6,0,373.6,0,1
2026-05-06T09:00:00Z,-9999.9,9,373.6,1,1
2026-05-06T10:00:00Z,-9999.9,9,373.6,1,1
2026-05-06T11:00:00Z,372.1,0,372.1,0,1
2026-05-06T12:00:00Z,369.7,0,369.7,0,1
2026-05-06T13:00:00Z,373.1,0,373.1,0,1
2026-05-06T14:00:00Z,380.2,0,380.2,0,1
2026-05-06T15:00:00Z,-9999.9,9,380.2,1,1
2026-05-06T16:00:00Z,-9999.9,9,380.2,1,1
2026-05-06T17:00:00Z,-9999.9,9,380.2,1,1
2026-05-06T18:00:00Z,-9999.9,9,380.2,1,1
2026-05-06T19:00:00Z,368.5,0,368.5,0,1
2026-05-06T20:00:00Z,370.5,1,370.5,0,1
2026-05-06T21:00:00Z,-9999.9,9,370.5,1,1
2026-05-06T22:00:00Z,380.7,0,380.7,0,1
2026-05-06T23:00:00Z,364.4,0,364.4,0,1
2026-05-07T00:00:00Z,366.8,0,366.8,0,1
2026-05-07T01:00:00Z,365.2,0,365.2,0,1
2026-05-07T02:00:00Z,360.1,0,360.1,0,1
2026-05-07T03:00:00Z,359.6,0,359.6,0,1
2026-05-07T04:00:00Z,351.3,0,351.3,0,1
2026-05-07T05:00:00Z,350.9,0,350.9,0,1
2026-05-07T06:00:00Z,344.5,0,344.5,0,1
2026-05-07T07:00:00Z,344.7,0,344.7,0,1
2026-05-07T08:00:00Z,343.2,0,343.2,0,1
2026-05-07T09:00:00Z,-9999.9,9,343.2,1,1
2026-05-07T10:00:00Z,347.9,0,347.9,0,1
2026-05-07T11:00:00Z,350.6,0,350.6,0,1
2026-05-07T12:00:00Z,346.1,0,346.1,0,1
2026-05-07T13:00:00Z,337.2,0,337.2,0,1
2026-05-07T14:00:00Z,329.5,0,329.5,0,1
2026-05-07T15:00:00Z,377.7,0,377.7,0,1
2026-05-07T16:00:00Z,-9999.9,9,377.7,1,1
2026-05-07T17:00:00Z,414.2,0,414.2,0,1
2026-05-07T18:00:00Z,408.1,0,408.1,0,1
2026-05-07T19:00:00Z,403.1,0,403.1,0,1
2026-05-07T20:00:00Z,392.2,0,392.2,0,1
2026-05-07T21:00:00Z,-9999.9,9,392.2,1,1
2026-05-07T22:00:00Z,404.3,0,404.3,0,1
2026-05-07T23:00:00Z,392.4,0,392.4,0,1
2026-05-08T00:00:00Z,417.0,0,417.0,0,1
2026-05-08T01:00:00Z,413.1,0,413.1,0,1
2026-05-08T02:00:00Z,411.7,0,411.7,0,1
2026-05-08T03:00:00Z,405.6,0,405.6,0,1
2026-05-08T04:00:00Z,410.0,0,410.0,0,1
2026-05-08T05:00:00Z,454.6,0,454.6,0,1
2026-05-08T06:00:00Z,447.3,0,447.3,0,1
2026-05-08T07:00:00Z,526.3,0,526.3,0,1
2026-05-08T08:00:00Z,541.4,0,541.4,0,1
2026-05-08T09:00:00Z,-9999.9,9,541.4,1,1
2026-05-08T10:00:00Z,593.6,0,593.6,0,1
2026-05-08T11:00:00Z,564.0,0,564.0,0,1
2026-05-08T12:00:00Z,554.6,0,554.6,0,1
2026-05-08T13:00:00Z,554.1,0,554.1,0,1
2026-05-08T14:00:00Z,515.8,0,515.8,0,1
2026-05-08T15:00:00Z,-9999.9,9,515.8,1,1
2026-05-08T16:00:00Z,549.1,0,549.1,0,1
2026-05-08T17:00:00Z,535.0,0,535.0,0,1
2026-05-08T18:00:00Z,521.9,0,521.9,0,1
2026-05-08T19:00:00Z,536.2,0,536.2,0,1
2026-05-08T20:00:00Z,539.7,0,539.7,0,1
2026-05-08T21:00:00Z,-9999.9,9,539.7,1,1
2026-05-08T22:00:00Z,523.3,0,523.3,0,1
2026-05-08T23:00:00Z,542.2,0,542.2,0,1
2026-05-09T00:00:00Z,533.5,0,533.5,0,1
2026-05-09T01:00:00Z,536.8,0,536.8,0,1
2026-05-09T02:00:00Z,535.0,0,535.0,0,1
2026-05-09T03:00:00Z,547.4,0,547.4,0,1
2026-05-09T04:00:00Z,538.7,0,538.7,0,1
2026-05-09T05:00:00Z,-9999.9,9,538.7,1,1
2026-05-09T06:00:00Z,498.0,0,498.0,0,1
2026-05-09T07:00:00Z,533.6,0,533.6,0,1
2026-05-09T08:00:00Z,528.6,0,528.6,0,1
2026-05-09T09:00:00Z,-9999.9,9,528.6,1,1
2026-05-09T10:00:00Z,505.9,0,505.9,0,1
2026-05-09T11:00:00Z,492.1,0,492.1,0,1
2026-05-09T12:00:00Z,482.3,0,482.3,0,1
2026-05-09T13:00:00Z,494.5,0,494.5,0,1
2026-05-09T14:00:00Z,482.5,0,482.5,0,1
2026-05-09T15:00:00Z,-9999.9,9,482.5,1,1
2026-05-09T16:00:00Z,486.6,0,486.6,0,1
2026-05-09T17:00:00Z,487.2,0,487.2,0,1
2026-05-09T18:00:00Z,-9999.9,9,487.2,1,1
2026-05-09T19:00:00Z,486.1,0,486.1,0,1
2026-05-09T20:00:00Z,486.7,0,486.7,0,1
2026-05-09T21:00:00Z,-9999.9,9,486.7,1,1
2026-05-09T22:00:00Z,461.4,0,461.4,0,1
2026-05-09T23:00:00Z,461.2,0,461.2,0,1
2026-05-10T00:00:00Z,452.4,0,452.4,0,1
2026-05-10T01:00:00Z,453.4,0,453.4,0,1
2026-05-10T02:00:00Z,454.0,0,454.0,0,1
2026-05-10T03:00:00Z,436.4,0,436.4,0,1
2026-05-10T04:00:00Z,433.9,0,433.9,0,1
2026-05-10T05:00:00Z,-9999.9,9,433.9,1,1
2026-05-10T06:00:00Z,438.7,0,438.7,0,1
2026-05-10T07:00:00Z,439.1,0,439.1,0,1
2026-05-10T08:00:00Z,434.5,0,434.5,0,1
2026-05-10T09:00:00Z,-9999.9,9,434.5,1,1
2026-05-10T10:00:00Z,410.8,0,410.8,0,1
2026-05-10T11:00:00Z,412.3,0,412.3,0,1
2026-05-10T12:00:00Z,422.8,0,422.8,0,1
2026-05-10T13:00:00Z,-9999.9,9,422.8,1,1
2026-05-10T14:00:00Z,404.2,0,404.2,0,1
2026-05-10T15:00:00Z,-9999.9,9,404.2,1,1
2026-05-10T16:00:00Z,391.4,0,391.4,0,1
2026-05-10T17:00:00Z,-9999.9,9,391.4,1,1
2026-05-10T18:00:00Z,391.4,0,391.4,0,1
2026-05-10T19:00:00Z,387.4,0,387.4,0,1
2026-05-10T20:00:00Z,392.0,0,392.0,0,1
2026-05-10T21:00:00Z,-9999.9,9,392.0,1,1
2026-05-10T22:00:00Z,393.4,0,393.4,0,1
2026-05-10T23:00:00Z,410.5,0,410.5,0,1
2026-05-11T00:00:00Z,386.9,0,386.9,0,1
2026-05-11T01:00:00Z,395.0,0,395.0,0,1
2026-05-11T02:00:00Z,380.9,1,380.9,0,1
2026-05-11T03:00:00Z,407.1,0,407.1,0,1
2026-05-11T04:00:00Z,376.5,0,376.5,0,1
2026-05-11T05:00:00Z,-9999.9,9,376.5,1,1
2026-05-11T06:00:00Z,386.9,0,386.9,0,1
2026-05-11T07:00:00Z,405.8,0,405.8,0,1
2026-05-11T08:00:00Z,367.6,0,367.6,0,1
2026-05-11T09:00:00Z,-9999.9,9,367.6,1,1
2026-05-11T10:00:00Z,408.3,0,408.3,0,1
2026-05-11T11:00:00Z,381.4,0,381.4,0,1
2026-05-11T12:00:00Z,375.7,0,375.7,0,1
2026-05-11T13:00:00Z,-9999.9,9,375.7,1,1
2026-05-11T14:00:00Z,381.5,0,381.5,0,1
2026-05-11T15:00:00Z,389.9,0,389.9,0,1
2026-05-11T16:00:00Z,382.1,0,382.1,0,1
2026-05-11T17:00:00Z,-9999.9,9,382.1,1,1
2026-05-11T18:00:00Z,373.3,0,373.3,0,1
2026-05-11T19:00:00Z,370.3,0,370.3,0,1
2026-05-11T20:00:00Z,379.4,0,379.4,0,1
2026-05-11T21:00:00Z,-9999.9,9,379.4,1,1
2026-05-11T22:00:00Z,382.1,0,382.1,0,1
2026-05-11T23:00:00Z,376.3,0,376.3,0,1
2026-05-12T00:00:00Z,378.9,0,378.9,0,1
2026-05-12T01:00:00Z,384.8,0,384.8,0,1
2026-05-12T02:00:00Z,365.6,0,365.6,0,1
2026-05-12T03:00:00Z,368.9,0,368.9,0,1
2026-05-12T04:00:00Z,352.1,0,352.1,0,1
2026-05-12T05:00:00Z,363.5,1,363.5,0,1
2026-05-12T06:00:00Z,351.8,0,351.8,0,1
2026-05-12T07:00:00Z,356.5,0,356.5,0,1
2026-05-12T08:00:00Z,371.9,0,371.9,0,1
2026-05-12T09:00:00Z,-9999.9,9,371.9,1,1
2026-05-12T10:00:00Z,369.3,0,369.3,0,1
2026-05-12T11:00:00Z,378.5,0,378.5,0,1
2026-05-12T12:00:00Z,354.5,0,354.5,0,1
2026-05-12T13:00:00Z,348.1,0,348.1,0,1
2026-05-12T14:00:00Z,348.7,0,348.7,0,1
2026-05-12T15:00:00Z,-9999.9,9,348.7,1,1
2026-05-12T16:00:00Z,347.1,0,347.1,0,1
2026-05-12T17:00:00Z,349.9,0,349.9,0,1
2026-05-12T18:00:00Z,351.9,0,351.9,0,1
2026-05-12T19:00:00Z,347.3,0,347.3,0,1
2026-05-12T20:00:00Z,339.4,0,339.4,0,1
2026-05-12T21:00:00Z,-9999.9,9,339.4,1,1
2026-05-12T22:00:00Z,353.5,0,353.5,0,1
2026-05-12T23:00:00Z,354.3,0,354.3,0,1
2026-05-13T00:00:00Z,351.1,0,351.1,0,1
2026-05-13T01:00:00Z,340.0,0,340.0,0,1
2026-05-13T02:00:00Z,346.4,0,346.4,0,1
2026-05-13T03:00:00Z,348.1,0,348.1,0,1
2026-05-13T04:00:00Z,351.1,1,351.1,0,1
2026-05-13T05:00:00Z,-9999.9,9,351.1,1,1
2026-05-13T06:00:00Z,326.4,0,326.4,0,1
2026-05-13T07:00:00Z,360.1,0,360.1,0,1
2026-05-13T08:00:00Z,379.0,0,379.0,0,1
2026-05-13T09:00:00Z,-9999.9,9,379.0,1,1
2026-05-13T10:00:00Z,377.4,0,377.4,0,1
2026-05-13T11:00:00Z,395.1,0,395.1,0,1
2026-05-13T12:00:00Z,466.6,0,466.6,0,1
2026-05-13T13:00:00Z,454.8,0,454.8,0,1
2026-05-13T14:00:00Z,459.8,0,459.8,0,1
2026-05-13T15:00:00Z,-9999.9,9,459.8,1,1
2026-05-13T16:00:00Z,-9999.9,9,459.8,1,1
2026-05-13T17:00:00Z,491.6,0,491.6,0,1
2026-05-13T18:00:00Z,481.5,0,481.5,0,1
2026-05-13T19:00:00Z,471.9,0,471.9,0,1
2026-05-13T20:00:00Z,472.6,1,472.6,0,1
2026-05-13T21:00:00Z,-9999.9,9,472.6,1,1
2026-05-13T22:00:00Z,460.7,0,460.7,0,1
2026-05-13T23:00:00Z,458.1,0,458.1,0,1
2026-05-14T00:00:00Z,468.4,0,468.4,0,1
2026-05-14T01:00:00Z,456.0,0,456.0,0,1
2026-05-14T02:00:00Z,455.1,0,455.1,0,1
2026-05-14T03:00:00Z,445.9,0,445.9,0,1
2026-05-14T04:00:00Z,-9999.9,9,445.9,1,1
2026-05-14T05:00:00Z,434.6,0,434.6,0,1
2026-05-14T06:00:00Z,421.6,0,421.6,0,1
2026-05-14T07:00:00Z,432.9,0,432.9,0,1
2026-05-14T08:00:00Z,426.9,0,426.9,0,1
2026-05-14T09:00:00Z,-9999.9,9,426.9,1,1
2026-05-14T10:00:00Z,422.2,0,422.2,0,1
2026-05-14T11:00:00Z,413.4,0,413.4,0,1
2026-05-14T12:00:00Z,413.5,0,413.5,0,1
2026-05-14T13:00:00Z,414.5,0,414.5,0,1
2026-05-14T14:00:00Z,399.3,0,399.3,0,1
2026-05-14T15:00:00Z,-9999.9,9,399.3,1,1
2026-05-14T16:00:00Z,402.4,0,402.4,0,1
2026-05-14T17:00:00Z,405.4,0,405.4,0,1
2026-05-14T18:00:00Z,392.2,0,392.2,0,1
2026-05-14T19:00:00Z,379.7,0,379.7,0,1
2026-05-14T20:00:00Z,388.8,0,388.8,0,1
2026-05-14T21:00:00Z,-9999.9,9,388.8,1,1
2026-05-14T22:00:00Z,403.4,0,403.4,0,1
2026-05-14T23:00:00Z,402.1,0,402.1,0,1
2026-05-15T00:00:00Z,386.0,0,386.0,0,1
2026-05-15T01:00:00Z,407.3,0,407.3,0,1
2026-05-15T02:00:00Z,402.9,0,402.9,0,1
2026-05-15T03:00:00Z,400.6,0,400.6,0,1
2026-05-15T04:00:00Z,-9999.9,9,400.6,1,1
2026-05-15T05:00:00Z,424.8,0,424.8,0,1
2026-05-15T06:00:00Z,431.0,0,431.0,0,1
2026-05-15T07:00:00Z,438.2,0,438.2,0,1
2026-05-15T08:00:00Z,450.8,0,450.8,0,1
2026-05-15T09:00:00Z,-9999.9,9,450.8,1,1
2026-05-15T10:00:00Z,575.4,0,575.4,0,1
2026-05-15T11:00:00Z,572.6,1,572.6,0,1
2026-05-15T12:00:00Z,572.0,1,572.0,0,1
2026-05-15T13:00:00Z,-9999.9,9,572.0,1,1
2026-05-15T14:00:00Z,608.7,1,608.7,0,1
2026-05-15T15:00:00Z,-9999.9,9,608.7,1,1
2026-05-15T16:00:00Z,-9999.9,9,608.7,1,1
2026-05-15T17:00:00Z,679.4,0,679.4,0,1
2026-05-15T18:00:00Z,647.7,0,647.7,0,1
2026-05-15T19:00:00Z,618.0,0,618.0,0,1
2026-05-15T20:00:00Z,674.1,0,674.1,0,1
2026-05-15T21:00:00Z,-9999.9,9,674.1,1,1
2026-05-15T22:00:00Z,711.7,0,711.7,0,1
2026-05-15T23:00:00Z,738.1,0,738.1,0,1
2026-05-16T00:00:00Z,720.1,0,720.1,0,1
2026-05-16T01:00:00Z,713.6,0,713.6,0,1
2026-05-16T02:00:00Z,715.1,0,715.1,0,1
2026-05-16T03:00:00Z,715.0,0,715.0,0,1
2026-05-16T04:00:00Z,691.2,0,691.2,0,1
2026-05-16T05:00:00Z,693.4,0,693.4,0,1
2026-05-16T06:00:00Z,-9999.9,9,693.4,1,1
2026-05-16T07:00:00Z,691.4,0,691.4,0,1
2026-05-16T08:00:00Z,634.0,0,634.0,0,1
2026-05-16T09:00:00Z,-9999.9,9,634.0,1,1
2026-05-16T10:00:00Z,638.2,0,638.2,0,1
2026-05-16T11:00:00Z,-9999.9,9,638.2,1,1
2026-05-16T12:00:00Z,631.1,1,631.1,0,1
2026-05-16T13:00:00Z,643.7,0,643.7,0,1
2026-05-16T14:00:00Z,629.3,0,629.3,0,1
2026-05-16T15:00:00Z,670.8,0,670.8,0,1
2026-05-16T16:00:00Z,678.7,0,678.7,0,1
2026-05-16T17:00:00Z,682.8,0,682.8,0,1
2026-05-16T18:00:00Z,676.7,0,676.7,0,1
2026-05-16T19:00:00Z,675.0,0,675.0,0,1
2026-05-16T20:00:00Z,684.0,0,684.0,0,1
2026-05-16T21:00:00Z,-9999.9,9,684.0,1,1
2026-05-16T22:00:00Z,632.0,0,632.0,0,1
2026-05-16T23:00:00Z,630.7,1,630.7,0,1
2026-05-17T00:00:00Z,625.4,0,625.4,0,1
2026-05-17T01:00:00Z,616.1,0,616.1,0,1
2026-05-17T02:00:00Z,634.8,0,634.8,0,1
2026-05-17T03:00:00Z,655.1,0,655.1,0,1
2026-05-17T04:00:00Z,665.9,0,665.9,0,1
2026-05-17T05:00:00Z,658.8,0,658.8,0,1
2026-05-17T06:00:00Z,-9999.9,9,658.8,1,1
2026-05-17T07:00:00Z,645.2,0,645.2,0,1
2026-05-17T08:00:00Z,645.3,1,645.3,0,1
2026-05-17T09:00:00Z,-9999.9,9,645.3,1,1
2026-05-17T10:00:00Z,636.4,0,636.4,0,1
2026-05-17T11:00:00Z,629.8,0,629.8,0,1
2026-05-17T12:00:00Z,640.0,0,640.0,0,1
2026-05-17T13:00:00Z,602.8,0,602.8,0,1
2026-05-17T14:00:00Z,-9999.9,9,602.8,1,1
2026-05-17T15:00:00Z,-9999.9,9,602.8,1,1
2026-05-17T16:00:00Z,603.0,0,603.0,0,1
2026-05-17T17:00:00Z,580.3,0,580.3,0,1
2026-05-17T18:00:00Z,567.2,0,567.2,0,1
2026-05-17T19:00:00Z,564.1,0,564.1,0,1
2026-05-17T20:00:00Z,564.4,0,564.4,0,1
2026-05-17T21:00:00Z,-9999.9,9,564.4,1,1
2026-05-17T22:00:00Z,544.5,1,544.5,0,1
2026-05-17T23:00:00Z,532.2,0,532.2,0,1
2026-05-18T00:00:00Z,528.0,1,528.0,0,1
2026-05-18T01:00:00Z,544.8,0,544.8,0,1
2026-05-18T02:00:00Z,557.7,0,557.7,0,1
2026-05-18T03:00:00Z,-9999.9,9,557.7,1,1
2026-05-18T04:00:00Z,560.5,0,560.5,0,1
2026-05-18T05:00:00Z,545.0,1,545.0,0,1
2026-05-18T06:00:00Z,-9999.9,9,545.0,1,1
2026-05-18T07:00:00Z,545.1,0,545.1,0,1
2026-05-18T08:00:00Z,528.1,0,528.1,0,1
2026-05-18T09:00:00Z,-9999.9,9,528.1,1,1
2026-05-18T10:00:00Z,543.0,0,543.0,0,1
2026-05-18T11:00:00Z,546.5,0,546.5,0,1
2026-05-18T12:00:00Z,552.8,0,552.8,0,1
2026-05-18T13:00:00Z,516.6,0,516.6,0,1
2026-05-18T14:00:00Z,-9999.9,9,516.6,1,1
2026-05-18T15:00:00Z,530.5,0,530.5,0,1
2026-05-18T16:00:00Z,527.4,0,527.4,0,1
2026-05-18T17:00:00Z,511.2,0,511.2,0,1
2026-05-18T18:00:00Z,505.1,0,505.1,0,1
2026-05-18T19:00:00Z,504.8,0,504.8,0,1
2026-05-18T20:00:00Z,528.1,0,528.1,0,1
2026-05-18T21:00:00Z,-9999.9,9,528.1,1,1
2026-05-18T22:00:00Z,522.2,0,522.2,0,1
2026-05-18T23:00:00Z,538.9,0,538.9,0,1
2026-05-19T00:00:00Z,521.4,1,521.4,0,1
2026-05-19T01:00:00Z,531.9,0,531.9,0,1
2026-05-19T02:00:00Z,526.9,0,526.9,0,1
2026-05-19T03:00:00Z,-9999.9,9,526.9,1,1
2026-05-19T04:00:00Z,495.8,0,495.8,0,1
2026-05-19T05:00:00Z,527.2,0,527.2,0,1
2026-05-19T06:00:00Z,-9999.9,9,527.2,1,1
2026-05-19T07:00:00Z,598.5,0,598.5,0,1
2026-05-19T08:00:00Z,610.7,0,610.7,0,1
2026-05-19T09:00:00Z,-9999.9,9,610.7,1,1
2026-05-19T10:00:00Z,581.0,0,581.0,0,1
2026-05-19T11:00:00Z,563.3,0,563.3,0,1
2026-05-19T12:00:00Z,532.8,1,532.8,0,1
2026-05-19T13:00:00Z,527.7,0,527.7,0,1
2026-05-19T14:00:00Z,510.7,0,510.7,0,1
2026-05-19T15:00:00Z,-9999.9,9,510.7,1,1
2026-05-19T16:00:00Z,517.0,0,517.0,0,1
2026-05-19T17:00:00Z,511.1,0,511.1,0,1
2026-05-19T18:00:00Z,517.6,0,517.6,0,1
2026-05-19T19:00:00Z,501.8,0,501.8,0,1
2026-05-19T20:00:00Z,494.0,0,494.0,0,1
2026-05-19T21:00:00Z,-9999.9,9,494.0,1,1
2026-05-19T22:00:00Z,497.8,0,497.8,0,1
2026-05-19T23:00:00Z,519.6,0,519.6,0,1
2026-05-20T00:00:00Z,518.7,0,518.7,0,1
2026-05-20T01:00:00Z,512.4,0,512.4,0,1
2026-05-20T02:00:00Z,500.8,0,500.8,0,1
2026-05-20T03:00:00Z,-9999.9,9,500.8,1,1
2026-05-20T04:00:00Z,492.5,0,492.5,0,1
2026-05-20T05:00:00Z,492.4,0,492.4,0,1
2026-05-20T06:00:00Z,491.5,0,491.5,0,1
2026-05-20T07:00:00Z,486.5,1,486.5,0,1
2026-05-20T08:00:00Z,482.4,0,482.4,0,1
2026-05-20T09:00:00Z,-9999.9,9,482.4,1,1
2026-05-20T10:00:00Z,-9999.9,9,482.4,1,1
2026-05-20T11:00:00Z,-9999.9,9,482.4,1,1
2026-05-20T12:00:00Z,471.7,0,471.7,0,1
2026-05-20T13:00:00Z,467.0,0,467.0,0,1
2026-05-20T14:00:00Z,458.0,0,458.0,0,1
2026-05-20T15:00:00Z,-9999.9,9,458.0,1,1
2026-05-20T16:00:00Z,460.4,0,460.4,0,1
2026-05-20T17:00:00Z,473.0,0,473.0,0,1
2026-05-20T18:00:00Z,473.7,0,473.7,0,1
2026-05-20T19:00:00Z,455.4,0,455.4,0,1
2026-05-20T20:00:00Z,-9999.9,3,455.4,1,1
2026-05-20T21:00:00Z,-9999.9,9,455.4,1,1
2026-05-20T22:00:00Z,451.6,0,451.6,0,1
2026-05-20T23:00:00Z,466.2,0,466.2,0,1
2026-05-21T00:00:00Z,456.0,1,456.0,0,1
2026-05-21T01:00:00Z,437.9,0,437.9,0,1
2026-05-21T02:00:00Z,434.7,0,434.7,0,1
2026-05-21T03:00:00Z,-9999.9,9,434.7,1,1
2026-05-21T04:00:00Z,437.9,0,437.9,0,1
2026-05-21T05:00:00Z,446.9,0,446.9,0,1
2026-05-21T06:00:00Z,447.4,0,447.4,0,1
2026-05-21T07:00:00Z,-9999.9,9,447.4,1,1
2026-05-21T08:00:00Z,425.8,0,425.8,0,1
2026-05-21T09:00:00Z,-9999.9,9,425.8,1,1
2026-05-21T10:00:00Z,-9999.9,9,425.8,1,1
2026-05-21T11:00:00Z,424.9,0,424.9,0,1
2026-05-21T12:00:00Z,443.7,0,443.7,0,1
2026-05-21T13:00:00Z,437.8,0,437.8,0,1
2026-05-21T14:00:00Z,444.3,0,444.3,0,1
2026-05-21T15:00:00Z,-9999.9,9,444.3,1,1
2026-05-21T16:00:00Z,410.8,0,410.8,0,1
2026-05-21T17:00:00Z,429.0,0,429.0,0,1
2026-05-21T18:00:00Z,415.7,0,415.7,0,1
2026-05-21T19:00:00Z,403.9,0,403.9,0,1
2026-05-21T20:00:00Z,395.7,0,395.7,0,1
2026-05-21T21:00:00Z,-9999.9,9,395.7,1,1
2026-05-21T22:00:00Z,395.7,0,395.7,0,1
2026-05-21T23:00:00Z,391.1,0,391.1,0,1
2026-05-22T00:00:00Z,411.1,0,411.1,0,1
2026-05-22T01:00:00Z,391.4,0,391.4,0,1
2026-05-22T02:00:00Z,-9999.9,9,391.4,1,1
2026-05-22T03:00:00Z,-9999.9,9,391.4,1,1
2026-05-22T04:00:00Z,-9999.9,6,391.4,1,1
2026-05-22T05:00:00Z,393.6,1,393.6,0,1
2026-05-22T06:00:00Z,422.7,0,422.7,0,1
2026-05-22T07:00:00Z,-9999.9,9,422.7,1,1
2026-05-22T08:00:00Z,508.8,1,508.8,0,1
2026-05-22T09:00:00Z,-9999.9,9,508.8,1,1
2026-05-22T10:00:00Z,370.2,0,370.2,0,1
2026-05-22T11:00:00Z,371.4,0,371.4,0,1
2026-05-22T12:00:00Z,376.1,0,376.1,0,1
2026-05-22T13:00:00Z,369.6,0,369.6,0,1
2026-05-22T14:00:00Z,364.0,0,364.0,0,1
2026-05-22T15:00:00Z,-9999.9,9,364.0,1,1
2026-05-22T16:00:00Z,360.2,0,360.2,0,1
2026-05-22T17:00:00Z,355.4,0,355.4,0,1
2026-05-22T18:00:00Z,367.7,0,367.7,0,1
2026-05-22T19:00:00Z,369.3,0,369.3,0,1
2026-05-22T20:00:00Z,369.9,0,369.9,0,1
2026-05-22T21:00:00Z,-9999.9,9,369.9,1,1
2026-05-22T22:00:00Z,363.6,0,363.6,0,1
2026-05-22T23:00:00Z,369.1,0,369.1,0,1
2026-05-23T00:00:00Z,360.6,0,360.6,0,1
2026-05-23T01:00:00Z,354.7,0,354.7,0,1
2026-05-23T02:00:00Z,345.7,0,345.7,0,1
2026-05-23T03:00:00Z,-9999.9,9,345.7,1,1
2026-05-23T04:00:00Z,331.8,0,331.8,0,1
2026-05-23T05:00:00Z,330.3,0,330.3,0,1
2026-05-23T06:00:00Z,-9999.9,9,330.3,1,1
2026-05-23T07:00:00Z,333.8,0,333.8,0,1
2026-05-23T08:00:00Z,330.5,0,330.5,0,1
2026-05-23T09:00:00Z,-9999.9,9,330.5,1,1
2026-05-23T10:00:00Z,-9999.9,9,330.5,1,1
2026-05-23T11:00:00Z,325.6,0,325.6,0,1
2026-05-23T12:00:00Z,324.7,0,324.7,0,1
2026-05-23T13:00:00Z,325.6,0,325.6,0,1
2026-05-23T14:00:00Z,326.8,0,326.8,0,1
2026-05-23T15:00:00Z,-9999.9,9,326.8,1,1
2026-05-23T16:00:00Z,326.5,0,326.5,0,1
2026-05-23T17:00:00Z,328.0,0,328.0,0,1
2026-05-23T18:00:00Z,329.4,0,329.4,0,1
2026-05-23T19:00:00Z,331.9,0,331.9,0,1
2026-05-23T20:00:00Z,328.1,0,328.1,0,1
2026-05-23T21:00:00Z,-9999.9,9,328.1,1,1
2026-05-23T22:00:00Z,323.7,0,323.7,0,1
2026-05-23T23:00:00Z,319.3,0,319.3,0,1
2026-05-24T00:00:00Z,320.6,0,320.6,0,1
2026-05-24T01:00:00Z,310.3,0,310.3,0,1
2026-05-24T02:00:00Z,303.8,0,303.8,0,1
2026-05-24T03:00:00Z,-9999.9,9,303.8,1,1
2026-05-24T04:00:00Z,316.8,0,316.8,0,1
2026-05-24T05:00:00Z,314.0,0,314.0,0,1
2026-05-24T06:00:00Z,-9999.9,9,314.0,1,1
2026-05-24T07:00:00Z,306.2,0,306.2,0,1
2026-05-24T08:00:00Z,319.0,0,319.0,0,1
2026-05-24T09:00:00Z,-9999.9,9,319.0,1,1
2026-05-24T10:00:00Z,-9999.9,9,319.0,1,1
2026-05-24T11:00:00Z,-9999.9,9,319.0,1,1
2026-05-24T12:00:00Z,-9999.9,9,319.0,1,1
2026-05-24T13:00:00Z,-9999.9,9,319.0,1,1
2026-05-24T14:00:00Z,343.3,1,343.3,0,1
2026-05-24T15:00:00Z,-9999.9,9,343.3,1,1
2026-05-24T16:00:00Z,287.9,0,287.9,0,1
2026-05-24T17:00:00Z,291.9,0,291.9,0,1
2026-05-24T18:00:00Z,276.6,0,276.6,0,1
2026-05-24T19:00:00Z,279.2,0,279.2,0,1
2026-05-24T20:00:00Z,293.7,0,293.7,0,1
2026-05-24T21:00:00Z,-9999.9,9,293.7,1,1
2026-05-24T22:00:00Z,314.7,0,314.7,0,1
2026-05-24T23:00:00Z,322.8,0,322.8,0,1
2026-05-25T00:00:00Z,343.9,0,343.9,0,1
2026-05-25T01:00:00Z,341.3,0,341.3,0,1
2026-05-25T02:00:00Z,342.7,0,342.7,0,1
2026-05-25T03:00:00Z,-9999.9,9,342.7,1,1
2026-05-25T04:00:00Z,337.0,0,337.0,0,1
2026-05-25T05:00:00Z,340.3,0,340.3,0,1
2026-05-25T06:00:00Z,-9999.9,9,340.3,1,1
2026-05-25T07:00:00Z,344.6,0,344.6,0,1
2026-05-25T08:00:00Z,352.9,0,352.9,0,1
2026-05-25T09:00:00Z,-9999.9,9,352.9,1,1
2026-05-25T10:00:00Z,358.0,0,358.0,0,1
2026-05-25T11:00:00Z,359.8,0,359.8,0,1
2026-05-25T12:00:00Z,-9999.9,9,359.8,1,1
2026-05-25T13:00:00Z,356.4,0,356.4,0,1
2026-05-25T14:00:00Z,-9999.9,9,356.4,1,1
2026-05-25T15:00:00Z,-9999.9,9,356.4,1,1
2026-05-25T16:00:00Z,401.3,0,401.3,0,1
2026-05-25T17:00:00Z,414.0,0,414.0,0,1
2026-05-25T18:00:00Z,414.4,0,414.4,0,1
2026-05-25T19:00:00Z,409.0,0,409.0,0,1
2026-05-25T20:00:00Z,403.5,0,403.5,0,1
2026-05-25T21:00:00Z,-9999.9,9,403.5,1,1
2026-05-25T22:00:00Z,402.5,0,402.5,0,1
2026-05-25T23:00:00Z,401.8,0,401.8,0,1
2026-05-26T00:00:00Z,401.1,0,401.1,0,1
2026-05-26T01:00:00Z,400.2,0,400.2,0,1
2026-05-26T02:00:00Z,398.2,0,398.2,0,1
2026-05-26T03:00:00Z,-9999.9,9,398.2,1,1
2026-05-26T04:00:00Z,393.9,0,393.9,0,1
2026-05-26T05:00:00Z,399.5,0,399.5,0,1
2026-05-26T06:00:00Z,-9999.9,9,399.5,1,1
2026-05-26T07:00:00Z,406.1,0,406.1,0,1
2026-05-26T08:00:00Z,399.3,0,399.3,0,1
2026-05-26T09:00:00Z,-9999.9,9,399.3,1,1
2026-05-26T10:00:00Z,390.6,0,390.6,0,1
2026-05-26T11:00:00Z,393.0,0,393.0,0,1
2026-05-26T12:00:00Z,-9999.9,9,393.0,1,1
2026-05-26T13:00:00Z,-9999.9,9,393.0,1,1
2026-05-26T14:00:00Z,405.6,0,405.6,0,1
2026-05-26T15:00:00Z,386.3,1,386.3,0,1
2026-05-26T16:00:00Z,394.9,1,394.9,0,1
2026-05-26T17:00:00Z,395.5,0,395.5,0,1
2026-05-26T18:00:00Z,435.5,0,435.5,0,1
2026-05-26T19:00:00Z,426.0,1,426.0,0,1
2026-05-26T20:00:00Z,412.5,0,412.5,0,1
2026-05-26T21:00:00Z,-9999.9,9,412.5,1,1
2026-05-26T22:00:00Z,393.3,0,393.3,0,1
2026-05-26T23:00:00Z,382.8,1,382.8,0,1
2026-05-27T00:00:00Z,384.1,0,384.1,0,1
2026-05-27T01:00:00Z,381.4,0,381.4,0,1
2026-05-27T02:00:00Z,394.3,0,394.3,0,1
2026-05-27T03:00:00Z,-9999.9,9,394.3,1,1
2026-05-27T04:00:00Z,398.8,0,398.8,0,1
2026-05-27T05:00:00Z,387.0,0,387.0,0,1
2026-05-27T06:00:00Z,-9999.9,9,387.0,1,1
2026-05-27T07:00:00Z,412.8,0,412.8,0,1
2026-05-27T08:00:00Z,398.3,0,398.3,0,1
2026-05-27T09:00:00Z,-9999.9,9,398.3,1,1
2026-05-27T10:00:00Z,-9999.9,9,398.3,1,1
2026-05-27T11:00:00Z,404.6,0,404.6,0,1
2026-05-27T12:00:00Z,396.6,0,396.6,0,1
2026-05-27T13:00:00Z,416.7,0,416.7,0,1
2026-05-27T14:00:00Z,-9999.9,9,416.7,1,1
2026-05-27T15:00:00Z,-9999.9,9,416.7,1,1
2026-05-27T16:00:00Z,365.8,0,365.8,0,1
2026-05-27T17:00:00Z,380.1,0,380.1,0,1
2026-05-27T18:00:00Z,380.9,0,380.9,0,1
2026-05-27T19:00:00Z,-9999.9,9,380.9,1,1
2026-05-27T20:00:00Z,379.8,0,379.8,0,1
2026-05-27T21:00:00Z,-9999.9,9,379.8,1,1
2026-05-27T22:00:00Z,376.0,0,376.0,0,1
2026-05-27T23:00:00Z,371.3,0,371.3,0,1
2026-05-28T00:00:00Z,386.6,0,386.6,0,1
2026-05-28T01:00:00Z,385.7,0,385.7,0,1
2026-05-28T02:00:00Z,376.4,1,376.4,0,1
2026-05-28T03:00:00Z,-9999.9,9,376.4,1,1
2026-05-28T04:00:00Z,393.2,0,393.2,0,1
2026-05-28T05:00:00Z,387.9,0,387.9,0,1
2026-05-28T06:00:00Z,-9999.9,9,387.9,1,1
2026-05-28T07:00:00Z,404.4,0,404.4,0,1
2026-05-28T08:00:00Z,400.9,0,400.9,0,1
2026-05-28T09:00:00Z,-9999.9,9,400.9,1,1
2026-05-28T10:00:00Z,-9999.9,9,400.9,1,1
2026-05-28T11:00:00Z,396.0,0,396.0,0,1
2026-05-28T12:00:00Z,396.0,0,396.0,0,1
2026-05-28T13:00:00Z,410.8,0,410.8,0,1
2026-05-28T14:00:00Z,414.6,0,414.6,0,1
2026-05-28T15:00:00Z,-9999.9,9,414.6,1,1
2026-05-28T16:00:00Z,436.1,0,436.1,0,1
2026-05-28T17:00:00Z,446.3,0,446.3,0,1
2026-05-28T18:00:00Z,446.9,0,446.9,0,1
2026-05-28T19:00:00Z,440.3,0,440.3,0,1
2026-05-28T20:00:00Z,456.9,0,456.9,0,1
2026-05-28T21:00:00Z,-9999.9,9,456.9,1,1
2026-05-28T22:00:00Z,439.6,0,439.6,0,1
2026-05-28T23:00:00Z,418.5,0,418.5,0,1
2026-05-29T00:00:00Z,403.8,0,403.8,0,1
2026-05-29T01:00:00Z,398.9,0,398.9,0,1
2026-05-29T02:00:00Z,422.0,0,422.0,0,1
2026-05-29T03:00:00Z,-9999.9,9,422.0,1,1
2026-05-29T04:00:00Z,414.5,0,414.5,0,1
2026-05-29T05:00:00Z,418.8,0,418.8,0,1
2026-05-29T06:00:00Z,-9999.9,9,418.8,1,1
2026-05-29T07:00:00Z,418.7,0,418.7,0,1
2026-05-29T08:00:00Z,426.4,0,426.4,0,1
2026-05-29T09:00:00Z,-9999.9,9,426.4,1,1
2026-05-29T10:00:00Z,413.7,0,413.7,0,1
2026-05-29T11:00:00Z,422.1,0,422.1,0,1
2026-05-29T12:00:00Z,411.2,0,411.2,0,1
2026-05-29T13:00:00Z,409.9,0,409.9,0,1
2026-05-29T14:00:00Z,416.1,0,416.1,0,1
2026-05-29T15:00:00Z,-9999.9,9,416.1,1,1
2026-05-29T16:00:00Z,423.5,0,423.5,0,1
2026-05-29T17:00:00Z,403.2,0,403.2,0,1
2026-05-29T18:00:00Z,429.0,0,429.0,0,1
2026-05-29T19:00:00Z,425.7,0,425.7,0,1
2026-05-29T20:00:00Z,406.4,0,406.4,0,1
2026-05-29T21:00:00Z,-9999.9,9,406.4,1,1
2026-05-29T22:00:00Z,427.7,0,427.7,0,1
2026-05-29T23:00:00Z,426.4,0,426.4,0,1
2026-05-30T00:00:00Z,432.4,0,432.4,0,1
2026-05-30T01:00:00Z,437.0,0,437.0,0,1
2026-05-30T02:00:00Z,385.4,1,385.4,0,1
2026-05-30T03:00:00Z,-9999.9,9,385.4,1,1
2026-05-30T04:00:00Z,399.3,1,399.3,0,1
2026-05-30T05:00:00Z,408.0,0,408.0,0,1
2026-05-30T06:00:00Z,-9999.9,9,408.0,1,1
2026-05-30T07:00:00Z,385.7,0,385.7,0,1
2026-05-30T08:00:00Z,386.1,0,386.1,0,1
2026-05-30T09:00:00Z,-9999.9,9,386.1,1,1
2026-05-30T10:00:00Z,-9999.9,9,386.1,1,1
2026-05-30T11:00:00Z,434.2,1,434.2,0,1
2026-05-30T12:00:00Z,-9999.9,9,434.2,1,1
2026-05-30T13:00:00Z,-9999.9,9,434.2,1,1
2026-05-30T14:00:00Z,414.6,0,414.6,0,1
2026-05-30T15:00:00Z,-9999.9,9,414.6,1,1
2026-05-30T16:00:00Z,408.8,0,408.8,0,1
2026-05-30T17:00:00Z,496.1,0,496.1,0,1
2026-05-30T18:00:00Z,497.9,0,497.9,0,1
2026-05-30T19:00:00Z,-9999.9,9,497.9,1,1
2026-05-30T20:00:00Z,518.7,0,518.7,0,1
2026-05-30T21:00:00Z,-9999.9,9,518.7,1,1
2026-05-30T22:00:00Z,492.7,0,492.7,0,1
2026-05-30T23:00:00Z,492.2,0,492.2,0,1
2026-05-31T00:00:00Z,482.9,1,482.9,0,1
2026-05-31T01:00:00Z,484.0,0,484.0,0,1
2026-05-31T02:00:00Z,502.1,0,502.1,0,1
2026-05-31T03:00:00Z,504.9,1,504.9,0,1
2026-05-31T04:00:00Z,529.5,0,529.5,0,1
2026-05-31T05:00:00Z,519.2,0,519.2,0,1
2026-05-31T06:00:00Z,-9999.9,9,519.2,1,1
2026-05-31T07:00:00Z,517.1,0,517.1,0,1
2026-05-31T08:00:00Z,501.2,0,501.2,0,1
2026-05-31T09:00:00Z,-9999.9,9,501.2,1,1
2026-05-31T10:00:00Z,-9999.9,9,501.2,1,1
2026-05-31T11:00:00Z,468.7,0,468.7,0,1
2026-05-31T12:00:00Z,485.4,0,485.4,0,1
2026-05-31T13:00:00Z,496.9,0,496.9,0,1
2026-05-31T14:00:00Z,-9999.9,9,496.9,1,1
2026-05-31T15:00:00Z,-9999.9,9,496.9,1,1
2026-05-31T16:00:00Z,489.7,0,489.7,0,1
2026-05-31T17:00:00Z,499.3,0,499.3,0,1
2026-05-31T18:00:00Z,477.6,0,477.6,0,1
2026-05-31T19:00:00Z,478.1,0,478.1,0,1
2026-05-31T20:00:00Z,473.8,0,473.8,0,1
2026-05-31T21:00:00Z,-9999.9,9,473.8,1,1
2026-05-31T22:00:00Z,462.8,0,462.8,0,1
2026-05-31T23:00:00Z,458.5,0,458.5,0,1
2026-06-01T00:00:00Z,455.0,0,455.0,0,1
2026-06-01T01:00:00Z,441.9,0,441.9,0,1
2026-06-01T02:00:00Z,455.8,0,455.8,0,1
2026-06-01T03:00:00Z,-9999.9,9,455.8,1,1
2026-06-01T04:00:00Z,435.6,0,435.6,0,1
2026-06-01T05:00:00Z,429.4,0,429.4,0,1
2026-06-01T06:00:00Z,415.5,0,415.5,0,1
2026-06-01T07:00:00Z,414.8,0,414.8,0,1
2026-06-01T08:00:00Z,408.7,0,408.7,0,1
2026-06-01T09:00:00Z,-9999.9,9,408.7,1,1
2026-06-01T10:00:00Z,-9999.9,9,408.7,1,1
2026-06-01T11:00:00Z,389.2,0,389.2,0,1
2026-06-01T12:00:00Z,-9999.9,3,389.2,1,1
2026-06-01T13:00:00Z,422.4,0,422.4,0,1
2026-06-01T14:00:00Z,423.3,0,423.3,0,1
2026-06-01T15:00:00Z,415.3,0,415.3,0,1
2026-06-01T16:00:00Z,399.2,0,399.2,0,1
2026-06-01T17:00:00Z,402.4,0,402.4,0,1
2026-06-01T18:00:00Z,404.8,0,404.8,0,1
2026-06-01T19:00:00Z,391.0,0,391.0,0,1
2026-06-01T20:00:00Z,401.3,0,401.3,0,1
2026-06-01T21:00:00Z,-9999.9,9,401.3,1,1
2026-06-01T22:00:00Z,395.3,0,395.3,0,1
2026-06-01T23:00:00Z,393.9,0,393.9,0,1
2026-06-02T00:00:00Z,390.2,0,390.2,0,1
2026-06-02T01:00:00Z,391.5,0,391.5,0,1
2026-06-02T02:00:00Z,390.7,0,390.7,0,1
2026-06-02T03:00:00Z,-9999.9,9,390.7,1,1
2026-06-02T04:00:00Z,400.3,0,400.3,0,1
2026-06-02T05:00:00Z,405.6,0,405.6,0,1
2026-06-02T06:00:00Z,-9999.9,9,405.6,1,1
2026-06-02T07:00:00Z,373.0,0,373.0,0,1
2026-06-02T08:00:00Z,375.3,0,375.3,0,1
2026-06-02T09:00:00Z,-9999.9,9,375.3,1,1
2026-06-02T10:00:00Z,-9999.9,9,375.3,1,1
2026-06-02T11:00:00Z,382.2,0,382.2,0,1
2026-06-02T12:00:00Z,387.0,0,387.0,0,1
2026-06-02T13:00:00Z,393.5,0,393.5,0,1
2026-06-02T14:00:00Z,403.1,0,403.1,0,1
2026-06-02T15:00:00Z,395.7,0,395.7,0,1
2026-06-02T16:00:00Z,-9999.9,9,395.7,1,1
2026-06-02T17:00:00Z,386.9,0,386.9,0,1
2026-06-02T18:00:00Z,-9999.9,9,386.9,1,1
2026-06-02T19:00:00Z,379.4,0,379.4,0,1
2026-06-02T20:00:00Z,375.1,0,375.1,0,1
2026-06-02T21:00:00Z,-9999.9,9,375.1,1,1
2026-06-02T22:00:00Z,-9999.9,9,375.1,1,1
2026-06-02T23:00:00Z,-9999.9,9,375.1,1,1
2026-06-03T00:00:00Z,-9999.9,9,375.1,1,1
2026-06-03T01:00:00Z,-9999.9,9,375.1,1,1
2026-06-03T02:00:00Z,-9999.9,9,375.1,1,1
2026-06-03T03:00:00Z,377.6,1,377.6,0,1
2026-06-03T04:00:00Z,380.1,1,380.1,0,1
2026-06-03T05:00:00Z,381.9,0,381.9,0,1
2026-06-03T06:00:00Z,376.7,0,376.7,0,1
2026-06-03T07:00:00Z,387.4,0,387.4,0,1
2026-06-03T08:00:00Z,407.1,0,407.1,0,1
2026-06-03T09:00:00Z,411.8,0,411.8,0,1
2026-06-03T10:00:00Z,433.0,0,433.0,0,1
2026-06-03T11:00:00Z,426.8,0,426.8,0,1
2026-06-03T12:00:00Z,402.0,1,402.0,0,1
2026-06-03T13:00:00Z,433.9,0,433.9,0,1
2026-06-03T14:00:00Z,439.7,0,439.7,0,1
2026-06-03T15:00:00Z,-9999.9,9,439.7,1,1
2026-06-03T16:00:00Z,423.5,0,423.5,0,1
2026-06-03T17:00:00Z,429.5,0,429.5,0,1
2026-06-03T18:00:00Z,431.4,0,431.4,0,1
2026-06-03T19:00:00Z,426.1,0,426.1,0,1
2026-06-03T20:00:00Z,435.6,0,435.6,0,1
2026-06-03T21:00:00Z,-9999.9,9,435.6,1,1
2026-06-03T22:00:00Z,432.8,0,432.8,0,1
2026-06-03T23:00:00Z,422.5,0,422.5,0,1
2026-06-04T00:00:00Z,-9999.9,9,422.5,1,1
2026-06-04T01:00:00Z,396.9,0,396.9,0,1
2026-06-04T02:00:00Z,400.8,0,400.8,0,1
2026-06-04T03:00:00Z,393.9,1,393.9,0,1
2026-06-04T04:00:00Z,403.0,0,403.0,0,1
2026-06-04T05:00:00Z,398.0,0,398.0,0,1
2026-06-04T06:00:00Z,404.8,0,404.8,0,1
2026-06-04T07:00:00Z,386.0,0,386.0,0,1
2026-06-04T08:00:00Z,400.8,1,400.8,0,1
2026-06-04T09:00:00Z,-9999.9,9,400.8,1,1
2026-06-04T10:00:00Z,414.1,0,414.1,0,1
2026-06-04T11:00:00Z,405.0,0,405.0,0,1
2026-06-04T12:00:00Z,425.9,0,425.9,0,1
2026-06-04T13:00:00Z,427.0,0,427.0,0,1
2026-06-04T14:00:00Z,435.0,0,435.0,0,1
2026-06-04T15:00:00Z,-9999.9,9,435.0,1,1
2026-06-04T16:00:00Z,443.8,0,443.8,0,1
2026-06-04T17:00:00Z,425.5,0,425.5,0,1
2026-06-04T18:00:00Z,-9999.9,9,425.5,1,1
2026-06-04T19:00:00Z,423.5,0,423.5,0,1
2026-06-04T20:00:00Z,423.0,0,423.0,0,1
2026-06-04T21:00:00Z,-9999.9,9,423.0,1,1
2026-06-04T22:00:00Z,421.0,0,421.0,0,1
2026-06-04T23:00:00Z,428.9,0,428.9,0,1
2026-06-05T00:00:00Z,428.5,0,428.5,0,1
2026-06-05T01:00:00Z,419.3,0,419.3,0,1
2026-06-05T02:00:00Z,405.6,0,405.6,0,1
2026-06-05T03:00:00Z,404.4,0,404.4,0,1
2026-06-05T04:00:00Z,520.4,0,520.4,0,1
2026-06-05T05:00:00Z,505.7,0,505.7,0,1
2026-06-05T06:00:00Z,465.9,0,465.9,0,1
2026-06-05T07:00:00Z,429.3,0,429.3,0,1
2026-06-05T08:00:00Z,444.9,0,444.9,0,1
2026-06-05T09:00:00Z,-9999.9,9,444.9,1,1
2026-06-05T10:00:00Z,-9999.9,9,444.9,1,1
2026-06-05T11:00:00Z,547.2,0,547.2,0,1
2026-06-05T12:00:00Z,626.6,0,626.6,0,1
2026-06-05T13:00:00Z,600.5,1,600.5,0,1
2026-06-05T14:00:00Z,-9999.9,9,600.5,1,1
2026-06-05T15:00:00Z,-9999.9,9,600.5,1,1
2026-06-05T16:00:00Z,559.5,0,559.5,0,1
2026-06-05T17:00:00Z,645.0,0,645.0,0,1
2026-06-05T18:00:00Z,614.7,0,614.7,0,1
2026-06-05T19:00:00Z,714.7,0,714.7,0,1
2026-06-05T20:00:00Z,631.0,0,631.0,0,1
2026-06-05T21:00:00Z,-9999.9,9,631.0,1,1
2026-06-05T22:00:00Z,676.4,0,676.4,0,1
2026-06-05T23:00:00Z,653.1,0,653.1,0,1
2026-06-06T00:00:00Z,628.9,0,628.9,0,1
2026-06-06T01:00:00Z,576.8,1,576.8,0,1
2026-06-06T02:00:00Z,-9999.9,9,576.8,1,1
2026-06-06T03:00:00Z,584.2,0,584.2,0,1
2026-06-06T04:00:00Z,582.8,0,582.8,0,1
2026-06-06T05:00:00Z,578.9,0,578.9,0,1
2026-06-06T06:00:00Z,632.3,0,632.3,0,1
2026-06-06T07:00:00Z,574.6,1,574.6,0,1
2026-06-06T08:00:00Z,585.6,0,585.6,0,1
2026-06-06T09:00:00Z,-9999.9,9,585.6,1,1
2026-06-06T10:00:00Z,-9999.9,9,585.6,1,1
2026-06-06T11:00:00Z,590.4,0,590.4,0,1
2026-06-06T12:00:00Z,591.5,0,591.5,0,1
2026-06-06T13:00:00Z,562.5,1,562.5,0,1
2026-06-06T14:00:00Z,578.5,1,578.5,0,1
2026-06-06T15:00:00Z,568.8,1,568.8,0,1
2026-06-06T16:00:00Z,584.1,0,584.1,0,1
2026-06-06T17:00:00Z,593.7,0,593.7,0,1
2026-06-06T18:00:00Z,600.8,0,600.8,0,1
2026-06-06T19:00:00Z,585.5,0,585.5,0,1
2026-06-06T20:00:00Z,576.5,0,576.5,0,1
2026-06-06T21:00:00Z,-9999.9,9,576.5,1,1
2026-06-06T22:00:00Z,599.3,0,599.3,0,1
2026-06-06T23:00:00Z,577.3,0,577.3,0,1
2026-06-07T00:00:00Z,565.6,0,565.6,0,1
2026-06-07T01:00:00Z,566.1,0,566.1,0,1
2026-06-07T02:00:00Z,550.7,0,550.7,0,1
2026-06-07T03:00:00Z,564.3,0,564.3,0,1
2026-06-07T04:00:00Z,546.0,0,546.0,0,1
2026-06-07T05:00:00Z,542.5,0,542.5,0,1
2026-06-07T06:00:00Z,547.2,0,547.2,0,1
2026-06-07T07:00:00Z,542.1,0,542.1,0,1
2026-06-07T08:00:00Z,550.6,0,550.6,0,1
2026-06-07T09:00:00Z,-9999.9,9,550.6,1,1
2026-06-07T10:00:00Z,525.8,1,525.8,0,1
2026-06-07T11:00:00Z,534.6,0,534.6,0,1
2026-06-07T12:00:00Z,549.6,0,549.6,0,1
2026-06-07T13:00:00Z,-9999.9,9,549.6,1,1
2026-06-07T14:00:00Z,-9999.9,9,549.6,1,1
2026-06-07T15:00:00Z,-9999.9,9,549.6,1,1
2026-06-07T16:00:00Z,557.8,0,557.8,0,1
2026-06-07T17:00:00Z,550.0,0,550.0,0,1
2026-06-07T18:00:00Z,545.9,0,545.9,0,1
2026-06-07T19:00:00Z,551.7,0,551.7,0,1
2026-06-07T20:00:00Z,539.6,0,539.6,0,1
2026-06-07T21:00:00Z,-9999.9,9,539.6,1,1
2026-06-07T22:00:00Z,539.3,0,539.3,0,1
2026-06-07T23:00:00Z,506.9,0,506.9,0,1
2026-06-08T00:00:00Z,509.6,0,509.6,0,1
2026-06-08T01:00:00Z,494.5,1,494.5,0,1
2026-06-08T02:00:00Z,487.7,0,487.7,0,1
2026-06-08T03:00:00Z,499.9,0,499.9,0,1
2026-06-08T04:00:00Z,501.6,0,501.6,0,1
2026-06-08T05:00:00Z,503.2,0,503.2,0,1
2026-06-08T06:00:00Z,499.4,0,499.4,0,1
2026-06-08T07:00:00Z,493.0,0,493.0,0,1
2026-06-08T08:00:00Z,-9999.9,9,493.0,1,1
2026-06-08T09:00:00Z,-9999.9,9,493.0,1,1
2026-06-08T10:00:00Z,-9999.9,3,493.0,1,1
2026-06-08T11:00:00Z,486.8,0,486.8,0,1
2026-06-08T12:00:00Z,-9999.9,0,486.8,1,1
2026-06-08T13:00:00Z,-9999.9,9,486.8,1,1
2026-06-08T14:00:00Z,-9999.9,9,486.8,1,1
2026-06-08T15:00:00Z,473.7,0,473.7,0,1
2026-06-08T16:00:00Z,482.8,0,482.8,0,1
2026-06-08T17:00:00Z,464.4,0,464.4,0,1
2026-06-08T18:00:00Z,456.9,0,456.9,0,1
2026-06-08T19:00:00Z,452.7,0,452.7,0,1
2026-06-08T20:00:00Z,443.3,0,443.3,0,1
2026-06-08T21:00:00Z,-9999.9,9,443.3,1,1
2026-06-08T22:00:00Z,451.5,0,451.5,0,1
2026-06-08T23:00:00Z,438.7,0,438.7,0,1
2026-06-09T00:00:00Z,445.8,0,445.8,0,1
2026-06-09T01:00:00Z,441.0,0,441.0,0,1
2026-06-09T02:00:00Z,446.2,0,446.2,0,1
2026-06-09T03:00:00Z,445.2,0,445.2,0,1
2026-06-09T04:00:00Z,439.7,0,439.7,0,1
2026-06-09T05:00:00Z,-9999.9,9,439.7,1,1
2026-06-09T06:00:00Z,419.9,0,419.9,0,1
2026-06-09T07:00:00Z,415.4,0,415.4,0,1
2026-06-09T08:00:00Z,416.8,0,416.8,0,1
2026-06-09T09:00:00Z,-9999.9,9,416.8,1,1
2026-06-09T10:00:00Z,449.4,0,449.4,0,1
2026-06-09T11:00:00Z,448.8,0,448.8,0,1
2026-06-09T12:00:00Z,-9999.9,0,448.8,1,1
2026-06-09T13:00:00Z,440.1,0,440.1,0,1
2026-06-09T14:00:00Z,-9999.9,9,440.1,1,1
2026-06-09T15:00:00Z,-9999.9,9,440.1,1,1
2026-06-09T16:00:00Z,435.1,0,435.1,0,1
2026-06-09T17:00:00Z,466.5,0,466.5,0,1
2026-06-09T18:00:00Z,-9999.9,9,466.5,1,1
2026-06-09T19:00:00Z,446.1,0,446.1,0,1
2026-06-09T20:00:00Z,459.9,0,459.9,0,1
2026-06-09T21:00:00Z,-9999.9,9,459.9,1,1
2026-06-09T22:00:00Z,444.4,0,444.4,0,1
2026-06-09T23:00:00Z,437.7,0,437.7,0,1
2026-06-10T00:00:00Z,441.6,0,441.6,0,1
2026-06-10T01:00:00Z,439.3,0,439.3,0,1
2026-06-10T02:00:00Z,432.8,0,432.8,0,1
2026-06-10T03:00:00Z,424.9,0,424.9,0,1
2026-06-10T04:00:00Z,411.4,0,411.4,0,1
2026-06-10T05:00:00Z,406.4,0,406.4,0,1
2026-06-10T06:00:00Z,406.1,0,406.1,0,1
2026-06-10T07:00:00Z,400.4,0,400.4,0,1
2026-06-10T08:00:00Z,387.4,0,387.4,0,1
2026-06-10T09:00:00Z,-9999.9,9,387.4,1,1
2026-06-10T10:00:00Z,387.3,0,387.3,0,1
2026-06-10T11:00:00Z,388.5,0,388.5,0,1
2026-06-10T12:00:00Z,394.3,0,394.3,0,1
2026-06-10T13:00:00Z,385.0,0,385.0,0,1
2026-06-10T14:00:00Z,393.3,0,393.3,0,1
2026-06-10T15:00:00Z,387.4,0,387.4,0,1
2026-06-10T16:00:00Z,389.4,0,389.4,0,1
2026-06-10T17:00:00Z,392.0,0,392.0,0,1
2026-06-10T18:00:00Z,397.3,0,397.3,0,1
2026-06-10T19:00:00Z,402.3,0,402.3,0,1
2026-06-10T20:00:00Z,392.5,0,392.5,0,1
2026-06-10T21:00:00Z,-9999.9,9,392.5,1,1
2026-06-10T22:00:00Z,-9999.9,9,392.5,1,1
2026-06-10T23:00:00Z,-9999.9,9,392.5,1,1
2026-06-11T00:00:00Z,398.8,0,398.8,0,1
2026-06-11T01:00:00Z,395.8,0,395.8,0,1
2026-06-11T02:00:00Z,393.5,0,393.5,0,1
2026-06-11T03:00:00Z,396.3,0,396.3,0,1
2026-06-11T04:00:00Z,401.0,0,401.0,0,1
2026-06-11T05:00:00Z,385.2,0,385.2,0,1
2026-06-11T06:00:00Z,-9999.9,9,385.2,1,1
2026-06-11T07:00:00Z,388.7,0,388.7,0,1
2026-06-11T08:00:00Z,-9999.9,0,388.7,1,1
2026-06-11T09:00:00Z,-9999.9,9,388.7,1,1
2026-06-11T10:00:00Z,379.8,0,379.8,0,1
2026-06-11T11:00:00Z,380.8,0,380.8,0,1
2026-06-11T12:00:00Z,401.5,0,401.5,0,1
2026-06-11T13:00:00Z,397.7,0,397.7,0,1
2026-06-11T14:00:00Z,400.1,0,400.1,0,1
2026-06-11T15:00:00Z,-9999.9,9,400.1,1,1
2026-06-11T16:00:00Z,-9999.9,9,400.1,1,1
2026-06-11T17:00:00Z,-9999.9,9,400.1,1,1
2026-06-11T18:00:00Z,472.8,0,472.8,0,1
2026-06-11T19:00:00Z,460.0,0,460.0,0,1
2026-06-11T20:00:00Z,504.9,0,504.9,0,1
2026-06-11T21:00:00Z,-9999.9,9,504.9,1,1
2026-06-11T22:00:00Z,499.5,0,499.5,0,1
2026-06-11T23:00:00Z,501.0,0,501.0,0,1
2026-06-12T00:00:00Z,-9999.9,1,501.0,1,1
2026-06-12T01:00:00Z,497.6,1,497.6,0,1
2026-06-12T02:00:00Z,504.6,1,504.6,0,1
2026-06-12T03:00:00Z,559.0,0,559.0,0,1
2026-06-12T04:00:00Z,599.3,0,599.3,0,1
2026-06-12T05:00:00Z,602.9,0,602.9,0,1
2026-06-12T06:00:00Z,588.0,0,588.0,0,1
2026-06-12T07:00:00Z,612.3,0,612.3,0,1
2026-06-12T08:00:00Z,-9999.9,0,612.3,1,1
2026-06-12T09:00:00Z,-9999.9,9,612.3,1,1
2026-06-12T10:00:00Z,596.8,1,596.8,0,1
2026-06-12T11:00:00Z,588.6,0,588.6,0,1
2026-06-12T12:00:00Z,593.5,0,593.5,0,1
2026-06-12T13:00:00Z,585.6,0,585.6,0,1
2026-06-12T14:00:00Z,586.6,0,586.6,0,1
2026-06-12T15:00:00Z,-9999.9,9,586.6,1,1
2026-06-12T16:00:00Z,-9999.9,9,586.6,1,1
2026-06-12T17:00:00Z,-9999.9,9,586.6,1,1
2026-06-12T18:00:00Z,-9999.9,9,586.6,1,1
2026-06-12T19:00:00Z,551.0,0,551.0,0,1
2026-06-12T20:00:00Z,542.1,0,542.1,0,1
2026-06-12T21:00:00Z,-9999.9,9,542.1,1,1
2026-06-12T22:00:00Z,560.8,0,560.8,0,1
2026-06-12T23:00:00Z,557.8,0,557.8,0,1
2026-06-13T00:00:00Z,568.8,0,568.8,0,1
2026-06-13T01:00:00Z,547.5,1,547.5,0,1
2026-06-13T02:00:00Z,583.9,0,583.9,0,1
2026-06-13T03:00:00Z,582.6,0,582.6,0,1
2026-06-13T04:00:00Z,556.4,0,556.4,0,1
2026-06-13T05:00:00Z,558.5,0,558.5,0,1
2026-06-13T06:00:00Z,554.5,0,554.5,0,1
2026-06-13T07:00:00Z,582.7,0,582.7,0,1
2026-06-13T08:00:00Z,574.7,0,574.7,0,1
2026-06-13T09:00:00Z,-9999.9,9,574.7,1,1
2026-06-13T10:00:00Z,612.4,0,612.4,0,1
2026-06-13T11:00:00Z,643.3,0,643.3,0,1
2026-06-13T12:00:00Z,612.2,0,612.2,0,1
2026-06-13T13:00:00Z,598.6,0,598.6,0,1
2026-06-13T14:00:00Z,-9999.9,9,598.6,1,1
2026-06-13T15:00:00Z,619.8,0,619.8,0,1
2026-06-13T16:00:00Z,600.4,0,600.4,0,1
2026-06-13T17:00:00Z,573.9,0,573.9,0,1
2026-06-13T18:00:00Z,581.1,0,581.1,0,1
2026-06-13T19:00:00Z,566.1,0,566.1,0,1
2026-06-13T20:00:00Z,554.3,0,554.3,0,1
2026-06-13T21:00:00Z,-9999.9,9,554.3,1,1
2026-06-13T22:00:00Z,545.8,0,545.8,0,1
2026-06-13T23:00:00Z,545.1,0,545.1,0,1
2026-06-14T00:00:00Z,542.0,0,542.0,0,1
2026-06-14T01:00:00Z,540.2,0,540.2,0,1
2026-06-14T02:00:00Z,532.4,0,532.4,0,1
2026-06-14T03:00:00Z,530.9,0,530.9,0,1
2026-06-14T04:00:00Z,535.2,0,535.2,0,1
2026-06-14T05:00:00Z,523.5,0,523.5,0,1
2026-06-14T06:00:00Z,519.6,0,519.6,0,1
2026-06-14T07:00:00Z,516.2,0,516.2,0,1
2026-06-14T08:00:00Z,506.3,0,506.3,0,1
2026-06-14T09:00:00Z,-9999.9,9,506.3,1,1
2026-06-14T10:00:00Z,490.6,0,490.6,0,1
2026-06-14T11:00:00Z,-9999.9,9,490.6,1,1
2026-06-14T12:00:00Z,-9999.9,0,490.6,1,1
2026-06-14T13:00:00Z,-9999.9,9,490.6,1,1
2026-06-14T14:00:00Z,482.2,0,482.2,0,1
2026-06-14T15:00:00Z,476.6,0,476.6,0,1
2026-06-14T16:00:00Z,472.1,0,472.1,0,1
2026-06-14T17:00:00Z,488.5,0,488.5,0,1
2026-06-14T18:00:00Z,472.4,0,472.4,0,1
2026-06-14T19:00:00Z,455.4,1,455.4,0,1
2026-06-14T20:00:00Z,450.7,0,450.7,0,1
2026-06-14T21:00:00Z,-9999.9,9,450.7,1,1
2026-06-14T22:00:00Z,458.8,0,458.8,0,1
2026-06-14T23:00:00Z,453.5,0,453.5,0,1
2026-06-15T00:00:00Z,450.0,0,450.0,0,1
2026-06-15T01:00:00Z,458.2,0,458.2,0,1
2026-06-15T02:00:00Z,444.5,0,444.5,0,1
2026-06-15T03:00:00Z,447.7,0,447.7,0,1
2026-06-15T04:00:00Z,450.2,0,450.2,0,1
2026-06-15T05:00:00Z,446.0,0,446.0,0,1
2026-06-15T06:00:00Z,434.4,1,434.4,0,1
2026-06-15T07:00:00Z,445.3,0,445.3,0,1
2026-06-15T08:00:00Z,435.0,0,435.0,0,1
2026-06-15T09:00:00Z,-9999.9,9,435.0,1,1
2026-06-15T10:00:00Z,436.9,0,436.9,0,1
2026-06-15T11:00:00Z,431.6,0,431.6,0,1
2026-06-15T12:00:00Z,416.7,0,416.7,0,1
2026-06-15T13:00:00Z,427.5,0,427.5,0,1
2026-06-15T14:00:00Z,430.3,0,430.3,0,1
2026-06-15T15:00:00Z,-9999.9,9,430.3,1,1
2026-06-15T16:00:00Z,-9999.9,9,430.3,1,1
2026-06-15T17:00:00Z,-9999.9,9,430.3,1,1
2026-06-15T18:00:00Z,438.8,0,438.8,0,1
2026-06-15T19:00:00Z,433.0,0,433.0,0,1
2026-06-15T20:00:00Z,434.0,0,434.0,0,1
2026-06-15T21:00:00Z,-9999.9,9,434.0,1,1
2026-06-15T22:00:00Z,424.4,0,424.4,0,1
2026-06-15T23:00:00Z,446.8,0,446.8,0,1
2026-06-16T00:00:00Z,453.9,0,453.9,0,1
2026-06-16T01:00:00Z,445.7,0,445.7,0,1
2026-06-16T02:00:00Z,440.8,0,440.8,0,1
2026-06-16T03:00:00Z,429.5,0,429.5,0,1
2026-06-16T04:00:00Z,428.2,0,428.2,0,1
2026-06-16T05:00:00Z,428.9,0,428.9,0,1
2026-06-16T06:00:00Z,419.8,0,419.8,0,1
2026-06-16T07:00:00Z,414.5,0,414.5,0,1
2026-06-16T08:00:00Z,407.9,0,407.9,0,1
2026-06-16T09:00:00Z,-9999.9,9,407.9,1,1
2026-06-16T10:00:00Z,403.5,0,403.5,0,1
2026-06-16T11:00:00Z,397.8,0,397.8,0,1
2026-06-16T12:00:00Z,390.7,0,390.7,0,1
2026-06-16T13:00:00Z,419.2,0,419.2,0,1
2026-06-16T14:00:00Z,402.2,0,402.2,0,1
2026-06-16T15:00:00Z,-9999.9,9,402.2,1,1
2026-06-16T16:00:00Z,408.1,0,408.1,0,1
2026-06-16T17:00:00Z,402.8,0,402.8,0,1
2026-06-16T18:00:00Z,410.6,0,410.6,0,1
2026-06-16T19:00:00Z,400.1,0,400.1,0,1
2026-06-16T20:00:00Z,418.2,0,418.2,0,1
2026-06-16T21:00:00Z,-9999.9,9,418.2,1,1
2026-06-16T22:00:00Z,407.7,0,407.7,0,1
2026-06-16T23:00:00Z,406.0,0,406.0,0,1
2026-06-17T00:00:00Z,405.1,0,405.1,0,1
2026-06-17T01:00:00Z,401.3,0,401.3,0,1
2026-06-17T02:00:00Z,408.8,0,408.8,0,1
2026-06-17T03:00:00Z,420.7,0,420.7,0,1
2026-06-17T04:00:00Z,417.5,0,417.5,0,1
2026-06-17T05:00:00Z,419.7,0,419.7,0,1
2026-06-17T06:00:00Z,422.6,0,422.6,0,1
2026-06-17T07:00:00Z,428.9,0,428.9,0,1
2026-06-17T08:00:00Z,433.2,0,433.2,0,1
2026-06-17T09:00:00Z,-9999.9,9,433.2,1,1
2026-06-17T10:00:00Z,442.1,0,442.1,0,1
2026-06-17T11:00:00Z,446.2,0,446.2,0,1
2026-06-17T12:00:00Z,456.4,0,456.4,0,1
2026-06-17T13:00:00Z,458.3,0,458.3,0,1
2026-06-17T14:00:00Z,475.1,0,475.1,0,1
2026-06-17T15:00:00Z,462.4,0,462.4,0,1
2026-06-17T16:00:00Z,-9999.9,9,462.4,1,1
2026-06-17T17:00:00Z,-9999.9,9,462.4,1,1
2026-06-17T18:00:00Z,-9999.9,9,462.4,1,1
2026-06-17T19:00:00Z,453.0,0,453.0,0,1
2026-06-17T20:00:00Z,460.1,0,460.1,0,1
2026-06-17T21:00:00Z,-9999.9,9,460.1,1,1
2026-06-17T22:00:00Z,438.9,0,438.9,0,1
2026-06-17T23:00:00Z,436.5,0,436.5,0,1
2026-06-18T00:00:00Z,430.4,0,430.4,0,1
2026-06-18T01:00:00Z,427.9,0,427.9,0,1
2026-06-18T02:00:00Z,417.0,0,417.0,0,1
2026-06-18T03:00:00Z,411.8,0,411.8,0,1
2026-06-18T04:00:00Z,414.9,0,414.9,0,1
2026-06-18T05:00:00Z,409.9,0,409.9,0,1
2026-06-18T06:00:00Z,403.8,0,403.8,0,1
2026-06-18T07:00:00Z,392.7,0,392.7,0,1
2026-06-18T08:00:00Z,404.3,0,404.3,0,1
2026-06-18T09:00:00Z,-9999.9,9,404.3,1,1
2026-06-18T10:00:00Z,-9999.9,9,404.3,1,1
2026-06-18T11:00:00Z,395.4,0,395.4,0,1
2026-06-18T12:00:00Z,-9999.9,3,395.4,1,1
2026-06-18T13:00:00Z,390.7,0,390.7,0,1
2026-06-18T14:00:00Z,382.1,0,382.1,0,1
2026-06-18T15:00:00Z,377.9,0,377.9,0,1
2026-06-18T16:00:00Z,372.6,0,372.6,0,1
2026-06-18T17:00:00Z,372.6,0,372.6,0,1
2026-06-18T18:00:00Z,365.9,0,365.9,0,1
2026-06-18T19:00:00Z,365.0,0,365.0,0,1
2026-06-18T20:00:00Z,371.5,0,371.5,0,1
2026-06-18T21:00:00Z,-9999.9,9,371.5,1,1
2026-06-18T22:00:00Z,371.2,1,371.2,0,1
2026-06-18T23:00:00Z,366.9,0,366.9,0,1
2026-06-19T00:00:00Z,377.4,0,377.4,0,1
2026-06-19T01:00:00Z,368.5,0,368.5,0,1
2026-06-19T02:00:00Z,375.1,0,375.1,0,1
2026-06-19T03:00:00Z,372.6,0,372.6,0,1
2026-06-19T04:00:00Z,368.5,0,368.5,0,1
2026-06-19T05:00:00Z,375.1,0,375.1,0,1
2026-06-19T06:00:00Z,-9999.9,9,375.1,1,1
2026-06-19T07:00:00Z,-9999.9,9,375.1,1,1
2026-06-19T08:00:00Z,-9999.9,0,375.1,1,1
2026-06-19T09:00:00Z,-9999.9,9,375.1,1,1
2026-06-19T10:00:00Z,404.0,1,404.0,0,1
2026-06-19T11:00:00Z,425.0,1,425.0,0,1
2026-06-19T12:00:00Z,422.5,0,422.5,0,1
2026-06-19T13:00:00Z,406.3,0,406.3,0,1
2026-06-19T14:00:00Z,401.3,0,401.3,0,1
2026-06-19T15:00:00Z,-9999.9,3,401.3,1,1
2026-06-19T16:00:00Z,401.4,1,401.4,0,1
2026-06-19T17:00:00Z,411.7,1,411.7,0,1
2026-06-19T18:00:00Z,399.1,0,399.1,0,1
2026-06-19T19:00:00Z,399.1,1,399.1,0,1
2026-06-19T20:00:00Z,401.0,1,401.0,0,1
2026-06-19T21:00:00Z,-9999.9,9,401.0,1,1
2026-06-19T22:00:00Z,382.8,1,382.8,0,1
2026-06-19T23:00:00Z,388.1,0,388.1,0,1
2026-06-20T00:00:00Z,383.1,0,383.1,0,1
2026-06-20T01:00:00Z,392.0,1,392.0,0,1
2026-06-20T02:00:00Z,416.4,0,416.4,0,1
2026-06-20T03:00:00Z,377.5,0,377.5,0,1
2026-06-20T04:00:00Z,375.5,0,375.5,0,1
2026-06-20T05:00:00Z,408.7,0,408.7,0,1
2026-06-20T06:00:00Z,386.4,0,386.4,0,1
2026-06-20T07:00:00Z,396.6,0,396.6,0,1
2026-06-20T08:00:00Z,395.6,0,395.6,0,1
2026-06-20T09:00:00Z,-9999.9,9,395.6,1,1
2026-06-20T10:00:00Z,384.0,0,384.0,0,1
2026-06-20T11:00:00Z,386.2,0,386.2,0,1
2026-06-20T12:00:00Z,392.1,0,392.1,0,1
2026-06-20T13:00:00Z,392.6,0,392.6,0,1
2026-06-20T14:00:00Z,382.8,1,382.8,0,1
2026-06-20T15:00:00Z,-9999.9,9,382.8,1,1
2026-06-20T16:00:00Z,-9999.9,9,382.8,1,1
2026-06-20T17:00:00Z,-9999.9,9,382.8,1,1
2026-06-20T18:00:00Z,-9999.9,9,382.8,1,1
2026-06-20T19:00:00Z,401.8,0,401.8,0,1
2026-06-20T20:00:00Z,403.7,0,403.7,0,1
2026-06-20T21:00:00Z,-9999.9,9,403.7,1,1
2026-06-20T22:00:00Z,393.2,0,393.2,0,1
2026-06-20T23:00:00Z,398.0,0,398.0,0,1
2026-06-21T00:00:00Z,386.9,0,386.9,0,1
2026-06-21T01:00:00Z,390.8,0,390.8,0,1
2026-06-21T02:00:00Z,380.7,0,380.7,0,1
2026-06-21T03:00:00Z,388.6,0,388.6,0,1
2026-06-21T04:00:00Z,379.3,0,379.3,0,1
2026-06-21T05:00:00Z,391.1,1,391.1,0,1
2026-06-21T06:00:00Z,389.1,0,389.1,0,1
2026-06-21T07:00:00Z,372.0,0,372.0,0,1
2026-06-21T08:00:00Z,378.6,0,378.6,0,1
2026-06-21T09:00:00Z,-9999.9,9,378.6,1,1
2026-06-21T10:00:00Z,366.9,0,366.9,0,1
2026-06-21T11:00:00Z,370.4,0,370.4,0,1
2026-06-21T12:00:00Z,365.4,0,365.4,0,1
2026-06-21T13:00:00Z,364.1,0,364.1,0,1
2026-06-21T14:00:00Z,363.9,0,363.9,0,1
2026-06-21T15:00:00Z,358.8,0,358.8,0,1
2026-06-21T16:00:00Z,381.5,0,381.5,0,1
2026-06-21T17:00:00Z,377.7,0,377.7,0,1
2026-06-21T18:00:00Z,376.9,0,376.9,0,1
2026-06-21T19:00:00Z,378.2,0,378.2,0,1
2026-06-21T20:00:00Z,-9999.9,0,378.2,1,1
2026-06-21T21:00:00Z,-9999.9,9,378.2,1,1
2026-06-21T22:00:00Z,-9999.9,9,378.2,1,1
2026-06-21T23:00:00Z,368.0,1,368.0,0,1
2026-06-22T00:00:00Z,369.7,0,369.7,0,1
2026-06-22T01:00:00Z,349.3,0,349.3,0,1
2026-06-22T02:00:00Z,355.5,0,355.5,0,1
2026-06-22T03:00:00Z,349.4,0,349.4,0,1
2026-06-22T04:00:00Z,359.0,1,359.0,0,1
2026-06-22T05:00:00Z,367.4,0,367.4,0,1
2026-06-22T06:00:00Z,358.5,0,358.5,0,1
2026-06-22T07:00:00Z,354.8,0,354.8,0,1
2026-06-22T08:00:00Z,359.1,0,359.1,0,1
2026-06-22T09:00:00Z,-9999.9,9,359.1,1,1
2026-06-22T10:00:00Z,361.1,0,361.1,0,1
2026-06-22T11:00:00Z,358.0,0,358.0,0,1
2026-06-22T12:00:00Z,354.1,0,354.1,0,1
2026-06-22T13:00:00Z,355.9,0,355.9,0,1
2026-06-22T14:00:00Z,348.3,0,348.3,0,1
2026-06-22T15:00:00Z,-9999.9,9,348.3,1,1
2026-06-22T16:00:00Z,-9999.9,9,348.3,1,1
2026-06-22T17:00:00Z,-9999.9,9,348.3,1,1
2026-06-22T18:00:00Z,357.2,0,357.2,0,1
2026-06-22T19:00:00Z,356.3,0,356.3,0,1
2026-06-22T20:00:00Z,347.2,0,347.2,0,1
2026-06-22T21:00:00Z,-9999.9,9,347.2,1,1
2026-06-22T22:00:00Z,353.2,0,353.2,0,1
2026-06-22T23:00:00Z,343.2,0,343.2,0,1
2026-06-23T00:00:00Z,342.4,0,342.4,0,1
2026-06-23T01:00:00Z,331.4,0,331.4,0,1
2026-06-23T02:00:00Z,338.5,0,338.5,0,1
2026-06-23T03:00:00Z,355.7,0,355.7,0,1
2026-06-23T04:00:00Z,354.9,0,354.9,0,1
2026-06-23T05:00:00Z,363.5,0,363.5,0,1
2026-06-23T06:00:00Z,352.7,1,352.7,0,1
2026-06-23T07:00:00Z,356.8,0,356.8,0,1
2026-06-23T08:00:00Z,359.6,1,359.6,0,1
2026-06-23T09:00:00Z,-9999.9,9,359.6,1,1
2026-06-23T10:00:00Z,360.2,0,360.2,0,1
2026-06-23T11:00:00Z,379.4,0,379.4,0,1
2026-06-23T12:00:00Z,-9999.9,9,379.4,1,1
2026-06-23T13:00:00Z,-9999.9,9,379.4,1,1
2026-06-23T14:00:00Z,-9999.9,9,379.4,1,1
2026-06-23T15:00:00Z,-9999.9,9,379.4,1,1
2026-06-23T16:00:00Z,377.8,0,377.8,0,1
2026-06-23T17:00:00Z,365.8,0,365.8,0,1
2026-06-23T18:00:00Z,375.5,0,375.5,0,1
2026-06-23T19:00:00Z,389.1,0,389.1,0,1
2026-06-23T20:00:00Z,393.5,0,393.5,0,1
2026-06-23T21:00:00Z,-9999.9,9,393.5,1,1
2026-06-23T22:00:00Z,386.6,0,386.6,0,1
2026-06-23T23:00:00Z,388.4,0,388.4,0,1
2026-06-24T00:00:00Z,390.6,0,390.6,0,1
2026-06-24T01:00:00Z,366.3,0,366.3,0,1
2026-06-24T02:00:00Z,384.4,1,384.4,0,1
2026-06-24T03:00:00Z,386.5,0,386.5,0,1
2026-06-24T04:00:00Z,432.6,1,432.6,0,1
2026-06-24T05:00:00Z,454.1,1,454.1,0,1
2026-06-24T06:00:00Z,450.5,0,450.5,0,1
2026-06-24T07:00:00Z,448.6,1,448.6,0,1
2026-06-24T08:00:00Z,442.8,0,442.8,0,1
2026-06-24T09:00:00Z,-9999.9,9,442.8,1,1
2026-06-24T10:00:00Z,469.0,0,469.0,0,1
2026-06-24T11:00:00Z,452.8,0,452.8,0,1
2026-06-24T12:00:00Z,459.5,0,459.5,0,1
2026-06-24T13:00:00Z,451.9,0,451.9,0,1
2026-06-24T14:00:00Z,471.9,0,471.9,0,1
2026-06-24T15:00:00Z,451.5,0,451.5,0,1
2026-06-24T16:00:00Z,460.5,0,460.5,0,1
2026-06-24T17:00:00Z,507.7,0,507.7,0,1
2026-06-24T18:00:00Z,479.5,1,479.5,0,1
2026-06-24T19:00:00Z,511.8,0,511.8,0,1
2026-06-24T20:00:00Z,593.4,0,593.4,0,1
2026-06-24T21:00:00Z,-9999.9,9,593.4,1,1
2026-06-24T22:00:00Z,-9999.9,9,593.4,1,1
2026-06-24T23:00:00Z,-9999.9,9,593.4,1,1
2026-06-25T00:00:00Z,-9999.9,9,593.4,1,1
2026-06-25T01:00:00Z,663.0,0,663.0,0,1
2026-06-25T02:00:00Z,695.1,0,695.1,0,1
2026-06-25T03:00:00Z,635.6,0,635.6,0,1
2026-06-25T04:00:00Z,653.7,0,653.7,0,1
2026-06-25T05:00:00Z,655.6,0,655.6,0,1
2026-06-25T06:00:00Z,666.9,0,666.9,0,1
2026-06-25T07:00:00Z,680.4,0,680.4,0,1
2026-06-25T08:00:00Z,645.7,0,645.7,0,1
2026-06-25T09:00:00Z,-9999.9,9,645.7,1,1
2026-06-25T10:00:00Z,667.4,0,667.4,0,1
2026-06-25T11:00:00Z,-9999.9,9,667.4,1,1
2026-06-25T12:00:00Z,720.0,0,720.0,0,1
2026-06-25T13:00:00Z,687.0,0,687.0,0,1
2026-06-25T14:00:00Z,-9999.9,9,687.0,1,1
2026-06-25T15:00:00Z,697.9,0,697.9,0,1
2026-06-25T16:00:00Z,711.6,0,711.6,0,1
2026-06-25T17:00:00Z,715.7,0,715.7,0,1
2026-06-25T18:00:00Z,701.4,0,701.4,0,1
2026-06-25T19:00:00Z,711.4,1,711.4,0,1
2026-06-25T20:00:00Z,717.2,0,717.2,0,1
2026-06-25T21:00:00Z,-9999.9,9,717.2,1,1
2026-06-25T22:00:00Z,715.7,0,715.7,0,1
2026-06-25T23:00:00Z,679.0,0,679.0,0,1
2026-06-26T00:00:00Z,702.7,1,702.7,0,1
2026-06-26T01:00:00Z,692.7,0,692.7,0,1
2026-06-26T02:00:00Z,670.4,0,670.4,0,1
2026-06-26T03:00:00Z,652.4,0,652.4,0,1
2026-06-26T04:00:00Z,632.0,0,632.0,0,1
2026-06-26T05:00:00Z,631.7,0,631.7,0,1
2026-06-26T06:00:00Z,629.7,1,629.7,0,1
2026-06-26T07:00:00Z,647.0,0,647.0,0,1
2026-06-26T08:00:00Z,656.3,0,656.3,0,1
2026-06-26T09:00:00Z,-9999.9,9,656.3,1,1
2026-06-26T10:00:00Z,628.4,0,628.4,0,1
2026-06-26T11:00:00Z,627.0,1,627.0,0,1
2026-06-26T12:00:00Z,653.4,0,653.4,0,1
2026-06-26T13:00:00Z,649.3,0,649.3,0,1
2026-06-26T14:00:00Z,-9999.9,9,649.3,1,1
2026-06-26T15:00:00Z,-9999.9,9,649.3,1,1
2026-06-26T16:00:00Z,-9999.9,9,649.3,1,1
2026-06-26T17:00:00Z,660.3,0,660.3,0,1
2026-06-26T18:00:00Z,657.2,0,657.2,0,1
2026-06-26T19:00:00Z,-9999.9,9,657.2,1,1
2026-06-26T20:00:00Z,656.7,0,656.7,0,1
2026-06-26T21:00:00Z,-9999.9,9,656.7,1,1
2026-06-26T22:00:00Z,665.6,0,665.6,0,1
2026-06-26T23:00:00Z,663.5,0,663.5,0,1
2026-06-27T00:00:00Z,657.6,0,657.6,0,1
2026-06-27T01:00:00Z,666.2,0,666.2,0,1
2026-06-27T02:00:00Z,649.4,0,649.4,0,1
2026-06-27T03:00:00Z,643.0,0,643.0,0,1
2026-06-27T04:00:00Z,621.5,0,621.5,0,1
2026-06-27T05:00:00Z,608.1,0,608.1,0,1
2026-06-27T06:00:00Z,602.5,1,602.5,0,1
2026-06-27T07:00:00Z,575.5,0,575.5,0,1
2026-06-27T08:00:00Z,578.0,0,578.0,0,1
2026-06-27T09:00:00Z,-9999.9,9,578.0,1,1
2026-06-27T10:00:00Z,552.4,1,552.4,0,1
2026-06-27T11:00:00Z,-9999.9,9,552.4,1,1
2026-06-27T12:00:00Z,562.7,0,562.7,0,1
2026-06-27T13:00:00Z,558.5,1,558.5,0,1
2026-06-27T14:00:00Z,545.8,0,545.8,0,1
2026-06-27T15:00:00Z,539.6,0,539.6,0,1
2026-06-27T16:00:00Z,545.8,0,545.8,0,1
2026-06-27T17:00:00Z,531.4,0,531.4,0,1
2026-06-27T18:00:00Z,526.6,0,526.6,0,1
2026-06-27T19:00:00Z,534.2,0,534.2,0,1
2026-06-27T20:00:00Z,512.9,0,512.9,0,1
2026-06-27T21:00:00Z,-9999.9,9,512.9,1,1
2026-06-27T22:00:00Z,514.7,0,514.7,0,1
2026-06-27T23:00:00Z,520.8,0,520.8,0,1
2026-06-28T00:00:00Z,513.3,1,513.3,0,1
2026-06-28T01:00:00Z,507.5,1,507.5,0,1
2026-06-28T02:00:00Z,500.6,0,500.6,0,1
2026-06-28T03:00:00Z,499.3,0,499.3,0,1
2026-06-28T04:00:00Z,492.2,0,492.2,0,1
2026-06-28T05:00:00Z,479.7,0,479.7,0,1
2026-06-28T06:00:00Z,471.1,0,471.1,0,1
2026-06-28T07:00:00Z,468.2,0,468.2,0,1
2026-06-28T08:00:00Z,459.1,1,459.1,0,1
2026-06-28T09:00:00Z,-9999.9,9,459.1,1,1
2026-06-28T10:00:00Z,461.5,1,461.5,0,1
2026-06-28T11:00:00Z,448.5,1,448.5,0,1
2026-06-28T12:00:00Z,459.0,1,459.0,0,1
2026-06-28T13:00:00Z,444.2,1,444.2,0,1
2026-06-28T14:00:00Z,-9999.9,3,444.2,1,1
2026-06-28T15:00:00Z,-9999.9,9,444.2,1,1
2026-06-28T16:00:00Z,450.9,1,450.9,0,1
2026-06-28T17:00:00Z,-9999.9,9,450.9,1,1
2026-06-28T18:00:00Z,436.1,1,436.1,0,1
2026-06-28T19:00:00Z,435.4,0,435.4,0,1
2026-06-28T20:00:00Z,435.3,0,435.3,0,1
2026-06-28T21:00:00Z,-9999.9,9,435.3,1,1
2026-06-28T22:00:00Z,407.9,0,407.9,0,1
2026-06-28T23:00:00Z,415.6,0,415.6,0,1
2026-06-29T00:00:00Z,428.6,1,428.6,0,1
2026-06-29T01:00:00Z,423.3,0,423.3,0,1
2026-06-29T02:00:00Z,421.8,1,421.8,0,1
2026-06-29T03:00:00Z,424.6,1,424.6,0,1
2026-06-29T04:00:00Z,422.6,1,422.6,0,1
2026-06-29T05:00:00Z,421.9,1,421.9,0,1
2026-06-29T06:00:00Z,418.9,0,418.9,0,1
2026-06-29T07:00:00Z,417.1,0,417.1,0,1
2026-06-29T08:00:00Z,433.4,0,433.4,0,1
2026-06-29T09:00:00Z,-9999.9,9,433.4,1,1
2026-06-29T10:00:00Z,396.2,0,396.2,0,1
2026-06-29T11:00:00Z,389.0,1,389.0,0,1
2026-06-29T12:00:00Z,366.0,1,366.0,0,1
2026-06-29T13:00:00Z,349.6,1,349.6,0,1
2026-06-29T14:00:00Z,354.8,1,354.8,0,1
2026-06-29T15:00:00Z,-9999.9,9,354.8,1,1
2026-06-29T16:00:00Z,-9999.9,9,354.8,1,1
2026-06-29T17:00:00Z,-9999.9,9,354.8,1,1
2026-06-29T18:00:00Z,385.7,0,385.7,0,1
2026-06-29T19:00:00Z,345.2,0,345.2,0,1
2026-06-29T20:00:00Z,434.7,1,434.7,0,1
2026-06-29T21:00:00Z,-9999.9,9,434.7,1,1
2026-06-29T22:00:00Z,376.5,0,376.5,0,1
2026-06-29T23:00:00Z,337.4,0,337.4,0,1
2026-06-30T00:00:00Z,328.8,0,328.8,0,1
2026-06-30T01:00:00Z,340.2,1,340.2,0,1
2026-06-30T02:00:00Z,404.7,1,404.7,0,1
2026-06-30T03:00:00Z,441.5,1,441.5,0,1
2026-06-30T04:00:00Z,320.4,0,320.4,0,1
2026-06-30T05:00:00Z,351.1,0,351.1,0,1
2026-06-30T06:00:00Z,341.4,1,341.4,0,1
2026-06-30T07:00:00Z,380.5,1,380.5,0,1
2026-06-30T08:00:00Z,349.6,0,349.6,0,1
2026-06-30T09:00:00Z,-9999.9,9,349.6,1,1
2026-06-30T10:00:00Z,345.6,1,345.6,0,1
2026-06-30T11:00:00Z,441.6,0,441.6,0,1
2026-06-30T12:00:00Z,414.7,0,414.7,0,1
2026-06-30T13:00:00Z,444.6,0,444.6,0,1
2026-06-30T14:00:00Z,430.5,0,430.5,0,1
2026-06-30T15:00:00Z,-9999.9,9,430.5,1,1
2026-06-30T16:00:00Z,-9999.9,9,430.5,1,1
2026-06-30T17:00:00Z,421.2,0,421.2,0,1
2026-06-30T18:00:00Z,429.7,0,429.7,0,1
2026-06-30T19:00:00Z,423.4,0,423.4,0,1
2026-06-30T20:00:00Z,415.8,1,415.8,0,1
2026-06-30T21:00:00Z,-9999.9,9,415.8,1,1
2026-06-30T22:00:00Z,424.8,0,424.8,0,1
2026-06-30T23:00:00Z,422.7,0,422.7,0,1
2026-07-01T00:00:00Z,421.3,0,421.3,0,1
2026-07-01T01:00:00Z,434.2,0,434.2,0,1
2026-07-01T02:00:00Z,442.1,0,442.1,0,1
2026-07-01T03:00:00Z,428.8,0,428.8,0,1
2026-07-01T04:00:00Z,434.4,1,434.4,0,1
2026-07-01T05:00:00Z,418.4,0,418.4,0,1
2026-07-01T06:00:00Z,414.4,0,414.4,0,1
2026-07-01T07:00:00Z,-9999.9,3,414.4,1,1
2026-07-01T08:00:00Z,422.2,0,422.2,0,1
2026-07-01T09:00:00Z,-9999.9,9,422.2,1,1
2026-07-01T10:00:00Z,-9999.9,9,422.2,1,1
2026-07-01T11:00:00Z,402.3,1,402.3,0,1
2026-07-01T12:00:00Z,400.1,1,400.1,0,1
2026-07-01T13:00:00Z,409.6,0,409.6,0,1
2026-07-01T14:00:00Z,384.6,0,384.6,0,1
2026-07-01T15:00:00Z,413.9,0,413.9,0,1
2026-07-01T16:00:00Z,406.5,0,406.5,0,1
2026-07-01T17:00:00Z,425.2,0,425.2,0,1
2026-07-01T18:00:00Z,408.6,0,408.6,0,1
2026-07-01T19:00:00Z,427.3,0,427.3,0,1
2026-07-01T20:00:00Z,421.7,0,421.7,0,1
2026-07-01T21:00:00Z,-9999.9,9,421.7,1,1
2026-07-01T22:00:00Z,411.6,0,411.6,0,1
2026-07-01T23:00:00Z,425.2,0,425.2,0,1
2026-07-02T00:00:00Z,407.8,0,407.8,0,1
2026-07-02T01:00:00Z,392.4,1,392.4,0,1
2026-07-02T02:00:00Z,408.1,0,408.1,0,1
2026-07-02T03:00:00Z,403.0,0,403.0,0,1
2026-07-02T04:00:00Z,408.8,0,408.8,0,1
2026-07-02T05:00:00Z,412.0,0,412.0,0,1
2026-07-02T06:00:00Z,398.4,0,398.4,0,1
2026-07-02T07:00:00Z,399.3,0,399.3,0,1
2026-07-02T08:00:00Z,402.9,0,402.9,0,1
2026-07-02T09:00:00Z,-9999.9,9,402.9,1,1
2026-07-02T10:00:00Z,-9999.9,9,402.9,1,1
2026-07-02T11:00:00Z,370.8,1,370.8,0,1
2026-07-02T12:00:00Z,376.3,0,376.3,0,1
2026-07-02T13:00:00Z,365.0,0,365.0,0,1
2026-07-02T14:00:00Z,392.0,0,392.0,0,1
2026-07-02T15:00:00Z,-9999.9,3,392.0,1,1
2026-07-02T16:00:00Z,353.5,0,353.5,0,1
2026-07-02T17:00:00Z,361.8,0,361.8,0,1
2026-07-02T18:00:00Z,379.0,1,379.0,0,1
2026-07-02T19:00:00Z,334.8,0,334.8,0,1
2026-07-02T20:00:00Z,323.8,0,323.8,0,1
2026-07-02T21:00:00Z,-9999.9,9,323.8,1,1
2026-07-02T22:00:00Z,372.4,0,372.4,0,1
2026-07-02T23:00:00Z,417.8,1,417.8,0,1
2026-07-03T00:00:00Z,390.8,1,390.8,0,1
2026-07-03T01:00:00Z,390.9,1,390.9,0,1
2026-07-03T02:00:00Z,399.0,1,399.0,0,1
2026-07-03T03:00:00Z,407.4,0,407.4,0,1
2026-07-03T04:00:00Z,425.8,0,425.8,0,1
2026-07-03T05:00:00Z,405.9,1,405.9,0,1
2026-07-03T06:00:00Z,393.6,1,393.6,0,1
2026-07-03T07:00:00Z,404.1,0,404.1,0,1
2026-07-03T08:00:00Z,400.2,1,400.2,0,1
2026-07-03T09:00:00Z,-9999.9,9,400.2,1,1
2026-07-03T10:00:00Z,407.3,1,407.3,0,1
2026-07-03T11:00:00Z,487.4,0,487.4,0,1
2026-07-03T12:00:00Z,469.0,0,469.0,0,1
2026-07-03T13:00:00Z,-9999.9,9,469.0,1,1
2026-07-03T14:00:00Z,476.3,0,476.3,0,1
2026-07-03T15:00:00Z,-9999.9,9,476.3,1,1
2026-07-03T16:00:00Z,505.7,0,505.7,0,1
2026-07-03T17:00:00Z,465.4,0,465.4,0,1
2026-07-03T18:00:00Z,494.1,0,494.1,0,1
2026-07-03T19:00:00Z,555.5,0,555.5,0,1
2026-07-03T20:00:00Z,554.9,1,554.9,0,1
2026-07-03T21:00:00Z,-9999.9,9,554.9,1,1
2026-07-03T22:00:00Z,567.9,1,567.9,0,1
2026-07-03T23:00:00Z,568.3,1,568.3,0,1
2026-07-04T00:00:00Z,604.6,0,604.6,0,1
2026-07-04T01:00:00Z,594.0,0,594.0,0,1
2026-07-04T02:00:00Z,602.0,0,602.0,0,1
2026-07-04T03:00:00Z,616.3,0,616.3,0,1
2026-07-04T04:00:00Z,608.9,0,608.9,0,1
2026-07-04T05:00:00Z,-9999.9,9,608.9,1,1
2026-07-04T06:00:00Z,583.6,0,583.6,0,1
2026-07-04T07:00:00Z,567.1,0,567.1,0,1
2026-07-04T08:00:00Z,579.8,0,579.8,0,1
2026-07-04T09:00:00Z,-9999.9,9,579.8,1,1
2026-07-04T10:00:00Z,599.5,0,599.5,0,1
2026-07-04T11:00:00Z,608.6,1,608.6,0,1
2026-07-04T12:00:00Z,642.6,0,642.6,0,1
2026-07-04T13:00:00Z,633.6,1,633.6,0,1
2026-07-04T14:00:00Z,-9999.9,9,633.6,1,1
2026-07-04T15:00:00Z,597.0,0,597.0,0,1
2026-07-04T16:00:00Z,581.2,0,581.2,0,1
2026-07-04T17:00:00Z,577.3,0,577.3,0,1
2026-07-04T18:00:00Z,577.4,0,577.4,0,1
2026-07-04T19:00:00Z,-9999.9,9,577.4,1,1
2026-07-04T20:00:00Z,-9999.9,9,577.4,1,1
2026-07-04T21:00:00Z,-9999.9,9,577.4,1,1
2026-07-04T22:00:00Z,577.0,0,577.0,0,1
2026-07-04T23:00:00Z,578.8,0,578.8,0,1
2026-07-05T00:00:00Z,570.4,0,570.4,0,1
2026-07-05T01:00:00Z,562.9,0,562.9,0,1
2026-07-05T02:00:00Z,550.0,0,550.0,0,1
2026-07-05T03:00:00Z,566.6,0,566.6,0,1
2026-07-05T04:00:00Z,552.3,0,552.3,0,1
2026-07-05T05:00:00Z,526.6,0,526.6,0,1
2026-07-05T06:00:00Z,511.2,0,511.2,0,1
2026-07-05T07:00:00Z,517.3,1,517.3,0,1
2026-07-05T08:00:00Z,-9999.9,3,517.3,1,1
2026-07-05T09:00:00Z,-9999.9,9,517.3,1,1
2026-07-05T10:00:00Z,510.6,1,510.6,0,1
2026-07-05T11:00:00Z,483.1,0,483.1,0,1
2026-07-05T12:00:00Z,491.9,0,491.9,0,1
2026-07-05T13:00:00Z,-9999.9,9,491.9,1,1
2026-07-05T14:00:00Z,481.3,0,481.3,0,1
2026-07-05T15:00:00Z,465.5,0,465.5,0,1
2026-07-05T16:00:00Z,480.0,0,480.0,0,1
2026-07-05T17:00:00Z,480.4,0,480.4,0,1
2026-07-05T18:00:00Z,457.6,1,457.6,0,1
2026-07-05T19:00:00Z,518.8,0,518.8,0,1
2026-07-05T20:00:00Z,479.3,0,479.3,0,1
2026-07-05T21:00:00Z,-9999.9,9,479.3,1,1
2026-07-05T22:00:00Z,503.7,1,503.7,0,1
2026-07-05T23:00:00Z,463.1,0,463.1,0,1
2026-07-06T00:00:00Z,490.0,0,490.0,0,1
2026-07-06T01:00:00Z,502.8,0,502.8,0,1
2026-07-06T02:00:00Z,493.5,0,493.5,0,1
2026-07-06T03:00:00Z,493.1,0,493.1,0,1
2026-07-06T04:00:00Z,515.3,0,515.3,0,1
2026-07-06T05:00:00Z,527.7,1,527.7,0,1
2026-07-06T06:00:00Z,503.8,1,503.8,0,1
2026-07-06T07:00:00Z,460.1,1,460.1,0,1
2026-07-06T08:00:00Z,482.4,1,482.4,0,1
2026-07-06T09:00:00Z,-9999.9,9,482.4,1,1
2026-07-06T10:00:00Z,460.4,0,460.4,0,1
2026-07-06T11:00:00Z,498.5,0,498.5,0,1
2026-07-06T12:00:00Z,402.6,0,402.6,0,1
2026-07-06T13:00:00Z,408.4,0,408.4,0,1
2026-07-06T14:00:00Z,-9999.9,9,408.4,1,1
2026-07-06T15:00:00Z,-9999.9,9,408.4,1,1
2026-07-06T16:00:00Z,-9999.9,3,408.4,1,1
2026-07-06T17:00:00Z,503.3,0,503.3,0,1
2026-07-06T18:00:00Z,475.1,0,475.1,0,1
2026-07-06T19:00:00Z,417.5,0,417.5,0,1
2026-07-06T20:00:00Z,419.7,0,419.7,0,1
2026-07-06T21:00:00Z,-9999.9,9,419.7,1,1
2026-07-06T22:00:00Z,420.3,1,420.3,0,1
2026-07-06T23:00:00Z,429.1,0,429.1,0,1
2026-07-07T00:00:00Z,402.3,0,402.3,0,1
2026-07-07T01:00:00Z,423.2,1,423.2,0,1
2026-07-07T02:00:00Z,406.9,0,406.9,0,1
2026-07-07T03:00:00Z,425.5,1,425.5,0,1
2026-07-07T04:00:00Z,429.8,1,429.8,0,1
2026-07-07T05:00:00Z,450.4,0,450.4,0,1
2026-07-07T06:00:00Z,457.3,0,457.3,0,1
2026-07-07T07:00:00Z,436.7,1,436.7,0,1
2026-07-07T08:00:00Z,426.9,0,426.9,0,1
2026-07-07T09:00:00Z,-9999.9,9,426.9,1,1
2026-07-07T10:00:00Z,425.8,0,425.8,0,1
2026-07-07T11:00:00Z,436.7,0,436.7,0,1
2026-07-07T12:00:00Z,-9999.9,9,436.7,1,1
2026-07-07T13:00:00Z,414.9,0,414.9,0,1
2026-07-07T14:00:00Z,424.4,0,424.4,0,1
2026-07-07T15:00:00Z,-9999.9,9,424.4,1,1
2026-07-07T16:00:00Z,415.9,0,415.9,0,1
2026-07-07T17:00:00Z,404.2,0,404.2,0,1
2026-07-07T18:00:00Z,426.2,0,426.2,0,1
2026-07-07T19:00:00Z,418.3,0,418.3,0,1
2026-07-07T20:00:00Z,411.8,0,411.8,0,1
2026-07-07T21:00:00Z,-9999.9,9,411.8,1,1
2026-07-07T22:00:00Z,404.6,0,404.6,0,1
2026-07-07T23:00:00Z,406.6,0,406.6,0,1
2026-07-08T00:00:00Z,388.0,0,388.0,0,1
2026-07-08T01:00:00Z,417.1,0,417.1,0,1
2026-07-08T02:00:00Z,433.2,0,433.2,0,1
2026-07-08T03:00:00Z,432.6,0,432.6,0,1
2026-07-08T04:00:00Z,403.5,0,403.5,0,1
2026-07-08T05:00:00Z,432.4,0,432.4,0,1
2026-07-08T06:00:00Z,383.3,0,383.3,0,1
2026-07-08T07:00:00Z,407.2,1,407.2,0,1
2026-07-08T08:00:00Z,415.1,0,415.1,0,1
2026-07-08T09:00:00Z,-9999.9,9,415.1,1,1
2026-07-08T10:00:00Z,406.1,0,406.1,0,1
2026-07-08T11:00:00Z,417.4,0,417.4,0,1
2026-07-08T12:00:00Z,395.1,0,395.1,0,1
2026-07-08T13:00:00Z,412.6,0,412.6,0,1
2026-07-08T14:00:00Z,399.8,1,399.8,0,1
2026-07-08T15:00:00Z,-9999.9,9,399.8,1,1
2026-07-08T16:00:00Z,397.1,0,397.1,0,1
2026-07-08T17:00:00Z,396.5,0,396.5,0,1
2026-07-08T18:00:00Z,375.9,1,375.9,0,1
2026-07-08T19:00:00Z,362.9,0,362.9,0,1
2026-07-08T20:00:00Z,386.1,1,386.1,0,1
2026-07-08T21:00:00Z,-9999.9,9,386.1,1,1
2026-07-08T22:00:00Z,390.0,0,390.0,0,1
2026-07-08T23:00:00Z,395.3,0,395.3,0,1
2026-07-09T00:00:00Z,418.8,0,418.8,0,1
2026-07-09T01:00:00Z,400.8,1,400.8,0,1
2026-07-09T02:00:00Z,383.4,1,383.4,0,1
2026-07-09T03:00:00Z,367.2,1,367.2,0,1
2026-07-09T04:00:00Z,397.9,0,397.9,0,1
2026-07-09T05:00:00Z,419.9,0,419.9,0,1
2026-07-09T06:00:00Z,427.8,0,427.8,0,1
2026-07-09T07:00:00Z,420.8,0,420.8,0,1
2026-07-09T08:00:00Z,423.2,0,423.2,0,1
2026-07-09T09:00:00Z,-9999.9,3,423.2,1,1
2026-07-09T10:00:00Z,434.1,0,434.1,0,1
2026-07-09T11:00:00Z,460.1,0,460.1,0,1
2026-07-09T12:00:00Z,461.6,0,461.6,0,1
2026-07-09T13:00:00Z,455.4,0,455.4,0,1
2026-07-09T14:00:00Z,-9999.9,9,455.4,1,1
2026-07-09T15:00:00Z,505.4,1,505.4,0,1
2026-07-09T16:00:00Z,520.7,0,520.7,0,1
2026-07-09T17:00:00Z,544.7,1,544.7,0,1
2026-07-09T18:00:00Z,528.4,0,528.4,0,1
2026-07-09T19:00:00Z,547.1,0,547.1,0,1
2026-07-09T20:00:00Z,575.1,0,575.1,0,1
2026-07-09T21:00:00Z,-9999.9,9,575.1,1,1
2026-07-09T22:00:00Z,592.9,0,592.9,0,1
2026-07-09T23:00:00Z,586.1,0,586.1,0,1
2026-07-10T00:00:00Z,577.7,0,577.7,0,1
2026-07-10T01:00:00Z,558.7,0,558.7,0,1
2026-07-10T02:00:00Z,579.7,1,579.7,0,1
2026-07-10T03:00:00Z,602.1,0,602.1,0,1
2026-07-10T04:00:00Z,566.8,1,566.8,0,1
2026-07-10T05:00:00Z,619.4,0,619.4,0,1
2026-07-10T06:00:00Z,582.0,0,582.0,0,1
2026-07-10T07:00:00Z,591.2,1,591.2,0,1
2026-07-10T08:00:00Z,563.1,0,563.1,0,1
2026-07-10T09:00:00Z,-9999.9,9,563.1,1,1
2026-07-10T10:00:00Z,571.2,1,571.2,0,1
2026-07-10T11:00:00Z,631.0,0,631.0,0,1
2026-07-10T12:00:00Z,645.4,0,645.4,0,1
2026-07-10T13:00:00Z,641.2,0,641.2,0,1
2026-07-10T14:00:00Z,654.6,0,654.6,0,1
2026-07-10T15:00:00Z,-9999.9,9,654.6,1,1
2026-07-10T16:00:00Z,609.6,0,609.6,0,1
2026-07-10T17:00:00Z,-9999.9,9,609.6,1,1
2026-07-10T18:00:00Z,604.8,0,604.8,0,1
2026-07-10T19:00:00Z,671.3,0,671.3,0,1
2026-07-10T20:00:00Z,638.6,0,638.6,0,1
2026-07-10T21:00:00Z,-9999.9,9,638.6,1,1
2026-07-10T22:00:00Z,612.3,1,612.3,0,1
2026-07-10T23:00:00Z,588.1,1,588.1,0,1
2026-07-11T00:00:00Z,581.3,0,581.3,0,1
2026-07-11T01:00:00Z,573.6,0,573.6,0,1
2026-07-11T02:00:00Z,554.2,1,554.2,0,1
2026-07-11T03:00:00Z,553.5,0,553.5,0,1
2026-07-11T04:00:00Z,544.0,0,544.0,0,1
2026-07-11T05:00:00Z,534.5,0,534.5,0,1
2026-07-11T06:00:00Z,527.3,1,527.3,0,1
2026-07-11T07:00:00Z,516.2,0,516.2,0,1
2026-07-11T08:00:00Z,513.9,0,513.9,0,1
2026-07-11T09:00:00Z,-9999.9,9,513.9,1,1
2026-07-11T10:00:00Z,522.0,1,522.0,0,1
2026-07-11T11:00:00Z,-9999.9,9,522.0,1,1
2026-07-11T12:00:00Z,509.9,1,509.9,0,1
2026-07-11T13:00:00Z,-9999.9,9,509.9,1,1
2026-07-11T14:00:00Z,518.0,0,518.0,0,1
2026-07-11T15:00:00Z,510.9,1,510.9,0,1
2026-07-11T16:00:00Z,532.5,0,532.5,0,1
2026-07-11T17:00:00Z,528.0,0,528.0,0,1
2026-07-11T18:00:00Z,547.4,1,547.4,0,1
2026-07-11T19:00:00Z,525.5,0,525.5,0,1
2026-07-11T20:00:00Z,545.7,1,545.7,0,1
2026-07-11T21:00:00Z,-9999.9,9,545.7,1,1
2026-07-11T22:00:00Z,557.5,0,557.5,0,1
2026-07-11T23:00:00Z,552.4,0,552.4,0,1
2026-07-12T00:00:00Z,561.4,0,561.4,0,1
2026-07-12T01:00:00Z,554.7,1,554.7,0,1
2026-07-12T02:00:00Z,571.7,1,571.7,0,1
2026-07-12T03:00:00Z,576.4,0,576.4,0,1
2026-07-12T04:00:00Z,525.2,0,525.2,0,1
2026-07-12T05:00:00Z,543.3,0,543.3,0,1
2026-07-12T06:00:00Z,558.6,0,558.6,0,1
2026-07-12T07:00:00Z,559.6,0,559.6,0,1
2026-07-12T08:00:00Z,557.9,0,557.9,0,1
2026-07-12T09:00:00Z,-9999.9,9,557.9,1,1
2026-07-12T10:00:00Z,518.3,0,518.3,0,1
2026-07-12T11:00:00Z,520.9,1,520.9,0,1
2026-07-12T12:00:00Z,504.0,0,504.0,0,1
2026-07-12T13:00:00Z,509.6,0,509.6,0,1
2026-07-12T14:00:00Z,514.4,0,514.4,0,1
2026-07-12T15:00:00Z,-9999.9,9,514.4,1,1
2026-07-12T16:00:00Z,512.3,0,512.3,0,1
2026-07-12T17:00:00Z,493.3,0,493.3,0,1
2026-07-12T18:00:00Z,497.9,0,497.9,0,1
2026-07-12T19:00:00Z,490.4,0,490.4,0,1
2026-07-12T20:00:00Z,485.1,0,485.1,0,1
2026-07-12T21:00:00Z,-9999.9,9,485.1,1,1
2026-07-12T22:00:00Z,474.9,0,474.9,0,1
2026-07-12T23:00:00Z,468.9,0,468.9,0,1
2026-07-13T00:00:00Z,-9999.9,9,468.9,1,1
2026-07-13T01:00:00Z,450.6,0,450.6,0,1
2026-07-13T02:00:00Z,456.3,0,456.3,0,1
2026-07-13T03:00:00Z,455.0,0,455.0,0,1
2026-07-13T04:00:00Z,453.3,0,453.3,0,1
2026-07-13T05:00:00Z,452.5,0,452.5,0,1
2026-07-13T06:00:00Z,449.8,0,449.8,0,1
2026-07-13T07:00:00Z,444.2,0,444.2,0,1
2026-07-13T08:00:00Z,443.3,0,443.3,0,1
2026-07-13T09:00:00Z,-9999.9,9,443.3,1,1
2026-07-13T10:00:00Z,444.1,0,444.1,0,1
2026-07-13T11:00:00Z,442.8,0,442.8,0,1
2026-07-13T12:00:00Z,435.6,0,435.6,0,1
2026-07-13T13:00:00Z,432.1,0,432.1,0,1
2026-07-13T14:00:00Z,433.8,0,433.8,0,1
2026-07-13T15:00:00Z,444.1,0,444.1,0,1
2026-07-13T16:00:00Z,447.2,0,447.2,0,1
2026-07-13T17:00:00Z,429.9,0,429.9,0,1
2026-07-13T18:00:00Z,415.9,0,415.9,0,1
2026-07-13T19:00:00Z,411.8,0,411.8,0,1
2026-07-13T20:00:00Z,423.7,0,423.7,0,1
2026-07-13T21:00:00Z,-9999.9,9,423.7,1,1
2026-07-13T22:00:00Z,420.8,1,420.8,0,1
2026-07-13T23:00:00Z,431.3,0,431.3,0,1
2026-07-14T00:00:00Z,411.9,0,411.9,0,1
2026-07-14T01:00:00Z,427.0,0,427.0,0,1
2026-07-14T02:00:00Z,421.8,0,421.8,0,1
2026-07-14T03:00:00Z,412.8,0,412.8,0,1
2026-07-14T04:00:00Z,409.8,0,409.8,0,1
2026-07-14T05:00:00Z,400.0,0,400.0,0,1
2026-07-14T06:00:00Z,393.6,0,393.6,0,1
2026-07-14T07:00:00Z,361.1,1,361.1,0,1
2026-07-14T08:00:00Z,397.3,0,397.3,0,1
2026-07-14T09:00:00Z,-9999.9,9,397.3,1,1
2026-07-14T10:00:00Z,369.0,1,369.0,0,1
2026-07-14T11:00:00Z,377.2,0,377.2,0,1
2026-07-14T12:00:00Z,-9999.9,3,377.2,1,1
2026-07-14T13:00:00Z,366.6,0,366.6,0,1
2026-07-14T14:00:00Z,-9999.9,9,366.6,1,1
2026-07-14T15:00:00Z,-9999.9,9,366.6,1,1
2026-07-14T16:00:00Z,426.2,0,426.2,0,1
2026-07-14T17:00:00Z,425.6,1,425.6,0,1
2026-07-14T18:00:00Z,423.7,0,423.7,0,1
2026-07-14T19:00:00Z,406.4,0,406.4,0,1
2026-07-14T20:00:00Z,429.5,0,429.5,0,1
2026-07-14T21:00:00Z,-9999.9,9,429.5,1,1
2026-07-14T22:00:00Z,416.4,0,416.4,0,1
2026-07-14T23:00:00Z,436.0,0,436.0,0,1
2026-07-15T00:00:00Z,467.1,0,467.1,0,1
2026-07-15T01:00:00Z,480.7,0,480.7,0,1
2026-07-15T02:00:00Z,474.5,1,474.5,0,1
2026-07-15T03:00:00Z,483.6,0,483.6,0,1
2026-07-15T04:00:00Z,483.8,0,483.8,0,1
2026-07-15T05:00:00Z,498.1,0,498.1,0,1
2026-07-15T06:00:00Z,491.4,0,491.4,0,1
2026-07-15T07:00:00Z,468.8,0,468.8,0,1
2026-07-15T08:00:00Z,482.1,0,482.1,0,1
2026-07-15T09:00:00Z,-9999.9,9,482.1,1,1
2026-07-15T10:00:00Z,485.1,0,485.1,0,1
2026-07-15T11:00:00Z,493.3,0,493.3,0,1
2026-07-15T12:00:00Z,474.3,0,474.3,0,1
2026-07-15T13:00:00Z,500.1,0,500.1,0,1
2026-07-15T14:00:00Z,-9999.9,9,500.1,1,1
2026-07-15T15:00:00Z,-9999.9,9,500.1,1,1
2026-07-15T16:00:00Z,473.0,0,473.0,0,1
2026-07-15T17:00:00Z,459.8,0,459.8,0,1
2026-07-15T18:00:00Z,451.2,0,451.2,0,1
2026-07-15T19:00:00Z,442.6,0,442.6,0,1
2026-07-15T20:00:00Z,436.2,0,436.2,0,1
2026-07-15T21:00:00Z,-9999.9,9,436.2,1,1
2026-07-15T22:00:00Z,445.2,0,445.2,0,1
2026-07-15T23:00:00Z,457.0,0,457.0,0,1
2026-07-16T00:00:00Z,458.4,0,458.4,0,1
2026-07-16T01:00:00Z,454.7,1,454.7,0,1
2026-07-16T02:00:00Z,451.5,1,451.5,0,1
2026-07-16T03:00:00Z,459.3,1,459.3,0,1
2026-07-16T04:00:00Z,485.4,0,485.4,0,1
2026-07-16T05:00:00Z,469.6,0,469.6,0,1
2026-07-16T06:00:00Z,464.7,1,464.7,0,1
2026-07-16T07:00:00Z,463.7,0,463.7,0,1
2026-07-16T08:00:00Z,460.8,1,460.8,0,1
2026-07-16T09:00:00Z,-9999.9,9,460.8,1,1
2026-07-16T10:00:00Z,473.9,1,473.9,0,1
2026-07-16T11:00:00Z,457.6,0,457.6,0,1
2026-07-16T12:00:00Z,468.7,1,468.7,0,1
2026-07-16T13:00:00Z,470.0,0,470.0,0,1
2026-07-16T14:00:00Z,-9999.9,9,470.0,1,1
2026-07-16T15:00:00Z,-9999.9,9,470.0,1,1
2026-07-16T16:00:00Z,441.8,0,441.8,0,1
2026-07-16T17:00:00Z,425.4,0,425.4,0,1
2026-07-16T18:00:00Z,-9999.9,3,425.4,1,1
2026-07-16T19:00:00Z,-9999.9,9,425.4,1,1
2026-07-16T20:00:00Z,433.4,0,433.4,0,1
2026-07-16T21:00:00Z,-9999.9,9,433.4,1,1
2026-07-16T22:00:00Z,424.3,0,424.3,0,1
2026-07-16T23:00:00Z,401.7,0,401.7,0,1
2026-07-17T00:00:00Z,423.6,0,423.6,0,1
2026-07-17T01:00:00Z,426.1,0,426.1,0,1
2026-07-17T02:00:00Z,410.4,0,410.4,0,1
2026-07-17T03:00:00Z,415.3,1,415.3,0,1
2026-07-17T04:00:00Z,432.1,0,432.1,0,1
2026-07-17T05:00:00Z,407.3,0,407.3,0,1
2026-07-17T06:00:00Z,404.6,0,404.6,0,1
2026-07-17T07:00:00Z,-9999.9,9,404.6,1,1
2026-07-17T08:00:00Z,-9999.9,9,404.6,1,1
2026-07-17T09:00:00Z,-9999.9,9,404.6,1,1
2026-07-17T10:00:00Z,394.4,0,394.4,0,1
2026-07-17T11:00:00Z,406.6,0,406.6,0,1
2026-07-17T12:00:00Z,388.1,0,388.1,0,1
2026-07-17T13:00:00Z,403.0,0,403.0,0,1
2026-07-17T14:00:00Z,392.4,1,392.4,0,1
2026-07-17T15:00:00Z,376.5,0,376.5,0,1
2026-07-17T16:00:00Z,373.0,0,373.0,0,1
2026-07-17T17:00:00Z,375.4,0,375.4,0,1
2026-07-17T18:00:00Z,368.9,0,368.9,0,1
2026-07-17T19:00:00Z,367.1,0,367.1,0,1
2026-07-17T20:00:00Z,367.2,0,367.2,0,1
2026-07-17T21:00:00Z,-9999.9,9,367.2,1,1
2026-07-17T22:00:00Z,363.0,0,363.0,0,1
2026-07-17T23:00:00Z,355.6,1,355.6,0,1
2026-07-18T00:00:00Z,352.8,0,352.8,0,1
2026-07-18T01:00:00Z,344.8,0,344.8,0,1
2026-07-18T02:00:00Z,354.4,0,354.4,0,1
2026-07-18T03:00:00Z,351.9,0,351.9,0,1
2026-07-18T04:00:00Z,356.5,0,356.5,0,1
2026-07-18T05:00:00Z,347.0,0,347.0,0,1
2026-07-18T06:00:00Z,353.3,0,353.3,0,1
2026-07-18T07:00:00Z,347.7,0,347.7,0,1
2026-07-18T08:00:00Z,-9999.9,3,347.7,1,1
2026-07-18T09:00:00Z,-9999.9,9,347.7,1,1
2026-07-18T10:00:00Z,342.5,0,342.5,0,1
2026-07-18T11:00:00Z,348.9,0,348.9,0,1
2026-07-18T12:00:00Z,351.7,0,351.7,0,1
2026-07-18T13:00:00Z,350.8,0,350.8,0,1
2026-07-18T14:00:00Z,343.9,0,343.9,0,1
2026-07-18T15:00:00Z,351.7,0,351.7,0,1
2026-07-18T16:00:00Z,341.8,0,341.8,0,1
2026-07-18T17:00:00Z,330.3,0,330.3,0,1
2026-07-18T18:00:00Z,329.3,0,329.3,0,1
2026-07-18T19:00:00Z,340.0,0,340.0,0,1
2026-07-18T20:00:00Z,333.6,0,333.6,0,1
2026-07-18T21:00:00Z,-9999.9,9,333.6,1,1
2026-07-18T22:00:00Z,328.0,0,328.0,0,1
2026-07-18T23:00:00Z,330.2,0,330.2,0,1
2026-07-19T00:00:00Z,344.0,0,344.0,0,1
2026-07-19T01:00:00Z,341.7,0,341.7,0,1
2026-07-19T02:00:00Z,346.0,0,346.0,0,1
2026-07-19T03:00:00Z,337.3,0,337.3,0,1
2026-07-19T04:00:00Z,343.0,0,343.0,0,1
2026-07-19T05:00:00Z,330.0,0,330.0,0,1
2026-07-19T06:00:00Z,331.7,0,331.7,0,1
2026-07-19T07:00:00Z,333.1,0,333.1,0,1
2026-07-19T08:00:00Z,313.5,0,313.5,0,1
2026-07-19T09:00:00Z,-9999.9,9,313.5,1,1
2026-07-19T10:00:00Z,-9999.9,9,313.5,1,1
2026-07-19T11:00:00Z,298.4,0,298.4,0,1
2026-07-19T12:00:00Z,294.9,0,294.9,0,1
2026-07-19T13:00:00Z,298.6,0,298.6,0,1
2026-07-19T14:00:00Z,299.2,0,299.2,0,1
2026-07-19T15:00:00Z,297.2,0,297.2,0,1
2026-07-19T16:00:00Z,312.3,0,312.3,0,1
2026-07-19T17:00:00Z,320.1,0,320.1,0,1
2026-07-19T18:00:00Z,293.7,0,293.7,0,1
2026-07-19T19:00:00Z,297.7,0,297.7,0,1
2026-07-19T20:00:00Z,291.8,0,291.8,0,1
2026-07-19T21:00:00Z,-9999.9,9,291.8,1,1
2026-07-19T22:00:00Z,290.8,0,290.8,0,1
2026-07-19T23:00:00Z,294.5,0,294.5,0,1
2026-07-20T00:00:00Z,288.5,0,288.5,0,1
2026-07-20T01:00:00Z,286.7,0,286.7,0,1
2026-07-20T02:00:00Z,281.0,0,281.0,0,1
2026-07-20T03:00:00Z,-9999.9,9,281.0,1,1
2026-07-20T04:00:00Z,286.3,0,286.3,0,1
2026-07-20T05:00:00Z,273.9,0,273.9,0,1
2026-07-20T06:00:00Z,273.5,0,273.5,0,1
2026-07-20T07:00:00Z,264.0,0,264.0,0,1
2026-07-20T08:00:00Z,274.6,0,274.6,0,1
2026-07-20T09:00:00Z,-9999.9,9,274.6,1,1
2026-07-20T10:00:00Z,268.2,0,268.2,0,1
2026-07-20T11:00:00Z,276.2,0,276.2,0,1
2026-07-20T12:00:00Z,274.6,0,274.6,0,1
2026-07-20T13:00:00Z,-9999.9,9,274.6,1,1
2026-07-20T14:00:00Z,-9999.9,3,274.6,1,1
2026-07-20T15:00:00Z,-9999.9,9,274.6,1,1
2026-07-20T16:00:00Z,-9999.9,9,274.6,1,1
2026-07-20T17:00:00Z,270.0,0,270.0,0,1
2026-07-20T18:00:00Z,269.9,0,269.9,0,1
2026-07-20T19:00:00Z,268.9,0,268.9,0,1
2026-07-20T20:00:00Z,269.9,0,269.9,0,1
2026-07-20T21:00:00Z,-9999.9,9,269.9,1,1
2026-07-20T22:00:00Z,278.2,0,278.2,0,1
2026-07-20T23:00:00Z,287.7,0,287.7,0,1
2026-07-21T00:00:00Z,289.8,0,289.8,0,1
2026-07-21T01:00:00Z,292.3,0,292.3,0,1
2026-07-21T02:00:00Z,289.9,0,289.9,0,1
2026-07-21T03:00:00Z,290.6,0,290.6,0,1
2026-07-21T04:00:00Z,281.7,0,281.7,0,1
2026-07-21T05:00:00Z,301.1,0,301.1,0,1
2026-07-21T06:00:00Z,314.1,0,314.1,0,1
2026-07-21T07:00:00Z,335.0,0,335.0,0,1
2026-07-21T08:00:00Z,344.0,0,344.0,0,1
2026-07-21T09:00:00Z,354.6,0,354.6,0,1
2026-07-21T10:00:00Z,409.5,1,409.5,0,1
2026-07-21T11:00:00Z,-9999.9,9,409.5,1,1
2026-07-21T12:00:00Z,422.5,0,422.5,0,1
2026-07-21T13:00:00Z,-9999.9,9,422.5,1,1
2026-07-21T14:00:00Z,402.3,0,402.3,0,1
2026-07-21T15:00:00Z,420.5,0,420.5,0,1
2026-07-21T16:00:00Z,415.9,0,415.9,0,1
2026-07-21T17:00:00Z,423.1,0,423.1,0,1
2026-07-21T18:00:00Z,440.4,0,440.4,0,1
2026-07-21T19:00:00Z,442.3,0,442.3,0,1
2026-07-21T20:00:00Z,476.0,0,476.0,0,1
2026-07-21T21:00:00Z,-9999.9,9,476.0,1,1
2026-07-21T22:00:00Z,436.2,0,436.2,0,1
2026-07-21T23:00:00Z,441.6,0,441.6,0,1
2026-07-22T00:00:00Z,449.2,1,449.2,0,1
2026-07-22T01:00:00Z,-9999.9,9,449.2,1,1
2026-07-22T02:00:00Z,447.4,0,447.4,0,1
2026-07-22T03:00:00Z,445.8,0,445.8,0,1
2026-07-22T04:00:00Z,433.2,1,433.2,0,1
2026-07-22T05:00:00Z,454.2,0,454.2,0,1
2026-07-22T06:00:00Z,452.5,0,452.5,0,1
2026-07-22T07:00:00Z,434.6,0,434.6,0,1
2026-07-22T08:00:00Z,444.0,0,444.0,0,1
2026-07-22T09:00:00Z,428.4,0,428.4,0,1
2026-07-22T10:00:00Z,414.7,0,414.7,0,1
2026-07-22T11:00:00Z,412.5,0,412.5,0,1
2026-07-22T12:00:00Z,446.6,0,446.6,0,1
2026-07-22T13:00:00Z,436.7,0,436.7,0,1
2026-07-22T14:00:00Z,449.8,0,449.8,0,1
2026-07-22T15:00:00Z,448.1,0,448.1,0,1
2026-07-22T16:00:00Z,482.2,0,482.2,0,1
2026-07-22T17:00:00Z,443.2,0,443.2,0,1
2026-07-22T18:00:00Z,456.7,0,456.7,0,1
2026-07-22T19:00:00Z,444.9,0,444.9,0,1
2026-07-22T20:00:00Z,393.9,0,393.9,0,1
2026-07-22T21:00:00Z,-9999.9,9,393.9,1,1
2026-07-22T22:00:00Z,432.2,0,432.2,0,1
2026-07-22T23:00:00Z,469.6,0,469.6,0,1
2026-07-23T00:00:00Z,491.5,0,491.5,0,1
2026-07-23T01:00:00Z,500.1,0,500.1,0,1
2026-07-23T02:00:00Z,534.5,0,534.5,0,1
2026-07-23T03:00:00Z,495.3,1,495.3,0,1
2026-07-23T04:00:00Z,521.3,0,521.3,0,1
2026-07-23T05:00:00Z,561.8,1,561.8,0,1
2026-07-23T06:00:00Z,567.8,0,567.8,0,1
2026-07-23T07:00:00Z,585.7,1,585.7,0,1
2026-07-23T08:00:00Z,577.1,1,577.1,0,1
2026-07-23T09:00:00Z,-9999.9,9,577.1,1,1
2026-07-23T10:00:00Z,584.5,0,584.5,0,1
2026-07-23T11:00:00Z,586.3,0,586.3,0,1
2026-07-23T12:00:00Z,628.4,1,628.4,0,1
2026-07-23T13:00:00Z,645.9,0,645.9,0,1
2026-07-23T14:00:00Z,662.4,1,662.4,0,1
2026-07-23T15:00:00Z,-9999.9,9,662.4,1,1
2026-07-23T16:00:00Z,660.5,0,660.5,0,1
2026-07-23T17:00:00Z,667.7,0,667.7,0,1
2026-07-23T18:00:00Z,690.0,0,690.0,0,1
2026-07-23T19:00:00Z,684.9,1,684.9,0,1
2026-07-23T20:00:00Z,634.0,1,634.0,0,1
2026-07-23T21:00:00Z,-9999.9,9,634.0,1,1
2026-07-23T22:00:00Z,628.6,0,628.6,0,1
2026-07-23T23:00:00Z,641.6,0,641.6,0,1
2026-07-24T00:00:00Z,635.9,0,635.9,0,1
2026-07-24T01:00:00Z,-9999.9,9,635.9,1,1
2026-07-24T02:00:00Z,626.6,0,626.6,0,1
2026-07-24T03:00:00Z,608.9,1,608.9,0,1
2026-07-24T04:00:00Z,614.6,1,614.6,0,1
2026-07-24T05:00:00Z,602.3,0,602.3,0,1
2026-07-24T06:00:00Z,604.7,0,604.7,0,1
2026-07-24T07:00:00Z,606.4,0,606.4,0,1
2026-07-24T08:00:00Z,637.5,0,637.5,0,1
2026-07-24T09:00:00Z,632.9,0,632.9,0,1
2026-07-24T10:00:00Z,610.6,0,610.6,0,1
2026-07-24T11:00:00Z,617.2,0,617.2,0,1
2026-07-24T12:00:00Z,604.0,0,604.0,0,1
2026-07-24T13:00:00Z,592.5,0,592.5,0,1
2026-07-24T14:00:00Z,586.9,0,586.9,0,1
2026-07-24T15:00:00Z,586.0,0,586.0,0,1
2026-07-24T16:00:00Z,591.7,0,591.7,0,1
2026-07-24T17:00:00Z,564.7,0,564.7,0,1
2026-07-24T18:00:00Z,569.6,0,569.6,0,1
2026-07-24T19:00:00Z,558.8,0,558.8,0,1
2026-07-24T20:00:00Z,565.5,1,565.5,0,1
2026-07-24T21:00:00Z,-9999.9,9,565.5,1,1
2026-07-24T22:00:00Z,550.7,1,550.7,0,1
2026-07-24T23:00:00Z,541.4,1,541.4,0,1
2026-07-25T00:00:00Z,542.1,1,542.1,0,1
2026-07-25T01:00:00Z,507.8,0,507.8,0,1
2026-07-25T02:00:00Z,562.8,0,562.8,0,1
2026-07-25T03:00:00Z,554.6,0,554.6,0,1
2026-07-25T04:00:00Z,547.8,0,547.8,0,1
2026-07-25T05:00:00Z,542.2,0,542.2,0,1
2026-07-25T06:00:00Z,536.0,0,536.0,0,1
2026-07-25T07:00:00Z,527.3,0,527.3,0,1
2026-07-25T08:00:00Z,529.3,0,529.3,0,1
2026-07-25T09:00:00Z,-9999.9,9,529.3,1,1
2026-07-25T10:00:00Z,521.9,0,521.9,0,1
2026-07-25T11:00:00Z,541.2,1,541.2,0,1
2026-07-25T12:00:00Z,520.3,0,520.3,0,1
2026-07-25T13:00:00Z,539.1,0,539.1,0,1
2026-07-25T14:00:00Z,509.0,0,509.0,0,1
2026-07-25T15:00:00Z,519.6,0,519.6,0,1
2026-07-25T16:00:00Z,547.8,0,547.8,0,1
2026-07-25T17:00:00Z,501.1,0,501.1,0,1
2026-07-25T18:00:00Z,498.4,0,498.4,0,1
2026-07-25T19:00:00Z,495.7,0,495.7,0,1
2026-07-25T20:00:00Z,472.4,0,472.4,0,1
2026-07-25T21:00:00Z,-9999.9,9,472.4,1,1
2026-07-25T22:00:00Z,502.9,1,502.9,0,1
2026-07-25T23:00:00Z,516.3,0,516.3,0,1
2026-07-26T00:00:00Z,496.3,0,496.3,0,1
2026-07-26T01:00:00Z,515.3,0,515.3,0,1
2026-07-26T02:00:00Z,520.5,0,520.5,0,1
2026-07-26T03:00:00Z,-9999.9,9,520.5,1,1
2026-07-26T04:00:00Z,531.3,0,531.3,0,1
2026-07-26T05:00:00Z,530.7,1,530.7,0,1
2026-07-26T06:00:00Z,506.3,0,506.3,0,1
2026-07-26T07:00:00Z,502.9,1,502.9,0,1
2026-07-26T08:00:00Z,503.1,1,503.1,0,1
2026-07-26T09:00:00Z,-9999.9,9,503.1,1,1
2026-07-26T10:00:00Z,515.1,1,515.1,0,1
2026-07-26T11:00:00Z,504.5,0,504.5,0,1
2026-07-26T12:00:00Z,505.6,0,505.6,0,1
2026-07-26T13:00:00Z,469.3,0,469.3,0,1
2026-07-26T14:00:00Z,478.1,1,478.1,0,1
2026-07-26T15:00:00Z,-9999.9,9,478.1,1,1
2026-07-26T16:00:00Z,472.6,0,472.6,0,1
2026-07-26T17:00:00Z,461.9,0,461.9,0,1
2026-07-26T18:00:00Z,455.2,0,455.2,0,1
2026-07-26T19:00:00Z,447.3,0,447.3,0,1
2026-07-26T20:00:00Z,439.0,0,439.0,0,1
2026-07-26T21:00:00Z,-9999.9,9,439.0,1,1
2026-07-26T22:00:00Z,439.7,0,439.7,0,1
2026-07-26T23:00:00Z,411.0,0,411.0,0,1
2026-07-27T00:00:00Z,404.7,0,404.7,0,1
2026-07-27T01:00:00Z,388.9,0,388.9,0,1
2026-07-27T02:00:00Z,394.9,0,394.9,0,1
2026-07-27T03:00:00Z,385.3,0,385.3,0,1
2026-07-27T04:00:00Z,408.7,0,408.7,0,1
2026-07-27T05:00:00Z,407.5,0,407.5,0,1
2026-07-27T06:00:00Z,390.6,0,390.6,0,1
2026-07-27T07:00:00Z,382.0,0,382.0,0,1
2026-07-27T08:00:00Z,377.4,0,377.4,0,1
2026-07-27T09:00:00Z,-9999.9,9,377.4,1,1
2026-07-27T10:00:00Z,379.5,0,379.5,0,1
2026-07-27T11:00:00Z,377.1,0,377.1,0,1
2026-07-27T12:00:00Z,368.9,0,368.9,0,1
2026-07-27T13:00:00Z,363.2,0,363.2,0,1
2026-07-27T14:00:00Z,364.9,0,364.9,0,1
2026-07-27T15:00:00Z,406.0,0,406.0,0,1
2026-07-27T16:00:00Z,401.3,0,401.3,0,1
2026-07-27T17:00:00Z,390.5,0,390.5,0,1
2026-07-27T18:00:00Z,393.6,0,393.6,0,1
2026-07-27T19:00:00Z,394.5,0,394.5,0,1
2026-07-27T20:00:00Z,-9999.9,9,394.5,1,1
2026-07-27T21:00:00Z,-9999.9,9,394.5,1,1
2026-07-27T22:00:00Z,410.1,0,410.1,0,1
2026-07-27T23:00:00Z,390.7,0,390.7,0,1
2026-07-28T00:00:00Z,386.9,0,386.9,0,1
2026-07-28T01:00:00Z,370.6,1,370.6,0,1
2026-07-28T02:00:00Z,-9999.9,9,370.6,1,1
2026-07-28T03:00:00Z,372.8,0,372.8,0,1
2026-07-28T04:00:00Z,379.1,0,379.1,0,1
2026-07-28T05:00:00Z,386.1,0,386.1,0,1
2026-07-28T06:00:00Z,384.2,0,384.2,0,1
2026-07-28T07:00:00Z,388.6,0,388.6,0,1
2026-07-28T08:00:00Z,379.5,0,379.5,0,1
2026-07-28T09:00:00Z,-9999.9,9,379.5,1,1
2026-07-28T10:00:00Z,392.4,0,392.4,0,1
2026-07-28T11:00:00Z,395.7,0,395.7,0,1
2026-07-28T12:00:00Z,407.8,0,407.8,0,1
2026-07-28T13:00:00Z,387.7,0,387.7,0,1
2026-07-28T14:00:00Z,379.2,0,379.2,0,1
2026-07-28T15:00:00Z,-9999.9,3,379.2,1,1
2026-07-28T16:00:00Z,377.5,0,377.5,0,1
2026-07-28T17:00:00Z,380.9,0,380.9,0,1
2026-07-28T18:00:00Z,381.3,0,381.3,0,1
2026-07-28T19:00:00Z,380.0,0,380.0,0,1
2026-07-28T20:00:00Z,399.9,0,399.9,0,1
2026-07-28T21:00:00Z,-9999.9,9,399.9,1,1
2026-07-28T22:00:00Z,383.2,0,383.2,0,1
2026-07-28T23:00:00Z,382.4,0,382.4,0,1
2026-07-29T00:00:00Z,404.6,0,404.6,0,1
2026-07-29T01:00:00Z,389.7,0,389.7,0,1
2026-07-29T02:00:00Z,389.1,0,389.1,0,1
2026-07-29T03:00:00Z,394.9,0,394.9,0,1
2026-07-29T04:00:00Z,413.8,0,413.8,0,1
2026-07-29T05:00:00Z,406.3,0,406.3,0,1
2026-07-29T06:00:00Z,403.0,0,403.0,0,1
2026-07-29T07:00:00Z,382.5,0,382.5,0,1
2026-07-29T08:00:00Z,339.1,0,339.1,0,1
2026-07-29T09:00:00Z,-9999.9,9,339.1,1,1
2026-07-29T10:00:00Z,333.3,0,333.3,0,1
2026-07-29T11:00:00Z,333.0,0,333.0,0,1
2026-07-29T12:00:00Z,335.1,0,335.1,0,1
2026-07-29T13:00:00Z,-9999.9,9,335.1,1,1
2026-07-29T14:00:00Z,364.0,0,364.0,0,1
2026-07-29T15:00:00Z,347.8,0,347.8,0,1
2026-07-29T16:00:00Z,343.4,0,343.4,0,1
2026-07-29T17:00:00Z,345.9,0,345.9,0,1
2026-07-29T18:00:00Z,361.8,0,361.8,0,1
2026-07-29T19:00:00Z,361.1,0,361.1,0,1
2026-07-29T20:00:00Z,369.7,0,369.7,0,1
2026-07-29T21:00:00Z,-9999.9,9,369.7,1,1
2026-07-29T22:00:00Z,364.3,0,364.3,0,1
2026-07-29T23:00:00Z,360.9,0,360.9,0,1
2026-07-30T00:00:00Z,345.2,0,345.2,0,1
2026-07-30T01:00:00Z,338.2,0,338.2,0,1
2026-07-30T02:00:00Z,333.6,0,333.6,0,1
2026-07-30T03:00:00Z,331.7,0,331.7,0,1
2026-07-30T04:00:00Z,354.7,0,354.7,0,1
2026-07-30T05:00:00Z,364.4,0,364.4,0,1
2026-07-30T06:00:00Z,348.3,0,348.3,0,1
2026-07-30T07:00:00Z,345.4,0,345.4,0,1
2026-07-30T08:00:00Z,344.4,0,344.4,0,1
2026-07-30T09:00:00Z,-9999.9,9,344.4,1,1
2026-07-30T10:00:00Z,342.5,0,342.5,0,1
2026-07-30T11:00:00Z,336.4,0,336.4,0,1
2026-07-30T12:00:00Z,355.9,0,355.9,0,1
2026-07-30T13:00:00Z,344.7,0,344.7,0,1
2026-07-30T14:00:00Z,342.6,0,342.6,0,1
2026-07-30T15:00:00Z,336.3,0,336.3,0,1
2026-07-30T16:00:00Z,333.1,0,333.1,0,1
2026-07-30T17:00:00Z,318.8,0,318.8,0,1
2026-07-30T18:00:00Z,327.3,0,327.3,0,1
2026-07-30T19:00:00Z,306.6,0,306.6,0,1
2026-07-30T20:00:00Z,313.0,0,313.0,0,1
2026-07-30T21:00:00Z,-9999.9,9,313.0,1,1
2026-07-30T22:00:00Z,333.7,0,333.7,0,1
2026-07-30T23:00:00Z,332.7,0,332.7,0,1
2026-07-31T00:00:00Z,319.8,0,319.8,0,1
2026-07-31T01:00:00Z,316.3,0,316.3,0,1
2026-07-31T02:00:00Z,318.2,0,318.2,0,1
2026-07-31T03:00:00Z,324.5,0,324.5,0,1
2026-07-31T04:00:00Z,328.4,0,328.4,0,1
2026-07-31T05:00:00Z,349.9,0,349.9,0,1
2026-07-31T06:00:00Z,345.4,0,345.4,0,1
2026-07-31T07:00:00Z,347.6,0,347.6,0,1
2026-07-31T08:00:00Z,348.4,1,348.4,0,1
2026-07-31T09:00:00Z,-9999.9,9,348.4,1,1
2026-07-31T10:00:00Z,334.6,1,334.6,0,1
2026-07-31T11:00:00Z,331.0,0,331.0,0,1
2026-07-31T12:00:00Z,353.5,0,353.5,0,1
2026-07-31T13:00:00Z,322.7,0,322.7,0,1
2026-07-31T14:00:00Z,335.8,0,335.8,0,1
2026-07-31T15:00:00Z,308.1,0,308.1,0,1
2026-07-31T16:00:00Z,308.3,0,308.3,0,1
2026-07-31T17:00:00Z,321.9,1,321.9,0,1
2026-07-31T18:00:00Z,341.9,0,341.9,0,1
2026-07-31T19:00:00Z,346.8,0,346.8,0,1
2026-07-31T20:00:00Z,335.7,0,335.7,0,1
2026-07-31T21:00:00Z,-9999.9,9,335.7,1,1
2026-07-31T22:00:00Z,324.1,0,324.1,0,1
2026-07-31T23:00:00Z,312.6,0,312.6,0,1
2026-08-01T00:00:00Z,311.3,0,311.3,0,1
2026-08-01T01:00:00Z,308.4,0,308.4,0,1
2026-08-01T02:00:00Z,-9999.9,9,308.4,1,1
2026-08-01T03:00:00Z,-9999.9,9,308.4,1,1
2026-08-01T04:00:00Z,298.5,0,298.5,0,1
2026-08-01T05:00:00Z,312.8,1,312.8,0,1
2026-08-01T06:00:00Z,296.1,0,296.1,0,1
2026-08-01T07:00:00Z,293.0,0,293.0,0,1
2026-08-01T08:00:00Z,293.2,0,293.2,0,1
2026-08-01T09:00:00Z,-9999.9,9,293.2,1,1
2026-08-01T10:00:00Z,279.9,0,279.9,0,1
2026-08-01T11:00:00Z,284.5,0,284.5,0,1
2026-08-01T12:00:00Z,286.4,0,286.4,0,1
2026-08-01T13:00:00Z,291.9,0,291.9,0,1
2026-08-01T14:00:00Z,287.1,0,287.1,0,1
2026-08-01T15:00:00Z,280.8,0,280.8,0,1
2026-08-01T16:00:00Z,-9999.9,3,280.8,1,1
2026-08-01T17:00:00Z,279.1,0,279.1,0,1
2026-08-01T18:00:00Z,273.3,0,273.3,0,1
2026-08-01T19:00:00Z,272.6,0,272.6,0,1
2026-08-01T20:00:00Z,271.6,0,271.6,0,1
2026-08-01T21:00:00Z,-9999.9,9,271.6,1,1
2026-08-01T22:00:00Z,273.7,0,273.7,0,1
2026-08-01T23:00:00Z,273.1,0,273.1,0,1
2026-08-02T00:00:00Z,275.5,0,275.5,0,1
2026-08-02T01:00:00Z,271.7,0,271.7,0,1
2026-08-02T02:00:00Z,278.3,0,278.3,0,1
2026-08-02T03:00:00Z,-9999.9,9,278.3,1,1
2026-08-02T04:00:00Z,293.0,0,293.0,0,1
2026-08-02T05:00:00Z,292.3,0,292.3,0,1
2026-08-02T06:00:00Z,292.2,0,292.2,0,1
2026-08-02T07:00:00Z,288.7,0,288.7,0,1
2026-08-02T08:00:00Z,296.6,0,296.6,0,1
2026-08-02T09:00:00Z,-9999.9,9,296.6,1,1
2026-08-02T10:00:00Z,290.2,0,290.2,0,1
2026-08-02T11:00:00Z,354.8,0,354.8,0,1
2026-08-02T12:00:00Z,380.5,0,380.5,0,1
2026-08-02T13:00:00Z,379.2,1,379.2,0,1
2026-08-02T14:00:00Z,421.9,0,421.9,0,1
2026-08-02T15:00:00Z,-9999.9,9,421.9,1,1
2026-08-02T16:00:00Z,421.3,0,421.3,0,1
2026-08-02T17:00:00Z,389.4,1,389.4,0,1
2026-08-02T18:00:00Z,415.3,1,415.3,0,1
2026-08-02T19:00:00Z,-9999.9,9,415.3,1,1
2026-08-02T20:00:00Z,433.4,0,433.4,0,1
2026-08-02T21:00:00Z,-9999.9,9,433.4,1,1
2026-08-02T22:00:00Z,-9999.9,9,433.4,1,1
2026-08-02T23:00:00Z,404.8,1,404.8,0,1
2026-08-03T00:00:00Z,-9999.9,9,404.8,1,1
2026-08-03T01:00:00Z,386.1,0,386.1,0,1
2026-08-03T02:00:00Z,380.6,0,380.6,0,1
2026-08-03T03:00:00Z,379.0,0,379.0,0,1
2026-08-03T04:00:00Z,370.3,0,370.3,0,1
2026-08-03T05:00:00Z,367.3,1,367.3,0,1
2026-08-03T06:00:00Z,369.7,0,369.7,0,1
2026-08-03T07:00:00Z,383.6,0,383.6,0,1
2026-08-03T08:00:00Z,384.9,0,384.9,0,1
2026-08-03T09:00:00Z,-9999.9,9,384.9,1,1
2026-08-03T10:00:00Z,404.0,0,404.0,0,1
2026-08-03T11:00:00Z,404.3,0,404.3,0,1
2026-08-03T12:00:00Z,390.6,0,390.6,0,1
2026-08-03T13:00:00Z,394.1,0,394.1,0,1
2026-08-03T14:00:00Z,401.1,0,401.1,0,1
2026-08-03T15:00:00Z,380.6,1,380.6,0,1
2026-08-03T16:00:00Z,376.6,0,376.6,0,1
2026-08-03T17:00:00Z,-9999.9,9,376.6,1,1
2026-08-03T18:00:00Z,376.8,0,376.8,0,1
2026-08-03T19:00:00Z,368.4,0,368.4,0,1
2026-08-03T20:00:00Z,370.8,0,370.8,0,1
2026-08-03T21:00:00Z,-9999.9,9,370.8,1,1
2026-08-03T22:00:00Z,378.6,0,378.6,0,1
2026-08-03T23:00:00Z,386.5,1,386.5,0,1
2026-08-04T00:00:00Z,377.8,0,377.8,0,1
2026-08-04T01:00:00Z,401.4,0,401.4,0,1
2026-08-04T02:00:00Z,387.5,1,387.5,0,1
2026-08-04T03:00:00Z,394.3,0,394.3,0,1
2026-08-04T04:00:00Z,376.8,0,376.8,0,1
2026-08-04T05:00:00Z,374.8,0,374.8,0,1
2026-08-04T06:00:00Z,370.5,0,370.5,0,1
2026-08-04T07:00:00Z,378.4,0,378.4,0,1
2026-08-04T08:00:00Z,381.8,0,381.8,0,1
2026-08-04T09:00:00Z,-9999.9,9,381.8,1,1
2026-08-04T10:00:00Z,440.6,0,440.6,0,1
2026-08-04T11:00:00Z,434.3,0,434.3,0,1
2026-08-04T12:00:00Z,422.8,0,422.8,0,1
2026-08-04T13:00:00Z,424.5,0,424.5,0,1
2026-08-04T14:00:00Z,428.1,0,428.1,0,1
2026-08-04T15:00:00Z,-9999.9,9,428.1,1,1
2026-08-04T16:00:00Z,431.2,0,431.2,0,1
2026-08-04T17:00:00Z,420.7,0,420.7,0,1
2026-08-04T18:00:00Z,407.5,0,407.5,0,1
2026-08-04T19:00:00Z,404.7,0,404.7,0,1
2026-08-04T20:00:00Z,438.9,0,438.9,0,1
2026-08-04T21:00:00Z,-9999.9,9,438.9,1,1
2026-08-04T22:00:00Z,440.6,0,440.6,0,1
2026-08-04T23:00:00Z,409.9,0,409.9,0,1
2026-08-05T00:00:00Z,401.1,0,401.1,0,1
2026-08-05T01:00:00Z,409.0,0,409.0,0,1
2026-08-05T02:00:00Z,424.1,0,424.1,0,1
2026-08-05T03:00:00Z,412.7,0,412.7,0,1
2026-08-05T04:00:00Z,435.0,0,435.0,0,1
2026-08-05T05:00:00Z,386.0,0,386.0,0,1
2026-08-05T06:00:00Z,394.6,0,394.6,0,1
2026-08-05T07:00:00Z,377.2,0,377.2,0,1
2026-08-05T08:00:00Z,370.8,0,370.8,0,1
2026-08-05T09:00:00Z,-9999.9,9,370.8,1,1
2026-08-05T10:00:00Z,369.8,0,369.8,0,1
2026-08-05T11:00:00Z,371.4,0,371.4,0,1
2026-08-05T12:00:00Z,381.2,0,381.2,0,1
2026-08-05T13:00:00Z,373.5,0,373.5,0,1
2026-08-05T14:00:00Z,376.7,0,376.7,0,1
2026-08-05T15:00:00Z,371.2,0,371.2,0,1
2026-08-05T16:00:00Z,364.6,0,364.6,0,1
2026-08-05T17:00:00Z,366.1,0,366.1,0,1
2026-08-05T18:00:00Z,369.7,0,369.7,0,1
2026-08-05T19:00:00Z,365.7,0,365.7,0,1
2026-08-05T20:00:00Z,371.7,0,371.7,0,1
2026-08-05T21:00:00Z,-9999.9,9,371.7,1,1
2026-08-05T22:00:00Z,358.5,0,358.5,0,1
2026-08-05T23:00:00Z,359.8,0,359.8,0,1
2026-08-06T00:00:00Z,361.4,0,361.4,0,1
2026-08-06T01:00:00Z,356.5,0,356.5,0,1
2026-08-06T02:00:00Z,354.6,0,354.6,0,1
2026-08-06T03:00:00Z,349.2,1,349.2,0,1
2026-08-06T04:00:00Z,339.3,0,339.3,0,1
2026-08-06T05:00:00Z,337.4,0,337.4,0,1
2026-08-06T06:00:00Z,330.5,0,330.5,0,1
2026-08-06T07:00:00Z,329.1,0,329.1,0,1
2026-08-06T08:00:00Z,326.2,0,326.2,0,1
2026-08-06T09:00:00Z,-9999.9,9,326.2,1,1
2026-08-06T10:00:00Z,319.1,0,319.1,0,1
2026-08-06T11:00:00Z,315.0,0,315.0,0,1
2026-08-06T12:00:00Z,308.7,0,308.7,0,1
2026-08-06T13:00:00Z,310.1,0,310.1,0,1
2026-08-06T14:00:00Z,305.8,0,305.8,0,1
2026-08-06T15:00:00Z,304.2,0,304.2,0,1
2026-08-06T16:00:00Z,308.7,0,308.7,0,1
2026-08-06T17:00:00Z,-9999.9,9,308.7,1,1
2026-08-06T18:00:00Z,307.4,0,307.4,0,1
2026-08-06T19:00:00Z,293.5,0,293.5,0,1
2026-08-06T20:00:00Z,-9999.9,9,293.5,1,1
2026-08-06T21:00:00Z,-9999.9,9,293.5,1,1
2026-08-06T22:00:00Z,286.7,0,286.7,0,1
2026-08-06T23:00:00Z,285.5,0,285.5,0,1
2026-08-07T00:00:00Z,283.3,0,283.3,0,1
2026-08-07T01:00:00Z,284.2,0,284.2,0,1
2026-08-07T02:00:00Z,282.4,0,282.4,0,1
2026-08-07T03:00:00Z,-9999.9,9,282.4,1,1
2026-08-07T04:00:00Z,-9999.9,9,282.4,1,1
2026-08-07T05:00:00Z,278.1,0,278.1,0,1
2026-08-07T06:00:00Z,282.1,0,282.1,0,1
2026-08-07T07:00:00Z,277.9,0,277.9,0,1
2026-08-07T08:00:00Z,271.6,0,271.6,0,1
2026-08-07T09:00:00Z,-9999.9,9,271.6,1,1
2026-08-07T10:00:00Z,276.2,0,276.2,0,1
2026-08-07T11:00:00Z,277.6,0,277.6,0,1
2026-08-07T12:00:00Z,273.1,0,273.1,0,1
2026-08-07T13:00:00Z,271.7,0,271.7,0,1
2026-08-07T14:00:00Z,273.9,0,273.9,0,1
2026-08-07T15:00:00Z,270.6,0,270.6,0,1
2026-08-07T16:00:00Z,277.7,0,277.7,0,1
2026-08-07T17:00:00Z,278.4,0,278.4,0,1
2026-08-07T18:00:00Z,279.6,0,279.6,0,1
2026-08-07T19:00:00Z,280.5,0,280.5,0,1
2026-08-07T20:00:00Z,273.5,0,273.5,0,1
2026-08-07T21:00:00Z,-9999.9,9,273.5,1,1
2026-08-07T22:00:00Z,260.3,0,260.3,0,1
2026-08-07T23:00:00Z,267.7,0,267.7,0,1
2026-08-08T00:00:00Z,272.6,0,272.6,0,1
2026-08-08T01:00:00Z,263.5,0,263.5,0,1
2026-08-08T02:00:00Z,277.5,0,277.5,0,1
2026-08-08T03:00:00Z,279.4,0,279.4,0,1
2026-08-08T04:00:00Z,279.4,0,279.4,0,1
2026-08-08T05:00:00Z,294.6,1,294.6,0,1
2026-08-08T06:00:00Z,328.5,0,328.5,0,1
2026-08-08T07:00:00Z,348.4,0,348.4,0,1
2026-08-08T08:00:00Z,347.1,0,347.1,0,1
2026-08-08T09:00:00Z,-9999.9,9,347.1,1,1
2026-08-08T10:00:00Z,358.2,0,358.2,0,1
2026-08-08T11:00:00Z,346.8,0,346.8,0,1
2026-08-08T12:00:00Z,349.5,0,349.5,0,1
2026-08-08T13:00:00Z,360.2,0,360.2,0,1
2026-08-08T14:00:00Z,368.2,0,368.2,0,1
2026-08-08T15:00:00Z,-9999.9,9,368.2,1,1
2026-08-08T16:00:00Z,362.1,0,362.1,0,1
2026-08-08T17:00:00Z,363.2,0,363.2,0,1
2026-08-08T18:00:00Z,342.5,0,342.5,0,1
2026-08-08T19:00:00Z,364.9,0,364.9,0,1
2026-08-08T20:00:00Z,358.2,0,358.2,0,1
2026-08-08T21:00:00Z,-9999.9,9,358.2,1,1
2026-08-08T22:00:00Z,373.3,0,373.3,0,1
2026-08-08T23:00:00Z,377.5,0,377.5,0,1
2026-08-09T00:00:00Z,391.6,0,391.6,0,1
2026-08-09T01:00:00Z,391.1,1,391.1,0,1
2026-08-09T02:00:00Z,401.0,0,401.0,0,1
2026-08-09T03:00:00Z,-9999.9,9,401.0,1,1
2026-08-09T04:00:00Z,388.4,1,388.4,0,1
2026-08-09T05:00:00Z,382.2,0,382.2,0,1
2026-08-09T06:00:00Z,404.1,0,404.1,0,1
2026-08-09T07:00:00Z,404.8,0,404.8,0,1
2026-08-09T08:00:00Z,400.9,0,400.9,0,1
2026-08-09T09:00:00Z,-9999.9,9,400.9,1,1
2026-08-09T10:00:00Z,439.6,0,439.6,0,1
2026-08-09T11:00:00Z,457.8,0,457.8,0,1
2026-08-09T12:00:00Z,-9999.9,9,457.8,1,1
2026-08-09T13:00:00Z,450.1,0,450.1,0,1
2026-08-09T14:00:00Z,461.2,0,461.2,0,1
2026-08-09T15:00:00Z,432.2,0,432.2,0,1
2026-08-09T16:00:00Z,445.5,0,445.5,0,1
2026-08-09T17:00:00Z,428.6,0,428.6,0,1
2026-08-09T18:00:00Z,421.5,0,421.5,0,1
2026-08-09T19:00:00Z,-9999.9,9,421.5,1,1
2026-08-09T20:00:00Z,427.2,1,427.2,0,1
2026-08-09T21:00:00Z,-9999.9,9,427.2,1,1
2026-08-09T22:00:00Z,421.5,1,421.5,0,1
2026-08-09T23:00:00Z,435.8,1,435.8,0,1
2026-08-10T00:00:00Z,426.7,1,426.7,0,1
2026-08-10T01:00:00Z,426.5,0,426.5,0,1
2026-08-10T02:00:00Z,-9999.9,9,426.5,1,1
2026-08-10T03:00:00Z,-9999.9,9,426.5,1,1
2026-08-10T04:00:00Z,409.7,0,409.7,0,1
2026-08-10T05:00:00Z,403.8,0,403.8,0,1
2026-08-10T06:00:00Z,438.6,0,438.6,0,1
2026-08-10T07:00:00Z,435.8,0,435.8,0,1
2026-08-10T08:00:00Z,399.2,1,399.2,0,1
2026-08-10T09:00:00Z,-9999.9,9,399.2,1,1
2026-08-10T10:00:00Z,421.6,0,421.6,0,1
2026-08-10T11:00:00Z,417.7,0,417.7,0,1
2026-08-10T12:00:00Z,-9999.9,9,417.7,1,1
2026-08-10T13:00:00Z,424.0,0,424.0,0,1
2026-08-10T14:00:00Z,402.6,0,402.6,0,1
2026-08-10T15:00:00Z,417.0,0,417.0,0,1
2026-08-10T16:00:00Z,395.3,0,395.3,0,1
2026-08-10T17:00:00Z,379.5,0,379.5,0,1
2026-08-10T18:00:00Z,375.9,0,375.9,0,1
2026-08-10T19:00:00Z,370.9,0,370.9,0,1
2026-08-10T20:00:00Z,374.4,1,374.4,0,1
2026-08-10T21:00:00Z,-9999.9,9,374.4,1,1
2026-08-10T22:00:00Z,368.5,0,368.5,0,1
2026-08-10T23:00:00Z,365.0,0,365.0,0,1
2026-08-11T00:00:00Z,356.6,0,356.6,0,1
2026-08-11T01:00:00Z,361.1,0,361.1,0,1
2026-08-11T02:00:00Z,366.5,0,366.5,0,1
2026-08-11T03:00:00Z,-9999.9,9,366.5,1,1
2026-08-11T04:00:00Z,353.3,0,353.3,0,1
2026-08-11T05:00:00Z,366.6,0,366.6,0,1
2026-08-11T06:00:00Z,370.8,0,370.8,0,1
2026-08-11T07:00:00Z,359.3,0,359.3,0,1
2026-08-11T08:00:00Z,374.1,0,374.1,0,1
2026-08-11T09:00:00Z,-9999.9,9,374.1,1,1
2026-08-11T10:00:00Z,405.4,0,405.4,0,1
2026-08-11T11:00:00Z,399.2,0,399.2,0,1
2026-08-11T12:00:00Z,407.3,0,407.3,0,1
2026-08-11T13:00:00Z,413.9,0,413.9,0,1
2026-08-11T14:00:00Z,420.3,0,420.3,0,1
2026-08-11T15:00:00Z,435.1,0,435.1,0,1
2026-08-11T16:00:00Z,427.6,0,427.6,0,1
2026-08-11T17:00:00Z,421.3,0,421.3,0,1
2026-08-11T18:00:00Z,-9999.9,3,421.3,1,1
2026-08-11T19:00:00Z,428.6,0,428.6,0,1
2026-08-11T20:00:00Z,445.7,0,445.7,0,1
2026-08-11T21:00:00Z,-9999.9,9,445.7,1,1
2026-08-11T22:00:00Z,444.0,0,444.0,0,1
2026-08-11T23:00:00Z,443.4,0,443.4,0,1
2026-08-12T00:00:00Z,447.0,0,447.0,0,1
2026-08-12T01:00:00Z,450.8,0,450.8,0,1
2026-08-12T02:00:00Z,451.8,0,451.8,0,1
2026-08-12T03:00:00Z,-9999.9,9,451.8,1,1
2026-08-12T04:00:00Z,440.8,0,440.8,0,1
2026-08-12T05:00:00Z,442.3,0,442.3,0,1
2026-08-12T06:00:00Z,442.9,0,442.9,0,1
2026-08-12T07:00:00Z,450.4,0,450.4,0,1
2026-08-12T08:00:00Z,468.9,0,468.9,0,1
2026-08-12T09:00:00Z,-9999.9,9,468.9,1,1
2026-08-12T10:00:00Z,419.1,0,419.1,0,1
2026-08-12T11:00:00Z,436.4,0,436.4,0,1
2026-08-12T12:00:00Z,446.2,1,446.2,0,1
2026-08-12T13:00:00Z,441.0,0,441.0,0,1
2026-08-12T14:00:00Z,439.1,0,439.1,0,1
2026-08-12T15:00:00Z,-9999.9,9,439.1,1,1
2026-08-12T16:00:00Z,-9999.9,9,439.1,1,1
2026-08-12T17:00:00Z,434.7,1,434.7,0,1
2026-08-12T18:00:00Z,414.6,0,414.6,0,1
2026-08-12T19:00:00Z,395.7,0,395.7,0,1
2026-08-12T20:00:00Z,395.8,0,395.8,0,1
2026-08-12T21:00:00Z,-9999.9,9,395.8,1,1
2026-08-12T22:00:00Z,408.3,0,408.3,0,1
2026-08-12T23:00:00Z,402.2,0,402.2,0,1
2026-08-13T00:00:00Z,404.6,0,404.6,0,1
2026-08-13T01:00:00Z,423.1,0,423.1,0,1
2026-08-13T02:00:00Z,418.5,0,418.5,0,1
2026-08-13T03:00:00Z,-9999.9,9,418.5,1,1
2026-08-13T04:00:00Z,406.6,0,406.6,0,1
2026-08-13T05:00:00Z,403.6,0,403.6,0,1
2026-08-13T06:00:00Z,404.6,0,404.6,0,1
2026-08-13T07:00:00Z,407.5,0,407.5,0,1
2026-08-13T08:00:00Z,411.0,0,411.0,0,1
2026-08-13T09:00:00Z,-9999.9,9,411.0,1,1
2026-08-13T10:00:00Z,398.9,0,398.9,0,1
2026-08-13T11:00:00Z,410.8,1,410.8,0,1
2026-08-13T12:00:00Z,388.3,0,388.3,0,1
2026-08-13T13:00:00Z,391.1,0,391.1,0,1
2026-08-13T14:00:00Z,-9999.9,9,391.1,1,1
2026-08-13T15:00:00Z,-9999.9,9,391.1,1,1
2026-08-13T16:00:00Z,389.0,0,389.0,0,1
2026-08-13T17:00:00Z,370.9,0,370.9,0,1
2026-08-13T18:00:00Z,371.9,0,371.9,0,1
2026-08-13T19:00:00Z,400.1,0,400.1,0,1
2026-08-13T20:00:00Z,378.8,0,378.8,0,1
2026-08-13T21:00:00Z,-9999.9,9,378.8,1,1
2026-08-13T22:00:00Z,394.9,0,394.9,0,1
2026-08-13T23:00:00Z,372.8,0,372.8,0,1
2026-08-14T00:00:00Z,374.9,0,374.9,0,1
2026-08-14T01:00:00Z,369.8,0,369.8,0,1
2026-08-14T02:00:00Z,362.0,0,362.0,0,1
2026-08-14T03:00:00Z,-9999.9,9,362.0,1,1
2026-08-14T04:00:00Z,377.2,0,377.2,0,1
2026-08-14T05:00:00Z,376.5,0,376.5,0,1
2026-08-14T06:00:00Z,373.8,0,373.8,0,1
2026-08-14T07:00:00Z,-9999.9,9,373.8,1,1
2026-08-14T08:00:00Z,354.1,0,354.1,0,1
2026-08-14T09:00:00Z,-9999.9,9,354.1,1,1
2026-08-14T10:00:00Z,-9999.9,9,354.1,1,1
2026-08-14T11:00:00Z,363.5,1,363.5,0,1
2026-08-14T12:00:00Z,365.1,0,365.1,0,1
2026-08-14T13:00:00Z,359.2,0,359.2,0,1
2026-08-14T14:00:00Z,368.5,0,368.5,0,1
2026-08-14T15:00:00Z,-9999.9,9,368.5,1,1
2026-08-14T16:00:00Z,-9999.9,3,368.5,1,1
2026-08-14T17:00:00Z,-9999.9,9,368.5,1,1
2026-08-14T18:00:00Z,-9999.9,9,368.5,1,1
2026-08-14T19:00:00Z,364.3,0,364.3,0,1
2026-08-14T20:00:00Z,354.0,0,354.0,0,1
2026-08-14T21:00:00Z,-9999.9,9,354.0,1,1
2026-08-14T22:00:00Z,377.1,0,377.1,0,1
2026-08-14T23:00:00Z,385.7,0,385.7,0,1
2026-08-15T00:00:00Z,389.4,0,389.4,0,1
2026-08-15T01:00:00Z,380.0,0,380.0,0,1
2026-08-15T02:00:00Z,380.4,0,380.4,0,1
2026-08-15T03:00:00Z,-9999.9,9,380.4,1,1
2026-08-15T04:00:00Z,374.3,0,374.3,0,1
2026-08-15T05:00:00Z,371.1,0,371.1,0,1
2026-08-15T06:00:00Z,365.8,0,365.8,0,1
2026-08-15T07:00:00Z,372.8,0,372.8,0,1
2026-08-15T08:00:00Z,-9999.9,9,372.8,1,1
2026-08-15T09:00:00Z,-9999.9,9,372.8,1,1
2026-08-15T10:00:00Z,369.2,0,369.2,0,1
2026-08-15T11:00:00Z,365.8,0,365.8,0,1
2026-08-15T12:00:00Z,371.1,0,371.1,0,1
2026-08-15T13:00:00Z,-9999.9,9,371.1,1,1
2026-08-15T14:00:00Z,-9999.9,9,371.1,1,1
2026-08-15T15:00:00Z,-9999.9,9,371.1,1,1
2026-08-15T16:00:00Z,-9999.9,9,371.1,1,1
2026-08-15T17:00:00Z,356.4,0,356.4,0,1
2026-08-15T18:00:00Z,363.0,0,363.0,0,1
2026-08-15T19:00:00Z,366.8,0,366.8,0,1
2026-08-15T20:00:00Z,365.3,0,365.3,0,1
2026-08-15T21:00:00Z,-9999.9,9,365.3,1,1
2026-08-15T22:00:00Z,350.1,0,350.1,0,1
2026-08-15T23:00:00Z,-9999.9,9,350.1,1,1
2026-08-16T00:00:00Z,350.4,0,350.4,0,1
2026-08-16T01:00:00Z,346.5,0,346.5,0,1
2026-08-16T02:00:00Z,341.1,0,341.1,0,1
2026-08-16T03:00:00Z,-9999.9,9,341.1,1,1
2026-08-16T04:00:00Z,340.1,0,340.1,0,1
2026-08-16T05:00:00Z,343.6,0,343.6,0,1
2026-08-16T06:00:00Z,-9999.9,9,343.6,1,1
2026-08-16T07:00:00Z,350.7,0,350.7,0,1
2026-08-16T08:00:00Z,337.0,0,337.0,0,1
2026-08-16T09:00:00Z,-9999.9,9,337.0,1,1
2026-08-16T10:00:00Z,333.8,0,333.8,0,1
2026-08-16T11:00:00Z,328.1,0,328.1,0,1
2026-08-16T12:00:00Z,321.6,0,321.6,0,1
2026-08-16T13:00:00Z,-9999.9,9,321.6,1,1
2026-08-16T14:00:00Z,314.1,0,314.1,0,1
2026-08-16T15:00:00Z,310.9,0,310.9,0,1
2026-08-16T16:00:00Z,304.0,0,304.0,0,1
2026-08-16T17:00:00Z,303.3,0,303.3,0,1
2026-08-16T18:00:00Z,304.0,0,304.0,0,1
2026-08-16T19:00:00Z,303.9,0,303.9,0,1
2026-08-16T20:00:00Z,297.3,0,297.3,0,1
2026-08-16T21:00:00Z,-9999.9,9,297.3,1,1
2026-08-16T22:00:00Z,300.0,0,300.0,0,1
2026-08-16T23:00:00Z,301.4,0,301.4,0,1
2026-08-17T00:00:00Z,308.3,0,308.3,0,1
2026-08-17T01:00:00Z,303.4,0,303.4,0,1
2026-08-17T02:00:00Z,312.5,0,312.5,0,1
2026-08-17T03:00:00Z,-9999.9,9,312.5,1,1
2026-08-17T04:00:00Z,308.2,0,308.2,0,1
2026-08-17T05:00:00Z,305.6,0,305.6,0,1
2026-08-17T06:00:00Z,307.6,0,307.6,0,1
2026-08-17T07:00:00Z,306.6,0,306.6,0,1
2026-08-17T08:00:00Z,-9999.9,9,306.6,1,1
2026-08-17T09:00:00Z,-9999.9,9,306.6,1,1
2026-08-17T10:00:00Z,306.8,0,306.8,0,1
2026-08-17T11:00:00Z,315.0,0,315.0,0,1
2026-08-17T12:00:00Z,320.2,0,320.2,0,1
2026-08-17T13:00:00Z,-9999.9,9,320.2,1,1
2026-08-17T14:00:00Z,351.4,0,351.4,0,1
2026-08-17T15:00:00Z,366.1,0,366.1,0,1
2026-08-17T16:00:00Z,358.2,0,358.2,0,1
2026-08-17T17:00:00Z,358.5,0,358.5,0,1
2026-08-17T18:00:00Z,371.4,0,371.4,0,1
2026-08-17T19:00:00Z,352.0,0,352.0,0,1
2026-08-17T20:00:00Z,373.4,0,373.4,0,1
2026-08-17T21:00:00Z,-9999.9,9,373.4,1,1
2026-08-17T22:00:00Z,401.1,1,401.1,0,1
2026-08-17T23:00:00Z,413.1,0,413.1,0,1
2026-08-18T00:00:00Z,413.7,0,413.7,0,1
2026-08-18T01:00:00Z,412.2,0,412.2,0,1
2026-08-18T02:00:00Z,423.1,0,423.1,0,1
2026-08-18T03:00:00Z,-9999.9,9,423.1,1,1
2026-08-18T04:00:00Z,413.3,0,413.3,0,1
2026-08-18T05:00:00Z,414.3,0,414.3,0,1
2026-08-18T06:00:00Z,411.8,0,411.8,0,1
2026-08-18T07:00:00Z,412.1,0,412.1,0,1
2026-08-18T08:00:00Z,406.6,0,406.6,0,1
2026-08-18T09:00:00Z,-9999.9,9,406.6,1,1
2026-08-18T10:00:00Z,-9999.9,9,406.6,1,1
2026-08-18T11:00:00Z,395.0,0,395.0,0,1
2026-08-18T12:00:00Z,406.6,0,406.6,0,1
2026-08-18T13:00:00Z,-9999.9,9,406.6,1,1
2026-08-18T14:00:00Z,462.9,1,462.9,0,1
2026-08-18T15:00:00Z,463.6,0,463.6,0,1
2026-08-18T16:00:00Z,481.9,0,481.9,0,1
2026-08-18T17:00:00Z,-9999.9,3,481.9,1,1
2026-08-18T18:00:00Z,564.5,0,564.5,0,1
2026-08-18T19:00:00Z,574.2,0,574.2,0,1
2026-08-18T20:00:00Z,566.7,0,566.7,0,1
2026-08-18T21:00:00Z,-9999.9,9,566.7,1,1
2026-08-18T22:00:00Z,569.7,1,569.7,0,1
2026-08-18T23:00:00Z,563.6,0,563.6,0,1
2026-08-19T00:00:00Z,550.8,0,550.8,0,1
2026-08-19T01:00:00Z,-9999.9,9,550.8,1,1
2026-08-19T02:00:00Z,591.6,0,591.6,0,1
2026-08-19T03:00:00Z,-9999.9,9,591.6,1,1
2026-08-19T04:00:00Z,605.3,0,605.3,0,1
2026-08-19T05:00:00Z,581.3,0,581.3,0,1
2026-08-19T06:00:00Z,580.8,1,580.8,0,1
2026-08-19T07:00:00Z,580.1,0,580.1,0,1
2026-08-19T08:00:00Z,585.1,0,585.1,0,1
2026-08-19T09:00:00Z,-9999.9,9,585.1,1,1
2026-08-19T10:00:00Z,537.3,0,537.3,0,1
2026-08-19T11:00:00Z,567.0,1,567.0,0,1
2026-08-19T12:00:00Z,579.1,0,579.1,0,1
2026-08-19T13:00:00Z,602.2,0,602.2,0,1
2026-08-19T14:00:00Z,581.8,0,581.8,0,1
2026-08-19T15:00:00Z,-9999.9,9,581.8,1,1
2026-08-19T16:00:00Z,582.3,0,582.3,0,1
2026-08-19T17:00:00Z,566.4,0,566.4,0,1
2026-08-19T18:00:00Z,574.2,0,574.2,0,1
2026-08-19T19:00:00Z,581.2,0,581.2,0,1
2026-08-19T20:00:00Z,539.4,0,539.4,0,1
2026-08-19T21:00:00Z,-9999.9,9,539.4,1,1
2026-08-19T22:00:00Z,576.5,0,576.5,0,1
2026-08-19T23:00:00Z,579.4,0,579.4,0,1
2026-08-20T00:00:00Z,554.9,0,554.9,0,1
2026-08-20T01:00:00Z,559.5,0,559.5,0,1
2026-08-20T02:00:00Z,570.9,0,570.9,0,1
2026-08-20T03:00:00Z,-9999.9,9,570.9,1,1
2026-08-20T04:00:00Z,559.5,1,559.5,0,1
2026-08-20T05:00:00Z,576.5,0,576.5,0,1
2026-08-20T06:00:00Z,-9999.9,9,576.5,1,1
2026-08-20T07:00:00Z,563.8,0,563.8,0,1
2026-08-20T08:00:00Z,567.3,0,567.3,0,1
2026-08-20T09:00:00Z,-9999.9,9,567.3,1,1
2026-08-20T10:00:00Z,581.8,0,581.8,0,1
2026-08-20T11:00:00Z,567.8,0,567.8,0,1
2026-08-20T12:00:00Z,567.8,0,567.8,0,1
2026-08-20T13:00:00Z,-9999.9,9,567.8,1,1
2026-08-20T14:00:00Z,-9999.9,9,567.8,1,1
2026-08-20T15:00:00Z,-9999.9,9,567.8,1,1
2026-08-20T16:00:00Z,537.5,1,537.5,0,1
2026-08-20T17:00:00Z,539.3,1,539.3,0,1
2026-08-20T18:00:00Z,528.0,1,528.0,0,1
2026-08-20T19:00:00Z,540.0,0,540.0,0,1
2026-08-20T20:00:00Z,535.1,1,535.1,0,1
2026-08-20T21:00:00Z,-9999.9,9,535.1,1,1
2026-08-20T22:00:00Z,510.3,1,510.3,0,1
2026-08-20T23:00:00Z,494.3,0,494.3,0,1
2026-08-21T00:00:00Z,527.8,0,527.8,0,1
2026-08-21T01:00:00Z,506.3,1,506.3,0,1
2026-08-21T02:00:00Z,481.7,1,481.7,0,1
2026-08-21T03:00:00Z,-9999.9,9,481.7,1,1
2026-08-21T04:00:00Z,515.6,0,515.6,0,1
2026-08-21T05:00:00Z,505.9,1,505.9,0,1
2026-08-21T06:00:00Z,-9999.9,9,505.9,1,1
2026-08-21T07:00:00Z,501.7,0,501.7,0,1
2026-08-21T08:00:00Z,516.1,0,516.1,0,1
2026-08-21T09:00:00Z,-9999.9,9,516.1,1,1
2026-08-21T10:00:00Z,-9999.9,9,516.1,1,1
2026-08-21T11:00:00Z,501.4,0,501.4,0,1
2026-08-21T12:00:00Z,483.5,0,483.5,0,1
2026-08-21T13:00:00Z,492.0,0,492.0,0,1
2026-08-21T14:00:00Z,488.7,0,488.7,0,1
2026-08-21T15:00:00Z,-9999.9,9,488.7,1,1
2026-08-21T16:00:00Z,513.9,0,513.9,0,1
2026-08-21T17:00:00Z,484.5,1,484.5,0,1
2026-08-21T18:00:00Z,473.7,0,473.7,0,1
2026-08-21T19:00:00Z,490.0,0,490.0,0,1
2026-08-21T20:00:00Z,484.1,0,484.1,0,1
2026-08-21T21:00:00Z,-9999.9,9,484.1,1,1
2026-08-21T22:00:00Z,475.2,0,475.2,0,1
2026-08-21T23:00:00Z,488.8,0,488.8,0,1
2026-08-22T00:00:00Z,486.1,0,486.1,0,1
2026-08-22T01:00:00Z,464.5,0,464.5,0,1
2026-08-22T02:00:00Z,471.1,0,471.1,0,1
2026-08-22T03:00:00Z,486.0,0,486.0,0,1
2026-08-22T04:00:00Z,-9999.9,9,486.0,1,1
2026-08-22T05:00:00Z,446.9,0,446.9,0,1
2026-08-22T06:00:00Z,465.2,0,465.2,0,1
2026-08-22T07:00:00Z,441.5,1,441.5,0,1
2026-08-22T08:00:00Z,451.3,0,451.3,0,1
2026-08-22T09:00:00Z,-9999.9,9,451.3,1,1
2026-08-22T10:00:00Z,488.6,0,488.6,0,1
2026-08-22T11:00:00Z,440.3,1,440.3,0,1
2026-08-22T12:00:00Z,432.9,1,432.9,0,1
2026-08-22T13:00:00Z,-9999.9,9,432.9,1,1
2026-08-22T14:00:00Z,473.1,0,473.1,0,1
2026-08-22T15:00:00Z,-9999.9,9,473.1,1,1
2026-08-22T16:00:00Z,435.7,1,435.7,0,1
2026-08-22T17:00:00Z,-9999.9,9,435.7,1,1
2026-08-22T18:00:00Z,446.9,0,446.9,0,1
2026-08-22T19:00:00Z,-9999.9,9,446.9,1,1
2026-08-22T20:00:00Z,447.0,0,447.0,0,1
2026-08-22T21:00:00Z,-9999.9,9,447.0,1,1
2026-08-22T22:00:00Z,447.5,0,447.5,0,1
2026-08-22T23:00:00Z,445.4,1,445.4,0,1
2026-08-23T00:00:00Z,437.6,0,437.6,0,1
2026-08-23T01:00:00Z,432.8,1,432.8,0,1
2026-08-23T02:00:00Z,458.4,1,458.4,0,1
2026-08-23T03:00:00Z,-9999.9,9,458.4,1,1
2026-08-23T04:00:00Z,-9999.9,9,458.4,1,1
2026-08-23T05:00:00Z,420.8,1,420.8,0,1
2026-08-23T06:00:00Z,415.6,1,415.6,0,1
2026-08-23T07:00:00Z,453.0,0,453.0,0,1
2026-08-23T08:00:00Z,-9999.9,9,453.0,1,1
2026-08-23T09:00:00Z,-9999.9,9,453.0,1,1
2026-08-23T10:00:00Z,413.6,1,413.6,0,1
2026-08-23T11:00:00Z,427.4,1,427.4,0,1
2026-08-23T12:00:00Z,432.7,0,432.7,0,1
2026-08-23T13:00:00Z,439.4,0,439.4,0,1
2026-08-23T14:00:00Z,-9999.9,9,439.4,1,1
2026-08-23T15:00:00Z,-9999.9,9,439.4,1,1
2026-08-23T16:00:00Z,-9999.9,3,439.4,1,1
2026-08-23T17:00:00Z,400.0,0,400.0,0,1
2026-08-23T18:00:00Z,401.4,0,401.4,0,1
2026-08-23T19:00:00Z,407.2,0,407.2,0,1
2026-08-23T20:00:00Z,-9999.9,9,407.2,1,1
2026-08-23T21:00:00Z,-9999.9,9,407.2,1,1
2026-08-23T22:00:00Z,428.9,0,428.9,0,1
2026-08-23T23:00:00Z,405.7,0,405.7,0,1
2026-08-24T00:00:00Z,394.3,0,394.3,0,1
2026-08-24T01:00:00Z,390.7,0,390.7,0,1
2026-08-24T02:00:00Z,385.6,0,385.6,0,1
2026-08-24T03:00:00Z,-9999.9,9,385.6,1,1
2026-08-24T04:00:00Z,-9999.9,9,385.6,1,1
2026-08-24T05:00:00Z,391.9,0,391.9,0,1
2026-08-24T06:00:00Z,390.7,0,390.7,0,1
2026-08-24T07:00:00Z,385.3,0,385.3,0,1
2026-08-24T08:00:00Z,-9999.9,9,385.3,1,1
2026-08-24T09:00:00Z,-9999.9,9,385.3,1,1
2026-08-24T10:00:00Z,370.9,0,370.9,0,1
2026-08-24T11:00:00Z,374.0,0,374.0,0,1
2026-08-24T12:00:00Z,357.1,0,357.1,0,1
2026-08-24T13:00:00Z,357.3,0,357.3,0,1
2026-08-24T14:00:00Z,-9999.9,9,357.3,1,1
2026-08-24T15:00:00Z,-9999.9,9,357.3,1,1
2026-08-24T16:00:00Z,366.6,0,366.6,0,1
2026-08-24T17:00:00Z,366.0,0,366.0,0,1
2026-08-24T18:00:00Z,379.5,0,379.5,0,1
2026-08-24T19:00:00Z,370.8,0,370.8,0,1
2026-08-24T20:00:00Z,378.4,0,378.4,0,1
2026-08-24T21:00:00Z,-9999.9,9,378.4,1,1
2026-08-24T22:00:00Z,371.0,0,371.0,0,1
2026-08-24T23:00:00Z,345.1,0,345.1,0,1
2026-08-25T00:00:00Z,-9999.9,9,345.1,1,1
2026-08-25T01:00:00Z,-9999.9,9,345.1,1,1
2026-08-25T02:00:00Z,-9999.9,9,345.1,1,1
2026-08-25T03:00:00Z,-9999.9,9,345.1,1,1
2026-08-25T04:00:00Z,-9999.9,9,345.1,1,1
2026-08-25T05:00:00Z,361.3,0,361.3,0,1
2026-08-25T06:00:00Z,366.2,0,366.2,0,1
2026-08-25T07:00:00Z,347.2,0,347.2,0,1
2026-08-25T08:00:00Z,337.8,0,337.8,0,1
2026-08-25T09:00:00Z,-9999.9,9,337.8,1,1
2026-08-25T10:00:00Z,337.4,0,337.4,0,1
2026-08-25T11:00:00Z,350.5,0,350.5,0,1
2026-08-25T12:00:00Z,342.7,0,342.7,0,1
2026-08-25T13:00:00Z,345.1,0,345.1,0,1
2026-08-25T14:00:00Z,352.2,0,352.2,0,1
2026-08-25T15:00:00Z,345.8,0,345.8,0,1
2026-08-25T16:00:00Z,348.4,0,348.4,0,1
2026-08-25T17:00:00Z,353.6,0,353.6,0,1
2026-08-25T18:00:00Z,349.4,0,349.4,0,1
2026-08-25T19:00:00Z,336.0,0,336.0,0,1
2026-08-25T20:00:00Z,337.7,1,337.7,0,1
2026-08-25T21:00:00Z,-9999.9,9,337.7,1,1
2026-08-25T22:00:00Z,346.7,0,346.7,0,1
2026-08-25T23:00:00Z,347.8,1,347.8,0,1
2026-08-26T00:00:00Z,334.8,0,334.8,0,1
2026-08-26T01:00:00Z,331.1,0,331.1,0,1
2026-08-26T02:00:00Z,321.7,0,321.7,0,1
2026-08-26T03:00:00Z,-9999.9,9,321.7,1,1
2026-08-26T04:00:00Z,324.9,0,324.9,0,1
2026-08-26T05:00:00Z,318.2,0,318.2,0,1
2026-08-26T06:00:00Z,318.9,0,318.9,0,1
2026-08-26T07:00:00Z,315.5,0,315.5,0,1
2026-08-26T08:00:00Z,303.0,0,303.0,0,1
2026-08-26T09:00:00Z,-9999.9,9,303.0,1,1
2026-08-26T10:00:00Z,305.1,0,305.1,0,1
2026-08-26T11:00:00Z,308.7,0,308.7,0,1
2026-08-26T12:00:00Z,306.2,0,306.2,0,1
2026-08-26T13:00:00Z,297.8,0,297.8,0,1
2026-08-26T14:00:00Z,290.7,1,290.7,0,1
2026-08-26T15:00:00Z,-9999.9,9,290.7,1,1
2026-08-26T16:00:00Z,285.4,0,285.4,0,1
2026-08-26T17:00:00Z,282.7,0,282.7,0,1
2026-08-26T18:00:00Z,283.3,0,283.3,0,1
2026-08-26T19:00:00Z,-9999.9,9,283.3,1,1
2026-08-26T20:00:00Z,276.3,0,276.3,0,1
2026-08-26T21:00:00Z,-9999.9,9,276.3,1,1
2026-08-26T22:00:00Z,296.0,0,296.0,0,1
2026-08-26T23:00:00Z,279.3,0,279.3,0,1
2026-08-27T00:00:00Z,285.5,0,285.5,0,1
2026-08-27T01:00:00Z,279.1,0,279.1,0,1
2026-08-27T02:00:00Z,-9999.9,9,279.1,1,1
2026-08-27T03:00:00Z,281.4,0,281.4,0,1
2026-08-27T04:00:00Z,273.8,0,273.8,0,1
2026-08-27T05:00:00Z,273.7,0,273.7,0,1
2026-08-27T06:00:00Z,272.6,0,272.6,0,1
2026-08-27T07:00:00Z,270.0,0,270.0,0,1
2026-08-27T08:00:00Z,266.6,0,266.6,0,1
2026-08-27T09:00:00Z,-9999.9,9,266.6,1,1
2026-08-27T10:00:00Z,266.1,0,266.1,0,1
2026-08-27T11:00:00Z,267.0,0,267.0,0,1
2026-08-27T12:00:00Z,265.4,0,265.4,0,1
2026-08-27T13:00:00Z,264.9,0,264.9,0,1
2026-08-27T14:00:00Z,-9999.9,9,264.9,1,1
2026-08-27T15:00:00Z,-9999.9,9,264.9,1,1
2026-08-27T16:00:00Z,258.1,0,258.1,0,1
2026-08-27T17:00:00Z,-9999.9,9,258.1,1,1
2026-08-27T18:00:00Z,-9999.9,9,258.1,1,1
2026-08-27T19:00:00Z,-9999.9,9,258.1,1,1
2026-08-27T20:00:00Z,-9999.9,3,258.1,1,1
2026-08-27T21:00:00Z,-9999.9,9,258.1,1,1
2026-08-27T22:00:00Z,271.0,1,271.0,0,1
2026-08-27T23:00:00Z,269.3,1,269.3,0,1
2026-08-28T00:00:00Z,-9999.9,3,269.3,1,1
2026-08-28T01:00:00Z,269.5,0,269.5,0,1
2026-08-28T02:00:00Z,289.3,0,289.3,0,1
2026-08-28T03:00:00Z,-9999.9,3,289.3,1,1
2026-08-28T04:00:00Z,-9999.9,4,289.3,1,1
2026-08-28T05:00:00Z,276.3,0,276.3,0,1
2026-08-28T06:00:00Z,286.3,0,286.3,0,1
2026-08-28T07:00:00Z,293.0,0,293.0,0,1
2026-08-28T08:00:00Z,300.5,0,300.5,0,1
2026-08-28T09:00:00Z,-9999.9,9,300.5,1,1
2026-08-28T10:00:00Z,306.5,0,306.5,0,1
2026-08-28T11:00:00Z,301.5,0,301.5,0,1
2026-08-28T12:00:00Z,299.1,0,299.1,0,1
2026-08-28T13:00:00Z,296.3,0,296.3,0,1
2026-08-28T14:00:00Z,309.9,0,309.9,0,1
2026-08-28T15:00:00Z,-9999.9,9,309.9,1,1
2026-08-28T16:00:00Z,377.3,0,377.3,0,1
2026-08-28T17:00:00Z,404.4,0,404.4,0,1
2026-08-28T18:00:00Z,398.2,0,398.2,0,1
2026-08-28T19:00:00Z,406.3,0,406.3,0,1
2026-08-28T20:00:00Z,412.0,1,412.0,0,1
2026-08-28T21:00:00Z,-9999.9,9,412.0,1,1
2026-08-28T22:00:00Z,377.1,1,377.1,0,1
2026-08-28T23:00:00Z,402.1,0,402.1,0,1
2026-08-29T00:00:00Z,379.3,0,379.3,0,1
2026-08-29T01:00:00Z,387.1,0,387.1,0,1
2026-08-29T02:00:00Z,562.8,0,562.8,0,1
2026-08-29T03:00:00Z,383.2,0,383.2,0,1
2026-08-29T04:00:00Z,376.2,0,376.2,0,1
2026-08-29T05:00:00Z,387.5,0,387.5,0,1
2026-08-29T06:00:00Z,385.8,0,385.8,0,1
2026-08-29T07:00:00Z,407.3,0,407.3,0,1
2026-08-29T08:00:00Z,415.0,1,415.0,0,1
2026-08-29T09:00:00Z,-9999.9,9,415.0,1,1
2026-08-29T10:00:00Z,431.8,0,431.8,0,1
2026-08-29T11:00:00Z,431.6,0,431.6,0,1
2026-08-29T12:00:00Z,462.1,0,462.1,0,1
2026-08-29T13:00:00Z,464.7,0,464.7,0,1
2026-08-29T14:00:00Z,461.9,0,461.9,0,1
2026-08-29T15:00:00Z,-9999.9,9,461.9,1,1
2026-08-29T16:00:00Z,431.8,1,431.8,0,1
2026-08-29T17:00:00Z,-9999.9,3,431.8,1,1
2026-08-29T18:00:00Z,452.1,0,452.1,0,1
2026-08-29T19:00:00Z,435.0,0,435.0,0,1
2026-08-29T20:00:00Z,458.8,0,458.8,0,1
2026-08-29T21:00:00Z,-9999.9,9,458.8,1,1
2026-08-29T22:00:00Z,426.7,0,426.7,0,1
2026-08-29T23:00:00Z,467.4,1,467.4,0,1
2026-08-30T00:00:00Z,434.7,1,434.7,0,1
2026-08-30T01:00:00Z,437.7,0,437.7,0,1
2026-08-30T02:00:00Z,425.3,0,425.3,0,1
2026-08-30T03:00:00Z,-9999.9,0,425.3,1,1
2026-08-30T04:00:00Z,416.4,0,416.4,0,1
2026-08-30T05:00:00Z,441.1,0,441.1,0,1
2026-08-30T06:00:00Z,422.9,1,422.9,0,1
2026-08-30T07:00:00Z,423.8,0,423.8,0,1
2026-08-30T08:00:00Z,464.2,0,464.2,0,1
2026-08-30T09:00:00Z,-9999.9,9,464.2,1,1
2026-08-30T10:00:00Z,461.5,0,461.5,0,1
2026-08-30T11:00:00Z,486.3,0,486.3,0,1
2026-08-30T12:00:00Z,453.0,0,453.0,0,1
2026-08-30T13:00:00Z,-9999.9,9,453.0,1,1
2026-08-30T14:00:00Z,487.1,0,487.1,0,1
2026-08-30T15:00:00Z,-9999.9,9,487.1,1,1
2026-08-30T16:00:00Z,437.8,0,437.8,0,1
2026-08-30T17:00:00Z,449.6,1,449.6,0,1
2026-08-30T18:00:00Z,465.2,0,465.2,0,1
2026-08-30T19:00:00Z,449.9,1,449.9,0,1
2026-08-30T20:00:00Z,-9999.9,9,449.9,1,1
2026-08-30T21:00:00Z,-9999.9,9,449.9,1,1
2026-08-30T22:00:00Z,453.7,0,453.7,0,1
2026-08-30T23:00:00Z,639.0,1,639.0,0,1
2026-08-31T00:00:00Z,471.8,0,471.8,0,1
2026-08-31T01:00:00Z,543.5,6,543.5,0,1
2026-08-31T02:00:00Z,475.4,0,475.4,0,1
2026-08-31T03:00:00Z,-9999.9,0,475.4,1,1
2026-08-31T04:00:00Z,441.0,0,441.0,0,1
2026-08-31T05:00:00Z,478.4,0,478.4,0,1
2026-08-31T06:00:00Z,456.1,0,456.1,0,1
2026-08-31T07:00:00Z,-9999.9,9,456.1,1,1
2026-08-31T08:00:00Z,465.5,0,465.5,0,1
2026-08-31T09:00:00Z,-9999.9,9,465.5,1,1
2026-08-31T10:00:00Z,432.2,1,432.2,0,1
2026-08-31T11:00:00Z,426.2,0,426.2,0,1
2026-08-31T12:00:00Z,442.7,0,442.7,0,1
2026-08-31T13:00:00Z,452.8,0,452.8,0,1
2026-08-31T14:00:00Z,-9999.9,9,452.8,1,1
2026-08-31T15:00:00Z,-9999.9,9,452.8,1,1
2026-08-31T16:00:00Z,456.8,0,456.8,0,1
2026-08-31T17:00:00Z,440.4,0,440.4,0,1
2026-08-31T18:00:00Z,429.7,0,429.7,0,1
2026-08-31T19:00:00Z,428.8,1,428.8,0,1
2026-08-31T20:00:00Z,-9999.9,9,428.8,1,1
2026-08-31T21:00:00Z,-9999.9,9,428.8,1,1
2026-08-31T22:00:00Z,-9999.9,3,428.8,1,1
2026-08-31T23:00:00Z,408.6,0,408.6,0,1
2026-09-01T00:00:00Z,408.5,6,408.5,0,1
2026-09-01T01:00:00Z,-9999.9,3,408.5,1,1
2026-09-01T02:00:00Z,416.2,1,416.2,0,1
2026-09-01T03:00:00Z,-9999.9,0,416.2,1,1
2026-09-01T04:00:00Z,409.9,0,409.9,0,1
2026-09-01T05:00:00Z,388.2,0,388.2,0,1
2026-09-01T06:00:00Z,401.4,1,401.4,0,1
2026-09-01T07:00:00Z,403.2,0,403.2,0,1
2026-09-01T08:00:00Z,398.6,1,398.6,0,1
2026-09-01T09:00:00Z,-9999.9,9,398.6,1,1
2026-09-01T10:00:00Z,416.2,0,416.2,0,1
2026-09-01T11:00:00Z,405.2,0,405.2,0,1
2026-09-01T12:00:00Z,421.3,0,421.3,0,1
2026-09-01T13:00:00Z,410.6,0,410.6,0,1
2026-09-01T14:00:00Z,-9999.9,9,410.6,1,1
2026-09-01T15:00:00Z,-9999.9,9,410.6,1,1
2026-09-01T16:00:00Z,416.7,0,416.7,0,1
2026-09-01T17:00:00Z,391.1,1,391.1,0,1
2026-09-01T18:00:00Z,400.4,0,400.4,0,1
2026-09-01T19:00:00Z,387.0,0,387.0,0,1
2026-09-01T20:00:00Z,384.8,0,384.8,0,1
2026-09-01T21:00:00Z,385.1,0,385.1,0,1
2026-09-01T22:00:00Z,399.4,0,399.4,0,1
2026-09-01T23:00:00Z,394.7,0,394.7,0,1
2026-09-02T00:00:00Z,-9999.9,3,394.7,1,1
2026-09-02T01:00:00Z,387.9,0,387.9,0,1
2026-09-02T02:00:00Z,392.8,0,392.8,0,1
2026-09-02T03:00:00Z,-9999.9,0,392.8,1,1
2026-09-02T04:00:00Z,399.1,0,399.1,0,1
2026-09-02T05:00:00Z,394.0,0,394.0,0,1
2026-09-02T06:00:00Z,397.4,0,397.4,0,1
2026-09-02T07:00:00Z,396.9,0,396.9,0,1
2026-09-02T08:00:00Z,386.8,0,386.8,0,1
2026-09-02T09:00:00Z,-9999.9,9,386.8,1,1
2026-09-02T10:00:00Z,402.6,0,402.6,0,1
2026-09-02T11:00:00Z,384.9,0,384.9,0,1
2026-09-02T12:00:00Z,409.0,0,409.0,0,1
2026-09-02T13:00:00Z,358.0,0,358.0,0,1
2026-09-02T14:00:00Z,350.1,0,350.1,0,1
2026-09-02T15:00:00Z,-9999.9,9,350.1,1,1
2026-09-02T16:00:00Z,382.1,0,382.1,0,1
2026-09-02T17:00:00Z,377.7,0,377.7,0,1
2026-09-02T18:00:00Z,359.5,0,359.5,0,1
2026-09-02T19:00:00Z,351.5,0,351.5,0,1
2026-09-02T20:00:00Z,379.8,0,379.8,0,1
2026-09-02T21:00:00Z,-9999.9,9,379.8,1,1
2026-09-02T22:00:00Z,382.9,0,382.9,0,1
2026-09-02T23:00:00Z,386.1,0,386.1,0,1
2026-09-03T00:00:00Z,398.8,0,398.8,0,1
2026-09-03T01:00:00Z,-9999.9,9,398.8,1,1
2026-09-03T02:00:00Z,404.6,0,404.6,0,1
2026-09-03T03:00:00Z,-9999.9,0,404.6,1,1
2026-09-03T04:00:00Z,402.1,1,402.1,0,1
2026-09-03T05:00:00Z,424.5,0,424.5,0,1
2026-09-03T06:00:00Z,411.1,0,411.1,0,1
2026-09-03T07:00:00Z,398.4,0,398.4,0,1
2026-09-03T08:00:00Z,395.3,0,395.3,0,1
2026-09-03T09:00:00Z,-9999.9,9,395.3,1,1
2026-09-03T10:00:00Z,395.2,0,395.2,0,1
2026-09-03T11:00:00Z,410.8,0,410.8,0,1
2026-09-03T12:00:00Z,393.9,0,393.9,0,1
2026-09-03T13:00:00Z,412.7,0,412.7,0,1
2026-09-03T14:00:00Z,406.0,0,406.0,0,1
2026-09-03T15:00:00Z,394.8,0,394.8,0,1
2026-09-03T16:00:00Z,410.6,0,410.6,0,1
2026-09-03T17:00:00Z,410.6,0,410.6,0,1
2026-09-03T18:00:00Z,385.2,0,385.2,0,1
2026-09-03T19:00:00Z,388.3,0,388.3,0,1
2026-09-03T20:00:00Z,400.7,0,400.7,0,1
2026-09-03T21:00:00Z,-9999.9,9,400.7,1,1
2026-09-03T22:00:00Z,-9999.9,9,400.7,1,1
2026-09-03T23:00:00Z,-9999.9,9,400.7,1,1
2026-09-04T00:00:00Z,392.9,0,392.9,0,1
2026-09-04T01:00:00Z,389.5,0,389.5,0,1
2026-09-04T02:00:00Z,398.1,0,398.1,0,1
2026-09-04T03:00:00Z,-9999.9,0,398.1,1,1
2026-09-04T04:00:00Z,387.2,1,387.2,0,1
2026-09-04T05:00:00Z,406.0,0,406.0,0,1
2026-09-04T06:00:00Z,406.1,1,406.1,0,1
2026-09-04T07:00:00Z,385.6,0,385.6,0,1
2026-09-04T08:00:00Z,385.0,1,385.0,0,1
2026-09-04T09:00:00Z,379.4,1,379.4,0,1
2026-09-04T10:00:00Z,375.3,0,375.3,0,1
2026-09-04T11:00:00Z,380.4,0,380.4,0,1
2026-09-04T12:00:00Z,378.5,0,378.5,0,1
2026-09-04T13:00:00Z,383.1,0,383.1,0,1
2026-09-04T14:00:00Z,365.1,0,365.1,0,1
2026-09-04T15:00:00Z,-9999.9,9,365.1,1,1
2026-09-04T16:00:00Z,362.3,0,362.3,0,1
2026-09-04T17:00:00Z,356.5,0,356.5,0,1
2026-09-04T18:00:00Z,356.4,0,356.4,0,1
2026-09-04T19:00:00Z,366.1,1,366.1,0,1
2026-09-04T20:00:00Z,355.3,0,355.3,0,1
2026-09-04T21:00:00Z,-9999.9,9,355.3,1,1
2026-09-04T22:00:00Z,344.2,0,344.2,0,1
2026-09-04T23:00:00Z,354.2,0,354.2,0,1
2026-09-05T00:00:00Z,355.1,0,355.1,0,1
2026-09-05T01:00:00Z,351.1,0,351.1,0,1
2026-09-05T02:00:00Z,350.3,0,350.3,0,1
2026-09-05T03:00:00Z,-9999.9,0,350.3,1,1
2026-09-05T04:00:00Z,372.2,0,372.2,0,1
2026-09-05T05:00:00Z,356.5,0,356.5,0,1
2026-09-05T06:00:00Z,348.0,0,348.0,0,1
2026-09-05T07:00:00Z,345.1,1,345.1,0,1
2026-09-05T08:00:00Z,355.0,0,355.0,0,1
2026-09-05T09:00:00Z,358.2,0,358.2,0,1
2026-09-05T10:00:00Z,349.8,0,349.8,0,1
2026-09-05T11:00:00Z,350.5,0,350.5,0,1
2026-09-05T12:00:00Z,351.9,0,351.9,0,1
2026-09-05T13:00:00Z,-9999.9,9,351.9,1,1
2026-09-05T14:00:00Z,-9999.9,9,351.9,1,1
2026-09-05T15:00:00Z,-9999.9,9,351.9,1,1
2026-09-05T16:00:00Z,371.6,0,371.6,0,1
2026-09-05T17:00:00Z,353.0,0,353.0,0,1
2026-09-05T18:00:00Z,-9999.9,9,353.0,1,1
2026-09-05T19:00:00Z,352.9,0,352.9,0,1
2026-09-05T20:00:00Z,358.3,0,358.3,0,1
2026-09-05T21:00:00Z,-9999.9,9,358.3,1,1
2026-09-05T22:00:00Z,358.8,0,358.8,0,1
2026-09-05T23:00:00Z,362.6,0,362.6,0,1
2026-09-06T00:00:00Z,352.2,0,352.2,0,1
2026-09-06T01:00:00Z,356.2,0,356.2,0,1
2026-09-06T02:00:00Z,353.5,0,353.5,0,1
2026-09-06T03:00:00Z,-9999.9,0,353.5,1,1
2026-09-06T04:00:00Z,351.4,1,351.4,0,1
2026-09-06T05:00:00Z,365.6,0,365.6,0,1
2026-09-06T06:00:00Z,359.6,0,359.6,0,1
2026-09-06T07:00:00Z,381.6,0,381.6,0,1
2026-09-06T08:00:00Z,377.3,0,377.3,0,1
2026-09-06T09:00:00Z,376.1,0,376.1,0,1
2026-09-06T10:00:00Z,382.7,0,382.7,0,1
2026-09-06T11:00:00Z,380.2,1,380.2,0,1
2026-09-06T12:00:00Z,379.1,0,379.1,0,1
2026-09-06T13:00:00Z,-9999.9,9,379.1,1,1
2026-09-06T14:00:00Z,-9999.9,9,379.1,1,1
2026-09-06T15:00:00Z,-9999.9,9,379.1,1,1
2026-09-06T16:00:00Z,364.0,0,364.0,0,1
2026-09-06T17:00:00Z,357.2,0,357.2,0,1
2026-09-06T18:00:00Z,360.0,0,360.0,0,1
2026-09-06T19:00:00Z,357.8,0,357.8,0,1
2026-09-06T20:00:00Z,-9999.9,9,357.8,1,1
2026-09-06T21:00:00Z,-9999.9,9,357.8,1,1
2026-09-06T22:00:00Z,369.8,0,369.8,0,1
2026-09-06T23:00:00Z,363.9,0,363.9,0,1
2026-09-07T00:00:00Z,362.5,0,362.5,0,1
2026-09-07T01:00:00Z,359.4,0,359.4,0,1
2026-09-07T02:00:00Z,360.4,6,360.4,0,1
2026-09-07T03:00:00Z,-9999.9,0,360.4,1,1
2026-09-07T04:00:00Z,362.2,0,362.2,0,1
2026-09-07T05:00:00Z,358.0,0,358.0,0,1
2026-09-07T06:00:00Z,380.1,0,380.1,0,1
2026-09-07T07:00:00Z,383.2,0,383.2,0,1
2026-09-07T08:00:00Z,382.8,0,382.8,0,1
2026-09-07T09:00:00Z,391.7,0,391.7,0,1
2026-09-07T10:00:00Z,398.6,0,398.6,0,1
2026-09-07T11:00:00Z,437.8,0,437.8,0,1
2026-09-07T12:00:00Z,450.1,1,450.1,0,1
2026-09-07T13:00:00Z,504.2,0,504.2,0,1
2026-09-07T14:00:00Z,-9999.9,9,504.2,1,1
2026-09-07T15:00:00Z,-9999.9,9,504.2,1,1
2026-09-07T16:00:00Z,526.8,0,526.8,0,1
2026-09-07T17:00:00Z,505.9,0,505.9,0,1
2026-09-07T18:00:00Z,500.4,0,500.4,0,1
2026-09-07T19:00:00Z,505.4,0,505.4,0,1
2026-09-07T20:00:00Z,465.4,0,465.4,0,1
2026-09-07T21:00:00Z,500.1,0,500.1,0,1
2026-09-07T22:00:00Z,512.6,0,512.6,0,1
2026-09-07T23:00:00Z,471.5,0,471.5,0,1
2026-09-08T00:00:00Z,517.4,1,517.4,0,1
2026-09-08T01:00:00Z,552.8,1,552.8,0,1
2026-09-08T02:00:00Z,577.5,0,577.5,0,1
2026-09-08T03:00:00Z,-9999.9,9,577.5,1,1
2026-09-08T04:00:00Z,574.9,0,574.9,0,1
2026-09-08T05:00:00Z,601.9,0,601.9,0,1
2026-09-08T06:00:00Z,612.1,0,612.1,0,1
2026-09-08T07:00:00Z,591.7,0,591.7,0,1
2026-09-08T08:00:00Z,579.1,0,579.1,0,1
2026-09-08T09:00:00Z,603.6,0,603.6,0,1
2026-09-08T10:00:00Z,573.3,0,573.3,0,1
2026-09-08T11:00:00Z,575.6,0,575.6,0,1
2026-09-08T12:00:00Z,524.3,0,524.3,0,1
2026-09-08T13:00:00Z,519.0,0,519.0,0,1
2026-09-08T14:00:00Z,511.9,0,511.9,0,1
2026-09-08T15:00:00Z,-9999.9,9,511.9,1,1
2026-09-08T16:00:00Z,503.4,0,503.4,0,1
2026-09-08T17:00:00Z,483.0,0,483.0,0,1
2026-09-08T18:00:00Z,479.4,0,479.4,0,1
2026-09-08T19:00:00Z,464.9,0,464.9,0,1
2026-09-08T20:00:00Z,436.4,0,436.4,0,1
2026-09-08T21:00:00Z,447.4,0,447.4,0,1
2026-09-08T22:00:00Z,434.2,0,434.2,0,1
2026-09-08T23:00:00Z,427.5,0,427.5,0,1
2026-09-09T00:00:00Z,416.1,0,416.1,0,1
2026-09-09T01:00:00Z,416.9,0,416.9,0,1
2026-09-09T02:00:00Z,413.0,6,413.0,0,1
2026-09-09T03:00:00Z,-9999.9,0,413.0,1,1
2026-09-09T04:00:00Z,441.6,0,441.6,0,1
2026-09-09T05:00:00Z,418.1,1,418.1,0,1
2026-09-09T06:00:00Z,418.1,1,418.1,0,1
2026-09-09T07:00:00Z,439.5,0,439.5,0,1
2026-09-09T08:00:00Z,434.1,0,434.1,0,1
2026-09-09T09:00:00Z,432.5,0,432.5,0,1
2026-09-09T10:00:00Z,424.5,0,424.5,0,1
2026-09-09T11:00:00Z,-9999.9,3,424.5,1,1
2026-09-09T12:00:00Z,431.6,0,431.6,0,1
2026-09-09T13:00:00Z,-9999.9,9,431.6,1,1
2026-09-09T14:00:00Z,447.7,0,447.7,0,1
2026-09-09T15:00:00Z,-9999.9,9,447.7,1,1
2026-09-09T16:00:00Z,435.5,0,435.5,0,1
2026-09-09T17:00:00Z,431.0,0,431.0,0,1
2026-09-09T18:00:00Z,417.7,0,417.7,0,1
2026-09-09T19:00:00Z,444.0,0,444.0,0,1
2026-09-09T20:00:00Z,457.1,0,457.1,0,1
2026-09-09T21:00:00Z,463.6,0,463.6,0,1
2026-09-09T22:00:00Z,465.2,0,465.2,0,1
2026-09-09T23:00:00Z,462.5,0,462.5,0,1
2026-09-10T00:00:00Z,462.0,0,462.0,0,1
2026-09-10T01:00:00Z,453.2,0,453.2,0,1
2026-09-10T02:00:00Z,453.6,0,453.6,0,1
2026-09-10T03:00:00Z,-9999.9,0,453.6,1,1
2026-09-10T04:00:00Z,456.6,0,456.6,0,1
2026-09-10T05:00:00Z,459.4,0,459.4,0,1
2026-09-10T06:00:00Z,467.0,0,467.0,0,1
2026-09-10T07:00:00Z,441.7,0,441.7,0,1
2026-09-10T08:00:00Z,465.0,0,465.0,0,1
2026-09-10T09:00:00Z,460.2,0,460.2,0,1
2026-09-10T10:00:00Z,463.2,0,463.2,0,1
2026-09-10T11:00:00Z,475.2,0,475.2,0,1
2026-09-10T12:00:00Z,477.5,0,477.5,0,1
2026-09-10T13:00:00Z,446.1,0,446.1,0,1
2026-09-10T14:00:00Z,449.1,0,449.1,0,1
2026-09-10T15:00:00Z,-9999.9,9,449.1,1,1
2026-09-10T16:00:00Z,453.8,0,453.8,0,1
2026-09-10T17:00:00Z,467.4,0,467.4,0,1
2026-09-10T18:00:00Z,487.4,0,487.4,0,1
2026-09-10T19:00:00Z,457.4,0,457.4,0,1
2026-09-10T20:00:00Z,-9999.9,9,457.4,1,1
2026-09-10T21:00:00Z,-9999.9,9,457.4,1,1
2026-09-10T22:00:00Z,451.8,0,451.8,0,1
2026-09-10T23:00:00Z,437.9,0,437.9,0,1
2026-09-11T00:00:00Z,452.2,0,452.2,0,1
2026-09-11T01:00:00Z,455.8,0,455.8,0,1
2026-09-11T02:00:00Z,451.3,0,451.3,0,1
2026-09-11T03:00:00Z,-9999.9,0,451.3,1,1
2026-09-11T04:00:00Z,-9999.9,9,451.3,1,1
2026-09-11T05:00:00Z,445.2,0,445.2,0,1
2026-09-11T06:00:00Z,451.9,0,451.9,0,1
2026-09-11T07:00:00Z,455.2,0,455.2,0,1
2026-09-11T08:00:00Z,430.3,0,430.3,0,1
2026-09-11T09:00:00Z,417.5,1,417.5,0,1
2026-09-11T10:00:00Z,439.3,0,439.3,0,1
2026-09-11T11:00:00Z,432.2,0,432.2,0,1
2026-09-11T12:00:00Z,422.8,0,422.8,0,1
2026-09-11T13:00:00Z,415.4,0,415.4,0,1
2026-09-11T14:00:00Z,410.3,0,410.3,0,1
2026-09-11T15:00:00Z,-9999.9,9,410.3,1,1
2026-09-11T16:00:00Z,421.9,0,421.9,0,1
2026-09-11T17:00:00Z,-9999.9,3,421.9,1,1
2026-09-11T18:00:00Z,411.2,0,411.2,0,1
2026-09-11T19:00:00Z,410.4,0,410.4,0,1
2026-09-11T20:00:00Z,423.8,0,423.8,0,1
2026-09-11T21:00:00Z,-9999.9,9,423.8,1,1
2026-09-11T22:00:00Z,420.8,0,420.8,0,1
2026-09-11T23:00:00Z,428.0,0,428.0,0,1
2026-09-12T00:00:00Z,-9999.9,9,428.0,1,1
2026-09-12T01:00:00Z,431.5,0,431.5,0,1
2026-09-12T02:00:00Z,431.6,0,431.6,0,1
2026-09-12T03:00:00Z,-9999.9,0,431.6,1,1
2026-09-12T04:00:00Z,-9999.9,9,431.6,1,1
2026-09-12T05:00:00Z,424.4,1,424.4,0,1
2026-09-12T06:00:00Z,435.0,0,435.0,0,1
2026-09-12T07:00:00Z,428.5,0,428.5,0,1
2026-09-12T08:00:00Z,437.5,0,437.5,0,1
2026-09-12T09:00:00Z,420.9,0,420.9,0,1
2026-09-12T10:00:00Z,415.7,0,415.7,0,1
2026-09-12T11:00:00Z,416.4,0,416.4,0,1
2026-09-12T12:00:00Z,415.9,0,415.9,0,1
2026-09-12T13:00:00Z,387.4,1,387.4,0,1
2026-09-12T14:00:00Z,398.0,0,398.0,0,1
2026-09-12T15:00:00Z,-9999.9,9,398.0,1,1
2026-09-12T16:00:00Z,413.5,0,413.5,0,1
2026-09-12T17:00:00Z,445.0,0,445.0,0,1
2026-09-12T18:00:00Z,421.2,0,421.2,0,1
2026-09-12T19:00:00Z,362.9,1,362.9,0,1
2026-09-12T20:00:00Z,399.5,0,399.5,0,1
2026-09-12T21:00:00Z,416.2,0,416.2,0,1
2026-09-12T22:00:00Z,395.6,0,395.6,0,1
2026-09-12T23:00:00Z,396.9,0,396.9,0,1
2026-09-13T00:00:00Z,391.1,0,391.1,0,1
2026-09-13T01:00:00Z,379.7,0,379.7,0,1
2026-09-13T02:00:00Z,395.3,0,395.3,0,1
2026-09-13T03:00:00Z,-9999.9,0,395.3,1,1
2026-09-13T04:00:00Z,370.3,0,370.3,0,1
2026-09-13T05:00:00Z,428.5,0,428.5,0,1
2026-09-13T06:00:00Z,427.2,0,427.2,0,1
2026-09-13T07:00:00Z,422.2,1,422.2,0,1
2026-09-13T08:00:00Z,410.6,0,410.6,0,1
2026-09-13T09:00:00Z,415.5,1,415.5,0,1
2026-09-13T10:00:00Z,396.6,0,396.6,0,1
2026-09-13T11:00:00Z,396.0,0,396.0,0,1
2026-09-13T12:00:00Z,427.8,1,427.8,0,1
2026-09-13T13:00:00Z,429.1,1,429.1,0,1
2026-09-13T14:00:00Z,461.5,1,461.5,0,1
2026-09-13T15:00:00Z,-9999.9,9,461.5,1,1
2026-09-13T16:00:00Z,450.8,0,450.8,0,1
2026-09-13T17:00:00Z,476.6,0,476.6,0,1
2026-09-13T18:00:00Z,465.7,1,465.7,0,1
2026-09-13T19:00:00Z,436.9,0,436.9,0,1
2026-09-13T20:00:00Z,441.8,0,441.8,0,1
2026-09-13T21:00:00Z,444.4,0,444.4,0,1
2026-09-13T22:00:00Z,440.3,1,440.3,0,1
2026-09-13T23:00:00Z,389.5,0,389.5,0,1
2026-09-14T00:00:00Z,375.5,1,375.5,0,1
2026-09-14T01:00:00Z,388.0,0,388.0,0,1
2026-09-14T02:00:00Z,376.9,0,376.9,0,1
2026-09-14T03:00:00Z,340.5,0,340.5,0,1
2026-09-14T04:00:00Z,349.0,0,349.0,0,1
2026-09-14T05:00:00Z,347.4,0,347.4,0,1
2026-09-14T06:00:00Z,327.8,0,327.8,0,1
2026-09-14T07:00:00Z,326.3,0,326.3,0,1
2026-09-14T08:00:00Z,317.1,0,317.1,0,1
2026-09-14T09:00:00Z,-9999.9,9,317.1,1,1
2026-09-14T10:00:00Z,336.1,0,336.1,0,1
2026-09-14T11:00:00Z,-9999.9,9,336.1,1,1
2026-09-14T12:00:00Z,352.1,0,352.1,0,1
2026-09-14T13:00:00Z,374.8,0,374.8,0,1
2026-09-14T14:00:00Z,-9999.9,9,374.8,1,1
2026-09-14T15:00:00Z,-9999.9,9,374.8,1,1
2026-09-14T16:00:00Z,-9999.9,9,374.8,1,1
2026-09-14T17:00:00Z,385.2,0,385.2,0,1
2026-09-14T18:00:00Z,380.7,0,380.7,0,1
2026-09-14T19:00:00Z,372.8,0,372.8,0,1
2026-09-14T20:00:00Z,-9999.9,3,372.8,1,1
2026-09-14T21:00:00Z,379.4,0,379.4,0,1
2026-09-14T22:00:00Z,386.6,0,386.6,0,1
2026-09-14T23:00:00Z,383.5,0,383.5,0,1
2026-09-15T00:00:00Z,383.6,0,383.6,0,1
2026-09-15T01:00:00Z,405.4,0,405.4,0,1
2026-09-15T02:00:00Z,402.4,0,402.4,0,1
2026-09-15T03:00:00Z,389.5,0,389.5,0,1
2026-09-15T04:00:00Z,392.0,0,392.0,0,1
2026-09-15T05:00:00Z,384.9,1,384.9,0,1
2026-09-15T06:00:00Z,-9999.9,9,384.9,1,1
2026-09-15T07:00:00Z,394.3,0,394.3,0,1
2026-09-15T08:00:00Z,-9999.9,9,394.3,1,1
2026-09-15T09:00:00Z,-9999.9,9,394.3,1,1
2026-09-15T10:00:00Z,505.5,1,505.5,0,1
2026-09-15T11:00:00Z,522.6,0,522.6,0,1
2026-09-15T12:00:00Z,629.4,0,629.4,0,1
2026-09-15T13:00:00Z,412.1,1,412.1,0,1
2026-09-15T14:00:00Z,415.4,0,415.4,0,1
2026-09-15T15:00:00Z,-9999.9,9,415.4,1,1
2026-09-15T16:00:00Z,429.2,1,429.2,0,1
2026-09-15T17:00:00Z,451.4,0,451.4,0,1
2026-09-15T18:00:00Z,743.4,0,743.4,0,1
2026-09-15T19:00:00Z,468.9,1,468.9,0,1
2026-09-15T20:00:00Z,528.7,1,528.7,0,1
2026-09-15T21:00:00Z,451.1,0,451.1,0,1
2026-09-15T22:00:00Z,455.7,1,455.7,0,1
2026-09-15T23:00:00Z,514.1,0,514.1,0,1
2026-09-16T00:00:00Z,550.0,1,550.0,0,1
2026-09-16T01:00:00Z,543.1,0,543.1,0,1
2026-09-16T02:00:00Z,533.1,1,533.1,0,1
2026-09-16T03:00:00Z,547.8,0,547.8,0,1
2026-09-16T04:00:00Z,541.6,1,541.6,0,1
2026-09-16T05:00:00Z,530.4,0,530.4,0,1
2026-09-16T06:00:00Z,535.9,0,535.9,0,1
2026-09-16T07:00:00Z,-9999.9,3,535.9,1,1
2026-09-16T08:00:00Z,-9999.9,3,535.9,1,1
2026-09-16T09:00:00Z,-9999.9,9,535.9,1,1
2026-09-16T10:00:00Z,546.5,0,546.5,0,1
2026-09-16T11:00:00Z,526.3,1,526.3,0,1
2026-09-16T12:00:00Z,588.1,0,588.1,0,1
2026-09-16T13:00:00Z,580.4,0,580.4,0,1
2026-09-16T14:00:00Z,537.1,1,537.1,0,1
2026-09-16T15:00:00Z,-9999.9,9,537.1,1,1
2026-09-16T16:00:00Z,517.7,1,517.7,0,1
2026-09-16T17:00:00Z,540.1,1,540.1,0,1
2026-09-16T18:00:00Z,494.7,1,494.7,0,1
2026-09-16T19:00:00Z,490.4,0,490.4,0,1
2026-09-16T20:00:00Z,533.2,0,533.2,0,1
2026-09-16T21:00:00Z,502.1,0,502.1,0,1
2026-09-16T22:00:00Z,505.0,0,505.0,0,1
2026-09-16T23:00:00Z,506.4,0,506.4,0,1
2026-09-17T00:00:00Z,505.3,0,505.3,0,1
2026-09-17T01:00:00Z,525.3,0,525.3,0,1
2026-09-17T02:00:00Z,550.8,0,550.8,0,1
2026-09-17T03:00:00Z,518.0,0,518.0,0,1
2026-09-17T04:00:00Z,526.7,0,526.7,0,1
2026-09-17T05:00:00Z,508.4,0,508.4,0,1
2026-09-17T06:00:00Z,498.3,0,498.3,0,1
2026-09-17T07:00:00Z,498.6,0,498.6,0,1
2026-09-17T08:00:00Z,-9999.9,9,498.6,1,1
2026-09-17T09:00:00Z,-9999.9,9,498.6,1,1
2026-09-17T10:00:00Z,497.0,0,497.0,0,1
2026-09-17T11:00:00Z,480.8,1,480.8,0,1
2026-09-17T12:00:00Z,507.6,0,507.6,0,1
2026-09-17T13:00:00Z,501.3,0,501.3,0,1
2026-09-17T14:00:00Z,465.1,0,465.1,0,1
2026-09-17T15:00:00Z,-9999.9,9,465.1,1,1
2026-09-17T16:00:00Z,460.8,1,460.8,0,1
2026-09-17T17:00:00Z,476.4,0,476.4,0,1
2026-09-17T18:00:00Z,513.2,0,513.2,0,1
2026-09-17T19:00:00Z,498.9,0,498.9,0,1
2026-09-17T20:00:00Z,467.7,0,467.7,0,1
2026-09-17T21:00:00Z,491.5,0,491.5,0,1
2026-09-17T22:00:00Z,489.2,0,489.2,0,1
2026-09-17T23:00:00Z,458.6,0,458.6,0,1
2026-09-18T00:00:00Z,459.8,0,459.8,0,1
2026-09-18T01:00:00Z,449.1,1,449.1,0,1
2026-09-18T02:00:00Z,462.3,1,462.3,0,1
2026-09-18T03:00:00Z,468.7,0,468.7,0,1
2026-09-18T04:00:00Z,450.4,0,450.4,0,1
2026-09-18T05:00:00Z,432.4,0,432.4,0,1
2026-09-18T06:00:00Z,432.4,0,432.4,0,1
2026-09-18T07:00:00Z,423.8,1,423.8,0,1
2026-09-18T08:00:00Z,432.4,0,432.4,0,1
2026-09-18T09:00:00Z,-9999.9,9,432.4,1,1
2026-09-18T10:00:00Z,435.4,0,435.4,0,1
2026-09-18T11:00:00Z,401.8,1,401.8,0,1
2026-09-18T12:00:00Z,441.0,0,441.0,0,1
2026-09-18T13:00:00Z,444.0,0,444.0,0,1
2026-09-18T14:00:00Z,432.1,0,432.1,0,1
2026-09-18T15:00:00Z,-9999.9,9,432.1,1,1
2026-09-18T16:00:00Z,425.9,0,425.9,0,1
2026-09-18T17:00:00Z,427.8,0,427.8,0,1
2026-09-18T18:00:00Z,436.4,0,436.4,0,1
2026-09-18T19:00:00Z,424.8,0,424.8,0,1
2026-09-18T20:00:00Z,413.2,0,413.2,0,1
2026-09-18T21:00:00Z,434.9,0,434.9,0,1
2026-09-18T22:00:00Z,428.5,0,428.5,0,1
2026-09-18T23:00:00Z,434.3,0,434.3,0,1
2026-09-19T00:00:00Z,445.3,0,445.3,0,1
2026-09-19T01:00:00Z,439.9,0,439.9,0,1
2026-09-19T02:00:00Z,442.0,0,442.0,0,1
2026-09-19T03:00:00Z,444.5,0,444.5,0,1
2026-09-19T04:00:00Z,442.5,0,442.5,0,1
2026-09-19T05:00:00Z,454.4,0,454.4,0,1
2026-09-19T06:00:00Z,448.0,0,448.0,0,1
2026-09-19T07:00:00Z,436.2,0,436.2,0,1
2026-09-19T08:00:00Z,463.6,0,463.6,0,1
2026-09-19T09:00:00Z,449.1,0,449.1,0,1
2026-09-19T10:00:00Z,446.1,0,446.1,0,1
2026-09-19T11:00:00Z,446.4,0,446.4,0,1
2026-09-19T12:00:00Z,455.7,0,455.7,0,1
2026-09-19T13:00:00Z,441.5,0,441.5,0,1
2026-09-19T14:00:00Z,440.7,0,440.7,0,1
2026-09-19T15:00:00Z,-9999.9,9,440.7,1,1
2026-09-19T16:00:00Z,421.2,0,421.2,0,1
2026-09-19T17:00:00Z,416.6,0,416.6,0,1
2026-09-19T18:00:00Z,432.8,0,432.8,0,1
2026-09-19T19:00:00Z,434.7,0,434.7,0,1
2026-09-19T20:00:00Z,415.1,1,415.1,0,1
2026-09-19T21:00:00Z,411.3,0,411.3,0,1
2026-09-19T22:00:00Z,413.9,0,413.9,0,1
2026-09-19T23:00:00Z,407.0,0,407.0,0,1
2026-09-20T00:00:00Z,413.5,0,413.5,0,1
2026-09-20T01:00:00Z,431.0,0,431.0,0,1
2026-09-20T02:00:00Z,426.7,0,426.7,0,1
2026-09-20T03:00:00Z,427.2,0,427.2,0,1
2026-09-20T04:00:00Z,415.7,0,415.7,0,1
2026-09-20T05:00:00Z,421.6,0,421.6,0,1
2026-09-20T06:00:00Z,404.6,0,404.6,0,1
2026-09-20T07:00:00Z,409.0,0,409.0,0,1
2026-09-20T08:00:00Z,391.5,0,391.5,0,1
2026-09-20T09:00:00Z,-9999.9,9,391.5,1,1
2026-09-20T10:00:00Z,433.2,0,433.2,0,1
2026-09-20T11:00:00Z,410.6,0,410.6,0,1
2026-09-20T12:00:00Z,412.3,0,412.3,0,1
2026-09-20T13:00:00Z,426.1,0,426.1,0,1
2026-09-20T14:00:00Z,428.8,0,428.8,0,1
2026-09-20T15:00:00Z,-9999.9,9,428.8,1,1
2026-09-20T16:00:00Z,422.0,0,422.0,0,1
2026-09-20T17:00:00Z,405.0,0,405.0,0,1
2026-09-20T18:00:00Z,-9999.9,9,405.0,1,1
2026-09-20T19:00:00Z,382.4,0,382.4,0,1
2026-09-20T20:00:00Z,368.2,0,368.2,0,1
2026-09-20T21:00:00Z,-9999.9,9,368.2,1,1
2026-09-20T22:00:00Z,368.7,0,368.7,0,1
2026-09-20T23:00:00Z,356.2,0,356.2,0,1
2026-09-21T00:00:00Z,376.2,0,376.2,0,1
2026-09-21T01:00:00Z,368.4,0,368.4,0,1
2026-09-21T02:00:00Z,362.1,0,362.1,0,1
2026-09-21T03:00:00Z,359.2,0,359.2,0,1
2026-09-21T04:00:00Z,359.1,0,359.1,0,1
2026-09-21T05:00:00Z,339.5,0,339.5,0,1
2026-09-21T06:00:00Z,353.4,0,353.4,0,1
2026-09-21T07:00:00Z,-9999.9,9,353.4,1,1
2026-09-21T08:00:00Z,345.0,0,345.0,0,1
2026-09-21T09:00:00Z,334.8,0,334.8,0,1
2026-09-21T10:00:00Z,330.6,0,330.6,0,1
2026-09-21T11:00:00Z,304.4,1,304.4,0,1
2026-09-21T12:00:00Z,388.0,1,388.0,0,1
2026-09-21T13:00:00Z,334.8,0,334.8,0,1
2026-09-21T14:00:00Z,352.7,1,352.7,0,1
2026-09-21T15:00:00Z,-9999.9,9,352.7,1,1
2026-09-21T16:00:00Z,-9999.9,9,352.7,1,1
2026-09-21T17:00:00Z,-9999.9,9,352.7,1,1
2026-09-21T18:00:00Z,-9999.9,9,352.7,1,1
2026-09-21T19:00:00Z,326.7,1,326.7,0,1
2026-09-21T20:00:00Z,331.3,1,331.3,0,1
2026-09-21T21:00:00Z,345.6,1,345.6,0,1
2026-09-21T22:00:00Z,347.1,0,347.1,0,1
2026-09-21T23:00:00Z,341.0,1,341.0,0,1
2026-09-22T00:00:00Z,339.6,1,339.6,0,1
2026-09-22T01:00:00Z,340.7,1,340.7,0,1
2026-09-22T02:00:00Z,331.6,1,331.6,0,1
2026-09-22T03:00:00Z,358.5,1,358.5,0,1
2026-09-22T04:00:00Z,-9999.9,6,358.5,1,1
2026-09-22T05:00:00Z,311.3,0,311.3,0,1
2026-09-22T06:00:00Z,-9999.9,6,311.3,1,1
2026-09-22T07:00:00Z,-9999.9,9,311.3,1,1
2026-09-22T08:00:00Z,-9999.9,6,311.3,1,1
2026-09-22T09:00:00Z,-9999.9,9,311.3,1,1
2026-09-22T10:00:00Z,-9999.9,6,311.3,1,1
2026-09-22T11:00:00Z,-9999.9,3,311.3,1,1
2026-09-22T12:00:00Z,-9999.9,6,311.3,1,1
2026-09-22T13:00:00Z,-9999.9,6,311.3,1,1
2026-09-22T14:00:00Z,340.2,1,340.2,0,1
2026-09-22T15:00:00Z,-9999.9,9,340.2,1,1
2026-09-22T16:00:00Z,-9999.9,6,340.2,1,1
2026-09-22T17:00:00Z,403.0,1,403.0,0,1
2026-09-22T18:00:00Z,-9999.9,9,403.0,1,1
2026-09-22T19:00:00Z,-9999.9,9,403.0,1,1
2026-09-22T20:00:00Z,-9999.9,6,403.0,1,1
2026-09-22T21:00:00Z,395.6,1,395.6,0,1
2026-09-22T22:00:00Z,334.9,0,334.9,0,1
2026-09-22T23:00:00Z,-9999.9,6,334.9,1,1
2026-09-23T00:00:00Z,-9999.9,6,334.9,1,1
2026-09-23T01:00:00Z,-9999.9,6,334.9,1,1
2026-09-23T02:00:00Z,389.7,1,389.7,0,1
2026-09-23T03:00:00Z,283.1,0,283.1,0,1
2026-09-23T04:00:00Z,289.2,0,289.2,0,1
2026-09-23T05:00:00Z,288.1,6,288.1,0,1
2026-09-23T06:00:00Z,298.3,0,298.3,0,1
2026-09-23T07:00:00Z,301.6,0,301.6,0,1
2026-09-23T08:00:00Z,-9999.9,9,301.6,1,1
2026-09-23T09:00:00Z,-9999.9,9,301.6,1,1
2026-09-23T10:00:00Z,295.1,0,295.1,0,1
2026-09-23T11:00:00Z,-9999.9,9,295.1,1,1
2026-09-23T12:00:00Z,289.5,0,289.5,0,1
2026-09-23T13:00:00Z,290.5,0,290.5,0,1
2026-09-23T14:00:00Z,294.0,0,294.0,0,1
2026-09-23T15:00:00Z,-9999.9,9,294.0,1,1
2026-09-23T16:00:00Z,293.9,0,293.9,0,1
2026-09-23T17:00:00Z,297.2,0,297.2,0,1
2026-09-23T18:00:00Z,-9999.9,9,297.2,1,1
2026-09-23T19:00:00Z,298.0,0,298.0,0,1
2026-09-23T20:00:00Z,314.3,0,314.3,0,1
2026-09-23T21:00:00Z,316.7,1,316.7,0,1
2026-09-23T22:00:00Z,315.9,0,315.9,0,1
2026-09-23T23:00:00Z,311.0,0,311.0,0,1
2026-09-24T00:00:00Z,313.3,1,313.3,0,1
2026-09-24T01:00:00Z,315.1,0,315.1,0,1
2026-09-24T02:00:00Z,324.0,0,324.0,0,1
2026-09-24T03:00:00Z,332.6,0,332.6,0,1
2026-09-24T04:00:00Z,332.4,1,332.4,0,1
2026-09-24T05:00:00Z,346.8,1,346.8,0,1
2026-09-24T06:00:00Z,341.1,0,341.1,0,1
2026-09-24T07:00:00Z,327.3,1,327.3,0,1
2026-09-24T08:00:00Z,-9999.9,9,327.3,1,1
2026-09-24T09:00:00Z,393.3,0,393.3,0,1
2026-09-24T10:00:00Z,388.0,0,388.0,0,1
2026-09-24T11:00:00Z,-9999.9,9,388.0,1,1
2026-09-24T12:00:00Z,-9999.9,3,388.0,1,1
2026-09-24T13:00:00Z,-9999.9,9,388.0,1,1
2026-09-24T14:00:00Z,-9999.9,9,388.0,1,1
2026-09-24T15:00:00Z,392.2,0,392.2,0,1
2026-09-24T16:00:00Z,-9999.9,9,392.2,1,1
2026-09-24T17:00:00Z,-9999.9,3,392.2,1,1
2026-09-24T18:00:00Z,424.0,0,424.0,0,1
2026-09-24T19:00:00Z,425.0,1,425.0,0,1
2026-09-24T20:00:00Z,455.8,0,455.8,0,1
2026-09-24T21:00:00Z,435.9,0,435.9,0,1
2026-09-24T22:00:00Z,437.2,0,437.2,0,1
2026-09-24T23:00:00Z,446.2,0,446.2,0,1
2026-09-25T00:00:00Z,439.6,0,439.6,0,1
2026-09-25T01:00:00Z,428.8,0,428.8,0,1
2026-09-25T02:00:00Z,456.8,0,456.8,0,1
2026-09-25T03:00:00Z,427.9,0,427.9,0,1
2026-09-25T04:00:00Z,-9999.9,3,427.9,1,1
2026-09-25T05:00:00Z,451.6,0,451.6,0,1
2026-09-25T06:00:00Z,-9999.9,3,451.6,1,1
2026-09-25T07:00:00Z,-9999.9,3,451.6,1,1
2026-09-25T08:00:00Z,442.8,0,442.8,0,1
2026-09-25T09:00:00Z,454.1,0,454.1,0,1
2026-09-25T10:00:00Z,457.2,0,457.2,0,1
2026-09-25T11:00:00Z,469.3,0,469.3,0,1
2026-09-25T12:00:00Z,481.8,0,481.8,0,1
2026-09-25T13:00:00Z,458.2,1,458.2,0,1
2026-09-25T14:00:00Z,-9999.9,9,458.2,1,1
2026-09-25T15:00:00Z,-9999.9,3,458.2,1,1
2026-09-25T16:00:00Z,506.2,0,506.2,0,1
2026-09-25T17:00:00Z,528.8,0,528.8,0,1
2026-09-25T18:00:00Z,523.6,0,523.6,0,1
2026-09-25T19:00:00Z,516.9,0,516.9,0,1
2026-09-25T20:00:00Z,471.5,0,471.5,0,1
2026-09-25T21:00:00Z,500.6,0,500.6,0,1
2026-09-25T22:00:00Z,496.2,0,496.2,0,1
2026-09-25T23:00:00Z,500.7,0,500.7,0,1
2026-09-26T00:00:00Z,506.7,0,506.7,0,1
2026-09-26T01:00:00Z,504.0,0,504.0,0,1
2026-09-26T02:00:00Z,484.1,0,484.1,0,1
2026-09-26T03:00:00Z,-9999.9,9,484.1,1,1
2026-09-26T04:00:00Z,477.0,0,477.0,0,1
2026-09-26T05:00:00Z,477.2,0,477.2,0,1
2026-09-26T06:00:00Z,474.3,0,474.3,0,1
2026-09-26T07:00:00Z,458.7,0,458.7,0,1
2026-09-26T08:00:00Z,461.7,1,461.7,0,1
2026-09-26T09:00:00Z,-9999.9,9,461.7,1,1
2026-09-26T10:00:00Z,494.8,0,494.8,0,1
2026-09-26T11:00:00Z,491.1,0,491.1,0,1
2026-09-26T12:00:00Z,502.9,0,502.9,0,1
2026-09-26T13:00:00Z,479.7,0,479.7,0,1
2026-09-26T14:00:00Z,477.2,0,477.2,0,1
2026-09-26T15:00:00Z,-9999.9,9,477.2,1,1
2026-09-26T16:00:00Z,-9999.9,9,477.2,1,1
2026-09-26T17:00:00Z,467.9,0,467.9,0,1
2026-09-26T18:00:00Z,468.9,0,468.9,0,1
2026-09-26T19:00:00Z,468.6,0,468.6,0,1
2026-09-26T20:00:00Z,473.4,1,473.4,0,1
2026-09-26T21:00:00Z,473.7,0,473.7,0,1
2026-09-26T22:00:00Z,459.7,0,459.7,0,1
2026-09-26T23:00:00Z,462.0,1,462.0,0,1
2026-09-27T00:00:00Z,459.8,0,459.8,0,1
2026-09-27T01:00:00Z,451.4,1,451.4,0,1
2026-09-27T02:00:00Z,451.5,1,451.5,0,1
2026-09-27T03:00:00Z,-9999.9,9,451.5,1,1
2026-09-27T04:00:00Z,454.3,0,454.3,0,1
2026-09-27T05:00:00Z,452.9,1,452.9,0,1
2026-09-27T06:00:00Z,454.2,0,454.2,0,1
2026-09-27T07:00:00Z,454.6,0,454.6,0,1
2026-09-27T08:00:00Z,-9999.9,9,454.6,1,1
2026-09-27T09:00:00Z,449.5,0,449.5,0,1
2026-09-27T10:00:00Z,440.1,0,440.1,0,1
2026-09-27T11:00:00Z,423.3,0,423.3,0,1
2026-09-27T12:00:00Z,412.8,0,412.8,0,1
2026-09-27T13:00:00Z,410.0,0,410.0,0,1
2026-09-27T14:00:00Z,418.7,0,418.7,0,1
2026-09-27T15:00:00Z,-9999.9,9,418.7,1,1
2026-09-27T16:00:00Z,409.7,0,409.7,0,1
2026-09-27T17:00:00Z,418.1,0,418.1,0,1
2026-09-27T18:00:00Z,403.2,0,403.2,0,1
2026-09-27T19:00:00Z,-9999.9,9,403.2,1,1
2026-09-27T20:00:00Z,-9999.9,9,403.2,1,1
2026-09-27T21:00:00Z,381.9,0,381.9,0,1
2026-09-27T22:00:00Z,382.2,0,382.2,0,1
2026-09-27T23:00:00Z,372.7,0,372.7,0,1
2026-09-28T00:00:00Z,364.6,0,364.6,0,1
2026-09-28T01:00:00Z,360.4,0,360.4,0,1
2026-09-28T02:00:00Z,-9999.9,9,360.4,1,1
2026-09-28T03:00:00Z,366.9,0,366.9,0,1
2026-09-28T04:00:00Z,364.9,0,364.9,0,1
2026-09-28T05:00:00Z,360.3,0,360.3,0,1
2026-09-28T06:00:00Z,359.7,0,359.7,0,1
2026-09-28T07:00:00Z,356.2,0,356.2,0,1
2026-09-28T08:00:00Z,357.4,1,357.4,0,1
2026-09-28T09:00:00Z,356.5,0,356.5,0,1
2026-09-28T10:00:00Z,346.2,0,346.2,0,1
2026-09-28T11:00:00Z,348.7,0,348.7,0,1
2026-09-28T12:00:00Z,340.3,0,340.3,0,1
2026-09-28T13:00:00Z,-9999.9,3,340.3,1,1
2026-09-28T14:00:00Z,332.0,0,332.0,0,1
2026-09-28T15:00:00Z,-9999.9,9,332.0,1,1
2026-09-28T16:00:00Z,341.9,0,341.9,0,1
2026-09-28T17:00:00Z,335.0,0,335.0,0,1
2026-09-28T18:00:00Z,346.4,0,346.4,0,1
2026-09-28T19:00:00Z,342.6,0,342.6,0,1
2026-09-28T20:00:00Z,334.0,0,334.0,0,1
2026-09-28T21:00:00Z,335.4,1,335.4,0,1
2026-09-28T22:00:00Z,337.9,0,337.9,0,1
2026-09-28T23:00:00Z,336.7,0,336.7,0,1
2026-09-29T00:00:00Z,336.6,0,336.6,0,1
2026-09-29T01:00:00Z,333.6,0,333.6,0,1
2026-09-29T02:00:00Z,326.1,0,326.1,0,1
2026-09-29T03:00:00Z,319.6,0,319.6,0,1
2026-09-29T04:00:00Z,322.2,1,322.2,0,1
2026-09-29T05:00:00Z,319.0,0,319.0,0,1
2026-09-29T06:00:00Z,316.0,0,316.0,0,1
2026-09-29T07:00:00Z,312.2,0,312.2,0,1
2026-09-29T08:00:00Z,312.6,0,312.6,0,1
2026-09-29T09:00:00Z,312.9,0,312.9,0,1
2026-09-29T10:00:00Z,306.4,0,306.4,0,1
2026-09-29T11:00:00Z,305.9,0,305.9,0,1
2026-09-29T12:00:00Z,302.4,0,302.4,0,1
2026-09-29T13:00:00Z,-9999.9,9,302.4,1,1
2026-09-29T14:00:00Z,-9999.9,9,302.4,1,1
2026-09-29T15:00:00Z,-9999.9,9,302.4,1,1
2026-09-29T16:00:00Z,294.2,0,294.2,0,1
2026-09-29T17:00:00Z,292.6,0,292.6,0,1
2026-09-29T18:00:00Z,289.9,0,289.9,0,1
2026-09-29T19:00:00Z,290.9,0,290.9,0,1
2026-09-29T20:00:00Z,290.7,0,290.7,0,1
2026-09-29T21:00:00Z,287.9,0,287.9,0,1
2026-09-29T22:00:00Z,288.2,0,288.2,0,1
2026-09-29T23:00:00Z,286.7,0,286.7,0,1
2026-09-30T00:00:00Z,286.5,0,286.5,0,1
2026-09-30T01:00:00Z,287.6,0,287.6,0,1
2026-09-30T02:00:00Z,289.4,0,289.4,0,1
2026-09-30T03:00:00Z,295.7,0,295.7,0,1
2026-09-30T04:00:00Z,304.3,0,304.3,0,1
2026-09-30T05:00:00Z,305.9,0,305.9,0,1
2026-09-30T06:00:00Z,296.8,0,296.8,0,1
2026-09-30T07:00:00Z,297.8,0,297.8,0,1
2026-09-30T08:00:00Z,292.0,0,292.0,0,1
